job_id,job_title,field,location,job_type,company_type,skills,description,tags
7558,Junior Data Scientist (student part-time),data,Remote,student part-time,nonprofit,"['A/B Testing', 'SQL', 'Machine Learning', 'Data Visualization', 'ETL', 'Pandas', 'Excel']","Junior Data Scientist (student part-time) role in the data domain (student part-time) at a nonprofit organization. Location: Remote. You will help run operations, document workflows, and drive continuous improvement initiatives. You should be reliable, collaborative, and able to manage multiple tasks in parallel. Key skills include: SQL, ETL, Excel, Machine Learning, Data Visualization, A/B Testing. This role offers hands-on experience in a dynamic environment and exposure to real business challenges. Tags: career, student, junior, entry-level. You will help maintain documentation, track metrics, and support regular check-ins with the team.","['student', 'junior', 'career', 'entry-level']"
731,Data Analyst (internship),data,On-site - Jerusalem,internship,SMB,"['A/B Testing', 'NumPy', 'ETL', 'Statistics', 'Python', 'Machine Learning', 'SQL']","Data Analyst (internship) role in the data domain (internship) at a SMB organization. Location: On-site - Jerusalem. You will work closely with cross-functional teams, analyze needs, and translate them into actionable steps. The ideal candidate is organized, curious, and comfortable learning new tools quickly. Key skills include: SQL, Statistics, Machine Learning, Python, A/B Testing, ETL. You will work in a fast-paced setting with room to take initiative and make an impact. Tags: junior, student, career, entry-level. You will help maintain documentation, track metrics, and support regular check-ins with the team.","['student', 'junior', 'career', 'entry-level']"
1802,Backend Developer (junior full-time),tech,On-site - Tel Aviv,junior full-time,corporate,"['SQL', 'APIs', 'JavaScript', 'React', 'Linux', 'Cloud', 'Python']","Backend Developer (junior full-time) role in the tech domain (junior full-time) at a corporate organization. Location: On-site - Tel Aviv. You will support day-to-day execution, coordinate stakeholders, and contribute to process improvements. We are looking for a proactive, detail-oriented candidate with strong communication skills. Key skills include: Python, SQL, Cloud, JavaScript, Linux, React. This role offers hands-on experience in a dynamic environment and exposure to real business challenges. Tags: entry-level, student, career, junior. You will help maintain documentation, track metrics, and support regular check-ins with the team.","['student', 'junior', 'career', 'entry-level']"
4722,QA Engineer (student part-time),tech,On-site - Tel Aviv,student part-time,agency,"['SQL', 'Linux', 'JavaScript', 'React', 'APIs', 'Git', 'Cloud']","QA Engineer (student part-time) role in the tech domain (student part-time) at a agency organization. Location: On-site - Tel Aviv. You will help run operations, document workflows, and drive continuous improvement initiatives. The ideal candidate is organized, curious, and comfortable learning new tools quickly. Key skills include: Linux, Cloud, Git, JavaScript, React, SQL. You will gain practical experience and build a strong foundation for your career. Tags: career, student, entry-level, junior. You will help maintain documentation, track metrics, and support regular check-ins with the team.","['student', 'junior', 'career', 'entry-level']"
8503,Backend Developer (internship),tech,Hybrid - Herzliya,internship,SMB,"['Python', 'Testing', 'SQL', 'Cloud', 'Linux', 'Git', 'JavaScript']","Backend Developer (internship) role in the tech domain (internship) at a SMB organization. Location: Hybrid - Herzliya. You will work closely with cross-functional teams, analyze needs, and translate them into actionable steps. You should be reliable, collaborative, and able to manage multiple tasks in parallel. Key skills include: Git, JavaScript, SQL, Linux, Python, Testing. You will gain practical experience and build a strong foundation for your career. Tags: entry-level, student, career, junior. You will help maintain documentation, track metrics, and support regular check-ins with the team.","['student', 'junior', 'career', 'entry-level']"
2752,Junior Data Scientist (junior full-time),data,Remote,junior full-time,nonprofit,"['NumPy', 'Pandas', 'Machine Learning', 'SQL', 'Statistics', 'Excel', 'Data Visualization']","Junior Data Scientist (junior full-time) role in the data domain (junior full-time) at a nonprofit organization. Location: Remote. You will take ownership of tasks, communicate progress clearly, and help deliver high-quality outcomes on time. We are looking for a proactive, detail-oriented candidate with strong communication skills. Key skills include: NumPy, Excel, Data Visualization, Statistics, Machine Learning, SQL. You will join a supportive team with opportunities to learn and grow. Tags: career, student, junior, entry-level. You will help maintain documentation, track metrics, and support regular check-ins with the team.","['student', 'junior', 'career', 'entry-level']"
6751,QA Engineer (contract),tech,Remote (EU time),contract,agency,"['APIs', 'Git', 'SQL', 'Testing', 'JavaScript', 'React', 'Cloud']","QA Engineer (contract) role in the tech domain (contract) at a agency organization. Location: Remote (EU time). You will take ownership of tasks, communicate progress clearly, and help deliver high-quality outcomes on time. You should be reliable, collaborative, and able to manage multiple tasks in parallel. Key skills include: APIs, Testing, JavaScript, React, SQL, Cloud. This role offers hands-on experience in a dynamic environment and exposure to real business challenges. Tags: career, junior, entry-level, student. You will help maintain documentation, track metrics, and support regular check-ins with the team.","['student', 'junior', 'career', 'entry-level']"
483,Data Analyst (student part-time),data,Remote (EU time),student part-time,corporate,"['SQL', 'Statistics', 'Data Visualization', 'Pandas', 'Machine Learning', 'A/B Testing', 'Python']","Data Analyst (student part-time) role in the data domain (student part-time) at a corporate organization. Location: Remote (EU time). You will support day-to-day execution, coordinate stakeholders, and contribute to process improvements. The ideal candidate is organized, curious, and comfortable learning new tools quickly. Key skills include: Pandas, A/B Testing, SQL, Statistics, Python, Data Visualization. This role offers hands-on experience in a dynamic environment and exposure to real business challenges. Tags: career, entry-level, student, junior. You will help maintain documentation, track metrics, and support regular check-ins with the team.","['student', 'junior', 'career', 'entry-level']"
2561,QA Engineer (junior full-time),tech,On-site - Jerusalem,junior full-time,nonprofit,"['React', 'Testing', 'Linux', 'JavaScript', 'Cloud', 'APIs', 'SQL']","QA Engineer (junior full-time) role in the tech domain (junior full-time) at a nonprofit organization. Location: On-site - Jerusalem. You will assist with planning and reporting, and ensure smooth collaboration across teams. We value problem-solving, ownership, and the ability to work independently when needed. Key skills include: Testing, APIs, JavaScript, Linux, SQL, Cloud. You will gain practical experience and build a strong foundation for your career. Tags: career, student, entry-level, junior. You will help maintain documentation, track metrics, and support regular check-ins with the team.","['student', 'junior', 'career', 'entry-level']"
2332,Data Analyst (internship),data,Remote,internship,agency,"['NumPy', 'Statistics', 'Python', 'Data Visualization', 'ETL', 'SQL', 'A/B Testing']","Data Analyst (internship) role in the data domain (internship) at a agency organization. Location: Remote. You will assist with planning and reporting, and ensure smooth collaboration across teams. We are looking for a proactive, detail-oriented candidate with strong communication skills. Key skills include: Statistics, Data Visualization, Python, ETL, A/B Testing, SQL. This role offers hands-on experience in a dynamic environment and exposure to real business challenges. Tags: entry-level, junior, career, student. You will help maintain documentation, track metrics, and support regular check-ins with the team.","['student', 'junior', 'career', 'entry-level']"
6634,Data Analyst (contract),data,On-site - Tel Aviv,contract,nonprofit,"['Machine Learning', 'NumPy', 'Statistics', 'ETL', 'A/B Testing', 'Pandas', 'Data Visualization']","Data Analyst (contract) role in the data domain (contract) at a nonprofit organization. Location: On-site - Tel Aviv. You will work closely with cross-functional teams, analyze needs, and translate them into actionable steps. You should be reliable, collaborative, and able to manage multiple tasks in parallel. Key skills include: ETL, A/B Testing, Pandas, Data Visualization, Statistics, NumPy. You will join a supportive team with opportunities to learn and grow. Tags: entry-level, student, career, junior. You will help maintain documentation, track metrics, and support regular check-ins with the team.","['student', 'junior', 'career', 'entry-level']"
4549,Backend Developer (internship),tech,Hybrid - Herzliya,internship,agency,"['Linux', 'Testing', 'Cloud', 'Git', 'APIs', 'React', 'SQL']","Backend Developer (internship) role in the tech domain (internship) at a agency organization. Location: Hybrid - Herzliya. You will take ownership of tasks, communicate progress clearly, and help deliver high-quality outcomes on time. We value problem-solving, ownership, and the ability to work independently when needed. Key skills include: React, Cloud, Linux, SQL, APIs, Git. You will gain practical experience and build a strong foundation for your career. Tags: entry-level, junior, career, student. You will help maintain documentation, track metrics, and support regular check-ins with the team.","['student', 'junior', 'career', 'entry-level']"
6644,Backend Developer (internship),tech,Hybrid - Tel Aviv,internship,nonprofit,"['APIs', 'SQL', 'Testing', 'Docker', 'Python', 'Linux', 'Git']","Backend Developer (internship) role in the tech domain (internship) at a nonprofit organization. Location: Hybrid - Tel Aviv. You will work closely with cross-functional teams, analyze needs, and translate them into actionable steps. The ideal candidate is organized, curious, and comfortable learning new tools quickly. Key skills include: SQL, Linux, Testing, Git, APIs, Docker. This role offers hands-on experience in a dynamic environment and exposure to real business challenges. Tags: career, junior, student, entry-level. You will help maintain documentation, track metrics, and support regular check-ins with the team.","['student', 'junior', 'career', 'entry-level']"
759,Data Analyst (internship),data,Remote (EU time),internship,SMB,"['NumPy', 'Pandas', 'Statistics', 'A/B Testing', 'Excel', 'Machine Learning', 'ETL']","Data Analyst (internship) role in the data domain (internship) at a SMB organization. Location: Remote (EU time). You will assist with planning and reporting, and ensure smooth collaboration across teams. We value problem-solving, ownership, and the ability to work independently when needed. Key skills include: A/B Testing, Machine Learning, NumPy, Excel, Pandas, Statistics. You will join a supportive team with opportunities to learn and grow. Tags: career, student, entry-level, junior. You will help maintain documentation, track metrics, and support regular check-ins with the team.","['student', 'junior', 'career', 'entry-level']"
224,Frontend Developer (junior full-time),tech,Remote,junior full-time,SMB,"['Cloud', 'Python', 'React', 'Docker', 'Linux', 'Testing', 'JavaScript']","Frontend Developer (junior full-time) role in the tech domain (junior full-time) at a SMB organization. Location: Remote. You will take ownership of tasks, communicate progress clearly, and help deliver high-quality outcomes on time. You should be reliable, collaborative, and able to manage multiple tasks in parallel. Key skills include: JavaScript, Cloud, Linux, React, Docker, Python. You will join a supportive team with opportunities to learn and grow. Tags: student, junior, career, entry-level. You will help maintain documentation, track metrics, and support regular check-ins with the team.","['student', 'junior', 'career', 'entry-level']"
4916,Frontend Developer (contract),tech,Remote (EU time),contract,nonprofit,"['Python', 'JavaScript', 'Testing', 'SQL', 'Git', 'Linux', 'Cloud']","Frontend Developer (contract) role in the tech domain (contract) at a nonprofit organization. Location: Remote (EU time). You will take ownership of tasks, communicate progress clearly, and help deliver high-quality outcomes on time. We value problem-solving, ownership, and the ability to work independently when needed. Key skills include: Git, Linux, JavaScript, SQL, Cloud, Python. You will work in a fast-paced setting with room to take initiative and make an impact. Tags: entry-level, career, junior, student. You will help maintain documentation, track metrics, and support regular check-ins with the team.","['student', 'junior', 'career', 'entry-level']"
1044,Software Engineer (junior full-time),tech,Remote (EU time),junior full-time,startup,"['Testing', 'APIs', 'Python', 'Git', 'React', 'Cloud', 'JavaScript']","Software Engineer (junior full-time) role in the tech domain (junior full-time) at a startup organization. Location: Remote (EU time). You will support day-to-day execution, coordinate stakeholders, and contribute to process improvements. The ideal candidate is organized, curious, and comfortable learning new tools quickly. Key skills include: Cloud, Git, JavaScript, React, Testing, APIs. You will gain practical experience and build a strong foundation for your career. Tags: career, student, entry-level, junior. You will help maintain documentation, track metrics, and support regular check-ins with the team.","['student', 'junior', 'career', 'entry-level']"
1688,BI Analyst (student part-time),data,Hybrid - Herzliya,student part-time,nonprofit,"['A/B Testing', 'Statistics', 'Pandas', 'Python', 'ETL', 'NumPy', 'Excel']","BI Analyst (student part-time) role in the data domain (student part-time) at a nonprofit organization. Location: Hybrid - Herzliya. You will help run operations, document workflows, and drive continuous improvement initiatives. The ideal candidate is organized, curious, and comfortable learning new tools quickly. Key skills include: Pandas, Excel, ETL, A/B Testing, Statistics, Python. This role offers hands-on experience in a dynamic environment and exposure to real business challenges. Tags: career, entry-level, junior, student. You will help maintain documentation, track metrics, and support regular check-ins with the team.","['student', 'junior', 'career', 'entry-level']"
987,Data Analyst (contract),data,Hybrid - Herzliya,contract,SMB,"['Data Visualization', 'SQL', 'Python', 'Machine Learning', 'A/B Testing', 'ETL', 'Excel']","Data Analyst (contract) role in the data domain (contract) at a SMB organization. Location: Hybrid - Herzliya. You will support day-to-day execution, coordinate stakeholders, and contribute to process improvements. You should be reliable, collaborative, and able to manage multiple tasks in parallel. Key skills include: Data Visualization, A/B Testing, Python, ETL, SQL, Excel. You will work in a fast-paced setting with room to take initiative and make an impact. Tags: career, entry-level, student, junior. You will help maintain documentation, track metrics, and support regular check-ins with the team.","['student', 'junior', 'career', 'entry-level']"
3726,QA Engineer (junior full-time),tech,On-site - Jerusalem,junior full-time,corporate,"['Linux', 'Git', 'JavaScript', 'Docker', 'Cloud', 'SQL', 'Python']","QA Engineer (junior full-time) role in the tech domain (junior full-time) at a corporate organization. Location: On-site - Jerusalem. You will support day-to-day execution, coordinate stakeholders, and contribute to process improvements. You should be reliable, collaborative, and able to manage multiple tasks in parallel. Key skills include: Git, Docker, Cloud, Python, Linux, SQL. You will gain practical experience and build a strong foundation for your career. Tags: student, junior, entry-level, career. You will help maintain documentation, track metrics, and support regular check-ins with the team.","['student', 'junior', 'career', 'entry-level']"
1098,QA Engineer (internship),tech,Hybrid - Tel Aviv,internship,corporate,"['SQL', 'Linux', 'JavaScript', 'Python', 'Cloud', 'APIs', 'Testing']","QA Engineer (internship) role in the tech domain (internship) at a corporate organization. Location: Hybrid - Tel Aviv. You will work closely with cross-functional teams, analyze needs, and translate them into actionable steps. We are looking for a proactive, detail-oriented candidate with strong communication skills. Key skills include: Cloud, SQL, APIs, Testing, JavaScript, Python. You will gain practical experience and build a strong foundation for your career. Tags: career, junior, student, entry-level. You will help maintain documentation, track metrics, and support regular check-ins with the team.","['student', 'junior', 'career', 'entry-level']"
10,BI Analyst (contract),data,On-site - Tel Aviv,contract,nonprofit,"['NumPy', 'Pandas', 'ETL', 'Python', 'Data Visualization', 'Machine Learning', 'SQL']","BI Analyst (contract) role in the data domain (contract) at a nonprofit organization. Location: On-site - Tel Aviv. You will help run operations, document workflows, and drive continuous improvement initiatives. We value problem-solving, ownership, and the ability to work independently when needed. Key skills include: Python, Data Visualization, ETL, Pandas, Machine Learning, NumPy. You will gain practical experience and build a strong foundation for your career. Tags: junior, student, career, entry-level. You will help maintain documentation, track metrics, and support regular check-ins with the team.","['student', 'junior', 'career', 'entry-level']"
4785,BI Analyst (internship),data,On-site - Tel Aviv,internship,corporate,"['NumPy', 'SQL', 'Data Visualization', 'Pandas', 'A/B Testing', 'Machine Learning', 'ETL']","BI Analyst (internship) role in the data domain (internship) at a corporate organization. Location: On-site - Tel Aviv. You will take ownership of tasks, communicate progress clearly, and help deliver high-quality outcomes on time. We are looking for a proactive, detail-oriented candidate with strong communication skills. Key skills include: ETL, NumPy, Data Visualization, Machine Learning, Pandas, A/B Testing. You will gain practical experience and build a strong foundation for your career. Tags: entry-level, junior, career, student. You will help maintain documentation, track metrics, and support regular check-ins with the team.","['student', 'junior', 'career', 'entry-level']"
6687,QA Engineer (internship),tech,Remote,internship,nonprofit,"['Testing', 'JavaScript', 'SQL', 'Linux', 'Git', 'Cloud', 'Docker']","QA Engineer (internship) role in the tech domain (internship) at a nonprofit organization. Location: Remote. You will help run operations, document workflows, and drive continuous improvement initiatives. We are looking for a proactive, detail-oriented candidate with strong communication skills. Key skills include: JavaScript, Linux, Cloud, Testing, Git, Docker. You will work in a fast-paced setting with room to take initiative and make an impact. Tags: entry-level, career, student, junior. You will help maintain documentation, track metrics, and support regular check-ins with the team.","['student', 'junior', 'career', 'entry-level']"
8423,Backend Developer (junior full-time),tech,Hybrid - Herzliya,junior full-time,agency,"['Git', 'Python', 'React', 'APIs', 'Cloud', 'Linux', 'Docker']","Backend Developer (junior full-time) role in the tech domain (junior full-time) at a agency organization. Location: Hybrid - Herzliya. You will assist with planning and reporting, and ensure smooth collaboration across teams. We value problem-solving, ownership, and the ability to work independently when needed. Key skills include: Linux, Python, APIs, Cloud, React, Docker. You will work in a fast-paced setting with room to take initiative and make an impact. Tags: junior, student, career, entry-level. You will help maintain documentation, track metrics, and support regular check-ins with the team.","['student', 'junior', 'career', 'entry-level']"
6882,Frontend Developer (student part-time),tech,Hybrid - Tel Aviv,student part-time,agency,"['Cloud', 'APIs', 'React', 'Git', 'Linux', 'Python', 'JavaScript']","Frontend Developer (student part-time) role in the tech domain (student part-time) at a agency organization. Location: Hybrid - Tel Aviv. You will help run operations, document workflows, and drive continuous improvement initiatives. We are looking for a proactive, detail-oriented candidate with strong communication skills. Key skills include: Cloud, JavaScript, Python, React, Linux, Git. You will join a supportive team with opportunities to learn and grow. Tags: student, career, junior, entry-level. You will help maintain documentation, track metrics, and support regular check-ins with the team.","['student', 'junior', 'career', 'entry-level']"
8378,BI Analyst (internship),data,Remote (EU time),internship,startup,"['SQL', 'Statistics', 'ETL', 'Data Visualization', 'Excel', 'A/B Testing', 'Python']","BI Analyst (internship) role in the data domain (internship) at a startup organization. Location: Remote (EU time). You will work closely with cross-functional teams, analyze needs, and translate them into actionable steps. We are looking for a proactive, detail-oriented candidate with strong communication skills. Key skills include: Python, Data Visualization, Statistics, ETL, Excel, SQL. This role offers hands-on experience in a dynamic environment and exposure to real business challenges. Tags: junior, student, entry-level, career. You will help maintain documentation, track metrics, and support regular check-ins with the team.","['student', 'junior', 'career', 'entry-level']"
1896,Software Engineer (student part-time),tech,Hybrid - Herzliya,student part-time,corporate,"['Testing', 'APIs', 'SQL', 'Git', 'Linux', 'JavaScript', 'Python']","Software Engineer (student part-time) role in the tech domain (student part-time) at a corporate organization. Location: Hybrid - Herzliya. You will take ownership of tasks, communicate progress clearly, and help deliver high-quality outcomes on time. The ideal candidate is organized, curious, and comfortable learning new tools quickly. Key skills include: Testing, Linux, APIs, Git, SQL, JavaScript. You will gain practical experience and build a strong foundation for your career. Tags: student, junior, career, entry-level. You will help maintain documentation, track metrics, and support regular check-ins with the team.","['student', 'junior', 'career', 'entry-level']"
8317,QA Engineer (internship),tech,On-site - Tel Aviv,internship,agency,"['JavaScript', 'Cloud', 'APIs', 'Docker', 'Git', 'SQL', 'Testing']","QA Engineer (internship) role in the tech domain (internship) at a agency organization. Location: On-site - Tel Aviv. You will support day-to-day execution, coordinate stakeholders, and contribute to process improvements. The ideal candidate is organized, curious, and comfortable learning new tools quickly. Key skills include: Testing, Git, Docker, JavaScript, Cloud, APIs. This role offers hands-on experience in a dynamic environment and exposure to real business challenges. Tags: junior, student, entry-level, career. You will help maintain documentation, track metrics, and support regular check-ins with the team.","['student', 'junior', 'career', 'entry-level']"
5430,Software Engineer (student part-time),tech,Remote,student part-time,startup,"['Git', 'Linux', 'JavaScript', 'Testing', 'SQL', 'Docker', 'APIs']","Software Engineer (student part-time) role in the tech domain (student part-time) at a startup organization. Location: Remote. You will support day-to-day execution, coordinate stakeholders, and contribute to process improvements. You should be reliable, collaborative, and able to manage multiple tasks in parallel. Key skills include: Docker, SQL, Git, APIs, Linux, JavaScript. You will work in a fast-paced setting with room to take initiative and make an impact. Tags: entry-level, junior, student, career. You will help maintain documentation, track metrics, and support regular check-ins with the team.","['student', 'junior', 'career', 'entry-level']"
6427,QA Engineer (junior full-time),tech,Hybrid - Tel Aviv,junior full-time,corporate,"['Testing', 'APIs', 'Git', 'SQL', 'Python', 'JavaScript', 'Cloud']","QA Engineer (junior full-time) role in the tech domain (junior full-time) at a corporate organization. Location: Hybrid - Tel Aviv. You will work closely with cross-functional teams, analyze needs, and translate them into actionable steps. The ideal candidate is organized, curious, and comfortable learning new tools quickly. Key skills include: SQL, Testing, JavaScript, Cloud, Python, APIs. You will join a supportive team with opportunities to learn and grow. Tags: student, junior, entry-level, career. You will help maintain documentation, track metrics, and support regular check-ins with the team.","['student', 'junior', 'career', 'entry-level']"
329,Data Analyst (junior full-time),data,On-site - Jerusalem,junior full-time,nonprofit,"['Pandas', 'Statistics', 'SQL', 'Excel', 'Python', 'NumPy', 'Machine Learning']","Data Analyst (junior full-time) role in the data domain (junior full-time) at a nonprofit organization. Location: On-site - Jerusalem. You will support day-to-day execution, coordinate stakeholders, and contribute to process improvements. We are looking for a proactive, detail-oriented candidate with strong communication skills. Key skills include: Statistics, Excel, SQL, Pandas, NumPy, Python. You will gain practical experience and build a strong foundation for your career. Tags: junior, entry-level, career, student. You will help maintain documentation, track metrics, and support regular check-ins with the team.","['student', 'junior', 'career', 'entry-level']"
9573,BI Analyst (internship),data,Hybrid - Herzliya,internship,SMB,"['Excel', 'ETL', 'Machine Learning', 'Data Visualization', 'A/B Testing', 'Python', 'SQL']","BI Analyst (internship) role in the data domain (internship) at a SMB organization. Location: Hybrid - Herzliya. You will help run operations, document workflows, and drive continuous improvement initiatives. We value problem-solving, ownership, and the ability to work independently when needed. Key skills include: SQL, Data Visualization, Machine Learning, ETL, Excel, A/B Testing. This role offers hands-on experience in a dynamic environment and exposure to real business challenges. Tags: junior, student, entry-level, career. You will help maintain documentation, track metrics, and support regular check-ins with the team.","['student', 'junior', 'career', 'entry-level']"
2026,BI Analyst (junior full-time),data,Remote (EU time),junior full-time,corporate,"['Machine Learning', 'Statistics', 'Pandas', 'Python', 'NumPy', 'ETL', 'A/B Testing']","BI Analyst (junior full-time) role in the data domain (junior full-time) at a corporate organization. Location: Remote (EU time). You will help run operations, document workflows, and drive continuous improvement initiatives. We value problem-solving, ownership, and the ability to work independently when needed. Key skills include: Machine Learning, Pandas, NumPy, Python, A/B Testing, ETL. You will gain practical experience and build a strong foundation for your career. Tags: entry-level, career, student, junior. You will help maintain documentation, track metrics, and support regular check-ins with the team.","['student', 'junior', 'career', 'entry-level']"
2563,QA Engineer (internship),tech,On-site - Tel Aviv,internship,startup,"['Git', 'Linux', 'JavaScript', 'Python', 'Docker', 'Testing', 'React']","QA Engineer (internship) role in the tech domain (internship) at a startup organization. Location: On-site - Tel Aviv. You will assist with planning and reporting, and ensure smooth collaboration across teams. We value problem-solving, ownership, and the ability to work independently when needed. Key skills include: Testing, JavaScript, Docker, React, Git, Python. You will work in a fast-paced setting with room to take initiative and make an impact. Tags: junior, student, career, entry-level. You will help maintain documentation, track metrics, and support regular check-ins with the team.","['student', 'junior', 'career', 'entry-level']"
7336,Software Engineer (student part-time),tech,On-site - Tel Aviv,student part-time,SMB,"['APIs', 'Docker', 'Linux', 'Python', 'JavaScript', 'Testing', 'SQL']","Software Engineer (student part-time) role in the tech domain (student part-time) at a SMB organization. Location: On-site - Tel Aviv. You will take ownership of tasks, communicate progress clearly, and help deliver high-quality outcomes on time. We value problem-solving, ownership, and the ability to work independently when needed. Key skills include: Linux, Python, SQL, JavaScript, APIs, Testing. You will work in a fast-paced setting with room to take initiative and make an impact. Tags: student, junior, entry-level, career. You will help maintain documentation, track metrics, and support regular check-ins with the team.","['student', 'junior', 'career', 'entry-level']"
5573,QA Engineer (student part-time),tech,Hybrid - Herzliya,student part-time,SMB,"['Linux', 'Python', 'Cloud', 'Docker', 'APIs', 'Git', 'SQL']","QA Engineer (student part-time) role in the tech domain (student part-time) at a SMB organization. Location: Hybrid - Herzliya. You will take ownership of tasks, communicate progress clearly, and help deliver high-quality outcomes on time. You should be reliable, collaborative, and able to manage multiple tasks in parallel. Key skills include: Docker, Cloud, Python, Git, Linux, APIs. You will gain practical experience and build a strong foundation for your career. Tags: entry-level, junior, student, career. You will help maintain documentation, track metrics, and support regular check-ins with the team.","['student', 'junior', 'career', 'entry-level']"
2450,Backend Developer (internship),tech,On-site - Jerusalem,internship,corporate,"['React', 'Docker', 'JavaScript', 'Cloud', 'Git', 'Testing', 'SQL']","Backend Developer (internship) role in the tech domain (internship) at a corporate organization. Location: On-site - Jerusalem. You will assist with planning and reporting, and ensure smooth collaboration across teams. The ideal candidate is organized, curious, and comfortable learning new tools quickly. Key skills include: Cloud, Docker, Testing, React, Git, JavaScript. You will gain practical experience and build a strong foundation for your career. Tags: student, entry-level, career, junior. You will help maintain documentation, track metrics, and support regular check-ins with the team.","['student', 'junior', 'career', 'entry-level']"
8791,QA Engineer (contract),tech,Hybrid - Herzliya,contract,nonprofit,"['JavaScript', 'Git', 'Testing', 'React', 'Docker', 'SQL', 'APIs']","QA Engineer (contract) role in the tech domain (contract) at a nonprofit organization. Location: Hybrid - Herzliya. You will assist with planning and reporting, and ensure smooth collaboration across teams. You should be reliable, collaborative, and able to manage multiple tasks in parallel. Key skills include: Docker, APIs, Git, React, Testing, JavaScript. You will work in a fast-paced setting with room to take initiative and make an impact. Tags: career, junior, student, entry-level. You will help maintain documentation, track metrics, and support regular check-ins with the team.","['student', 'junior', 'career', 'entry-level']"
4629,BI Analyst (internship),data,Hybrid - Tel Aviv,internship,startup,"['Excel', 'Python', 'NumPy', 'Machine Learning', 'SQL', 'Pandas', 'Data Visualization']","BI Analyst (internship) role in the data domain (internship) at a startup organization. Location: Hybrid - Tel Aviv. You will help run operations, document workflows, and drive continuous improvement initiatives. We are looking for a proactive, detail-oriented candidate with strong communication skills. Key skills include: Pandas, NumPy, Machine Learning, Excel, SQL, Python. This role offers hands-on experience in a dynamic environment and exposure to real business challenges. Tags: student, entry-level, career, junior. You will help maintain documentation, track metrics, and support regular check-ins with the team.","['student', 'junior', 'career', 'entry-level']"
6975,Junior Data Scientist (internship),data,Remote,internship,nonprofit,"['ETL', 'Statistics', 'SQL', 'Excel', 'Machine Learning', 'Data Visualization', 'A/B Testing']","Junior Data Scientist (internship) role in the data domain (internship) at a nonprofit organization. Location: Remote. You will work closely with cross-functional teams, analyze needs, and translate them into actionable steps. You should be reliable, collaborative, and able to manage multiple tasks in parallel. Key skills include: ETL, Excel, A/B Testing, SQL, Machine Learning, Data Visualization. This role offers hands-on experience in a dynamic environment and exposure to real business challenges. Tags: student, junior, career, entry-level. You will help maintain documentation, track metrics, and support regular check-ins with the team.","['student', 'junior', 'career', 'entry-level']"
6100,Backend Developer (junior full-time),tech,Remote (EU time),junior full-time,agency,"['Linux', 'React', 'Testing', 'Cloud', 'Docker', 'JavaScript', 'APIs']","Backend Developer (junior full-time) role in the tech domain (junior full-time) at a agency organization. Location: Remote (EU time). You will work closely with cross-functional teams, analyze needs, and translate them into actionable steps. We value problem-solving, ownership, and the ability to work independently when needed. Key skills include: React, Testing, Linux, APIs, Cloud, Docker. You will join a supportive team with opportunities to learn and grow. Tags: career, junior, student, entry-level. You will help maintain documentation, track metrics, and support regular check-ins with the team.","['student', 'junior', 'career', 'entry-level']"
2539,Junior Data Scientist (junior full-time),data,Hybrid - Herzliya,junior full-time,nonprofit,"['SQL', 'NumPy', 'Statistics', 'Pandas', 'Excel', 'Python', 'Data Visualization']","Junior Data Scientist (junior full-time) role in the data domain (junior full-time) at a nonprofit organization. Location: Hybrid - Herzliya. You will help run operations, document workflows, and drive continuous improvement initiatives. We value problem-solving, ownership, and the ability to work independently when needed. Key skills include: Excel, Statistics, NumPy, Python, Pandas, SQL. You will join a supportive team with opportunities to learn and grow. Tags: junior, student, entry-level, career. You will help maintain documentation, track metrics, and support regular check-ins with the team.","['student', 'junior', 'career', 'entry-level']"
709,QA Engineer (internship),tech,On-site - Jerusalem,internship,corporate,"['JavaScript', 'SQL', 'APIs', 'Cloud', 'Linux', 'React', 'Testing']","QA Engineer (internship) role in the tech domain (internship) at a corporate organization. Location: On-site - Jerusalem. You will support day-to-day execution, coordinate stakeholders, and contribute to process improvements. We value problem-solving, ownership, and the ability to work independently when needed. Key skills include: Testing, SQL, Linux, Cloud, APIs, JavaScript. You will work in a fast-paced setting with room to take initiative and make an impact. Tags: junior, career, student, entry-level. You will help maintain documentation, track metrics, and support regular check-ins with the team.","['student', 'junior', 'career', 'entry-level']"
8451,Data Analyst (student part-time),data,Hybrid - Herzliya,student part-time,agency,"['SQL', 'Statistics', 'Python', 'A/B Testing', 'Excel', 'ETL', 'NumPy']","Data Analyst (student part-time) role in the data domain (student part-time) at a agency organization. Location: Hybrid - Herzliya. You will support day-to-day execution, coordinate stakeholders, and contribute to process improvements. We value problem-solving, ownership, and the ability to work independently when needed. Key skills include: Python, A/B Testing, NumPy, SQL, Statistics, Excel. You will gain practical experience and build a strong foundation for your career. Tags: student, junior, career, entry-level. You will help maintain documentation, track metrics, and support regular check-ins with the team.","['student', 'junior', 'career', 'entry-level']"
3006,QA Engineer (internship),tech,Remote,internship,SMB,"['Docker', 'React', 'Testing', 'SQL', 'JavaScript', 'APIs', 'Cloud']","QA Engineer (internship) role in the tech domain (internship) at a SMB organization. Location: Remote. You will assist with planning and reporting, and ensure smooth collaboration across teams. You should be reliable, collaborative, and able to manage multiple tasks in parallel. Key skills include: APIs, JavaScript, SQL, React, Cloud, Docker. You will gain practical experience and build a strong foundation for your career. Tags: entry-level, student, career, junior. You will help maintain documentation, track metrics, and support regular check-ins with the team.","['student', 'junior', 'career', 'entry-level']"
9068,QA Engineer (internship),tech,Hybrid - Tel Aviv,internship,corporate,"['Linux', 'APIs', 'Docker', 'Python', 'Git', 'Testing', 'React']","QA Engineer (internship) role in the tech domain (internship) at a corporate organization. Location: Hybrid - Tel Aviv. You will help run operations, document workflows, and drive continuous improvement initiatives. You should be reliable, collaborative, and able to manage multiple tasks in parallel. Key skills include: Testing, React, Docker, Python, APIs, Git. You will gain practical experience and build a strong foundation for your career. Tags: student, entry-level, career, junior. You will help maintain documentation, track metrics, and support regular check-ins with the team.","['student', 'junior', 'career', 'entry-level']"
9807,Backend Developer (contract),tech,On-site - Tel Aviv,contract,nonprofit,"['React', 'Testing', 'APIs', 'JavaScript', 'Python', 'Linux', 'Cloud']","Backend Developer (contract) role in the tech domain (contract) at a nonprofit organization. Location: On-site - Tel Aviv. You will help run operations, document workflows, and drive continuous improvement initiatives. We are looking for a proactive, detail-oriented candidate with strong communication skills. Key skills include: JavaScript, React, Linux, APIs, Testing, Cloud. This role offers hands-on experience in a dynamic environment and exposure to real business challenges. Tags: entry-level, career, junior, student. You will help maintain documentation, track metrics, and support regular check-ins with the team.","['student', 'junior', 'career', 'entry-level']"
6757,Backend Developer (internship),tech,On-site - Tel Aviv,internship,nonprofit,"['APIs', 'Cloud', 'Linux', 'Python', 'Git', 'React', 'Docker']","Backend Developer (internship) role in the tech domain (internship) at a nonprofit organization. Location: On-site - Tel Aviv. You will assist with planning and reporting, and ensure smooth collaboration across teams. You should be reliable, collaborative, and able to manage multiple tasks in parallel. Key skills include: APIs, Docker, Python, React, Git, Linux. You will gain practical experience and build a strong foundation for your career. Tags: junior, career, student, entry-level. You will help maintain documentation, track metrics, and support regular check-ins with the team.","['student', 'junior', 'career', 'entry-level']"
7374,Frontend Developer (junior full-time),tech,Remote (EU time),junior full-time,startup,"['Git', 'Docker', 'APIs', 'Linux', 'React', 'Python', 'Cloud']","Frontend Developer (junior full-time) role in the tech domain (junior full-time) at a startup organization. Location: Remote (EU time). You will assist with planning and reporting, and ensure smooth collaboration across teams. We value problem-solving, ownership, and the ability to work independently when needed. Key skills include: Cloud, Linux, Docker, Python, Git, React. You will join a supportive team with opportunities to learn and grow. Tags: entry-level, junior, student, career. You will help maintain documentation, track metrics, and support regular check-ins with the team.","['student', 'junior', 'career', 'entry-level']"
7212,BI Analyst (junior full-time),data,Hybrid - Tel Aviv,junior full-time,corporate,"['SQL', 'Machine Learning', 'A/B Testing', 'Data Visualization', 'NumPy', 'ETL', 'Pandas']","BI Analyst (junior full-time) role in the data domain (junior full-time) at a corporate organization. Location: Hybrid - Tel Aviv. You will take ownership of tasks, communicate progress clearly, and help deliver high-quality outcomes on time. We are looking for a proactive, detail-oriented candidate with strong communication skills. Key skills include: Pandas, Machine Learning, ETL, SQL, Data Visualization, NumPy. You will gain practical experience and build a strong foundation for your career. Tags: entry-level, career, junior, student. You will help maintain documentation, track metrics, and support regular check-ins with the team.","['student', 'junior', 'career', 'entry-level']"
8016,Junior Data Scientist (junior full-time),data,On-site - Tel Aviv,junior full-time,nonprofit,"['ETL', 'Python', 'Pandas', 'NumPy', 'Data Visualization', 'Statistics', 'Machine Learning']","Junior Data Scientist (junior full-time) role in the data domain (junior full-time) at a nonprofit organization. Location: On-site - Tel Aviv. You will help run operations, document workflows, and drive continuous improvement initiatives. You should be reliable, collaborative, and able to manage multiple tasks in parallel. Key skills include: Python, Statistics, Pandas, Data Visualization, Machine Learning, NumPy. You will gain practical experience and build a strong foundation for your career. Tags: entry-level, junior, career, student. You will help maintain documentation, track metrics, and support regular check-ins with the team.","['student', 'junior', 'career', 'entry-level']"
9224,QA Engineer (internship),tech,Remote,internship,startup,"['SQL', 'Linux', 'Git', 'JavaScript', 'Cloud', 'Testing', 'React']","QA Engineer (internship) role in the tech domain (internship) at a startup organization. Location: Remote. You will work closely with cross-functional teams, analyze needs, and translate them into actionable steps. The ideal candidate is organized, curious, and comfortable learning new tools quickly. Key skills include: Linux, JavaScript, Git, Testing, React, Cloud. You will gain practical experience and build a strong foundation for your career. Tags: career, student, entry-level, junior. You will help maintain documentation, track metrics, and support regular check-ins with the team.","['student', 'junior', 'career', 'entry-level']"
6208,Frontend Developer (contract),tech,Hybrid - Herzliya,contract,startup,"['Cloud', 'JavaScript', 'Docker', 'SQL', 'APIs', 'React', 'Linux']","Frontend Developer (contract) role in the tech domain (contract) at a startup organization. Location: Hybrid - Herzliya. You will help run operations, document workflows, and drive continuous improvement initiatives. You should be reliable, collaborative, and able to manage multiple tasks in parallel. Key skills include: Linux, Cloud, APIs, SQL, JavaScript, React. This role offers hands-on experience in a dynamic environment and exposure to real business challenges. Tags: career, entry-level, junior, student. You will help maintain documentation, track metrics, and support regular check-ins with the team.","['student', 'junior', 'career', 'entry-level']"
3772,Junior Data Scientist (junior full-time),data,On-site - Tel Aviv,junior full-time,agency,"['Pandas', 'SQL', 'ETL', 'Python', 'A/B Testing', 'Excel', 'Machine Learning']","Junior Data Scientist (junior full-time) role in the data domain (junior full-time) at a agency organization. Location: On-site - Tel Aviv. You will help run operations, document workflows, and drive continuous improvement initiatives. The ideal candidate is organized, curious, and comfortable learning new tools quickly. Key skills include: ETL, Machine Learning, Python, SQL, Excel, Pandas. You will gain practical experience and build a strong foundation for your career. Tags: student, junior, entry-level, career. You will help maintain documentation, track metrics, and support regular check-ins with the team.","['student', 'junior', 'career', 'entry-level']"
3899,QA Engineer (contract),tech,Remote (EU time),contract,agency,"['Cloud', 'APIs', 'Git', 'React', 'Testing', 'Python', 'Docker']","QA Engineer (contract) role in the tech domain (contract) at a agency organization. Location: Remote (EU time). You will help run operations, document workflows, and drive continuous improvement initiatives. You should be reliable, collaborative, and able to manage multiple tasks in parallel. Key skills include: Docker, Testing, APIs, Cloud, Git, Python. You will gain practical experience and build a strong foundation for your career. Tags: career, junior, student, entry-level. You will help maintain documentation, track metrics, and support regular check-ins with the team.","['student', 'junior', 'career', 'entry-level']"
7958,Data Analyst (student part-time),data,On-site - Jerusalem,student part-time,nonprofit,"['Data Visualization', 'Excel', 'Pandas', 'ETL', 'NumPy', 'Machine Learning', 'Python']","Data Analyst (student part-time) role in the data domain (student part-time) at a nonprofit organization. Location: On-site - Jerusalem. You will take ownership of tasks, communicate progress clearly, and help deliver high-quality outcomes on time. We are looking for a proactive, detail-oriented candidate with strong communication skills. Key skills include: Python, ETL, Pandas, Excel, Machine Learning, NumPy. You will work in a fast-paced setting with room to take initiative and make an impact. Tags: entry-level, career, student, junior. You will help maintain documentation, track metrics, and support regular check-ins with the team.","['student', 'junior', 'career', 'entry-level']"
7928,Junior Data Scientist (student part-time),data,Remote (EU time),student part-time,agency,"['Statistics', 'Pandas', 'ETL', 'SQL', 'NumPy', 'Excel', 'A/B Testing']","Junior Data Scientist (student part-time) role in the data domain (student part-time) at a agency organization. Location: Remote (EU time). You will work closely with cross-functional teams, analyze needs, and translate them into actionable steps. The ideal candidate is organized, curious, and comfortable learning new tools quickly. Key skills include: A/B Testing, Pandas, Statistics, ETL, SQL, NumPy. You will work in a fast-paced setting with room to take initiative and make an impact. Tags: junior, career, entry-level, student. You will help maintain documentation, track metrics, and support regular check-ins with the team.","['student', 'junior', 'career', 'entry-level']"
1296,Junior Data Scientist (contract),data,Hybrid - Tel Aviv,contract,SMB,"['NumPy', 'Pandas', 'Data Visualization', 'A/B Testing', 'Excel', 'SQL', 'Statistics']","Junior Data Scientist (contract) role in the data domain (contract) at a SMB organization. Location: Hybrid - Tel Aviv. You will assist with planning and reporting, and ensure smooth collaboration across teams. The ideal candidate is organized, curious, and comfortable learning new tools quickly. Key skills include: A/B Testing, Excel, SQL, Data Visualization, NumPy, Pandas. You will work in a fast-paced setting with room to take initiative and make an impact. Tags: student, entry-level, junior, career. You will help maintain documentation, track metrics, and support regular check-ins with the team.","['student', 'junior', 'career', 'entry-level']"
6906,QA Engineer (internship),tech,On-site - Tel Aviv,internship,corporate,"['Cloud', 'Testing', 'Linux', 'JavaScript', 'Git', 'React', 'Docker']","QA Engineer (internship) role in the tech domain (internship) at a corporate organization. Location: On-site - Tel Aviv. You will support day-to-day execution, coordinate stakeholders, and contribute to process improvements. The ideal candidate is organized, curious, and comfortable learning new tools quickly. Key skills include: JavaScript, Testing, Cloud, Git, Linux, React. You will join a supportive team with opportunities to learn and grow. Tags: career, entry-level, junior, student. You will help maintain documentation, track metrics, and support regular check-ins with the team.","['student', 'junior', 'career', 'entry-level']"
2194,Frontend Developer (student part-time),tech,On-site - Tel Aviv,student part-time,startup,"['Docker', 'Cloud', 'SQL', 'Linux', 'Python', 'React', 'APIs']","Frontend Developer (student part-time) role in the tech domain (student part-time) at a startup organization. Location: On-site - Tel Aviv. You will take ownership of tasks, communicate progress clearly, and help deliver high-quality outcomes on time. We value problem-solving, ownership, and the ability to work independently when needed. Key skills include: APIs, Docker, Python, React, Cloud, SQL. You will join a supportive team with opportunities to learn and grow. Tags: junior, student, career, entry-level. You will help maintain documentation, track metrics, and support regular check-ins with the team.","['student', 'junior', 'career', 'entry-level']"
4714,Backend Developer (student part-time),tech,Remote (EU time),student part-time,SMB,"['Python', 'Testing', 'Git', 'SQL', 'Docker', 'Linux', 'React']","Backend Developer (student part-time) role in the tech domain (student part-time) at a SMB organization. Location: Remote (EU time). You will work closely with cross-functional teams, analyze needs, and translate them into actionable steps. The ideal candidate is organized, curious, and comfortable learning new tools quickly. Key skills include: Testing, Docker, Python, React, Linux, SQL. This role offers hands-on experience in a dynamic environment and exposure to real business challenges. Tags: student, career, entry-level, junior. You will help maintain documentation, track metrics, and support regular check-ins with the team.","['student', 'junior', 'career', 'entry-level']"
1778,Frontend Developer (internship),tech,Remote (EU time),internship,SMB,"['React', 'Cloud', 'Linux', 'JavaScript', 'Python', 'APIs', 'Docker']","Frontend Developer (internship) role in the tech domain (internship) at a SMB organization. Location: Remote (EU time). You will assist with planning and reporting, and ensure smooth collaboration across teams. We are looking for a proactive, detail-oriented candidate with strong communication skills. Key skills include: Linux, React, Python, Docker, JavaScript, APIs. You will work in a fast-paced setting with room to take initiative and make an impact. Tags: career, entry-level, student, junior. You will help maintain documentation, track metrics, and support regular check-ins with the team.","['student', 'junior', 'career', 'entry-level']"
4551,Backend Developer (junior full-time),tech,Remote (EU time),junior full-time,SMB,"['Python', 'Git', 'Linux', 'Cloud', 'JavaScript', 'Testing', 'Docker']","Backend Developer (junior full-time) role in the tech domain (junior full-time) at a SMB organization. Location: Remote (EU time). You will help run operations, document workflows, and drive continuous improvement initiatives. We value problem-solving, ownership, and the ability to work independently when needed. Key skills include: Cloud, Linux, Testing, Docker, JavaScript, Python. You will work in a fast-paced setting with room to take initiative and make an impact. Tags: entry-level, junior, student, career. You will help maintain documentation, track metrics, and support regular check-ins with the team.","['student', 'junior', 'career', 'entry-level']"
9558,Frontend Developer (contract),tech,On-site - Tel Aviv,contract,nonprofit,"['Linux', 'JavaScript', 'Docker', 'APIs', 'Testing', 'Git', 'React']","Frontend Developer (contract) role in the tech domain (contract) at a nonprofit organization. Location: On-site - Tel Aviv. You will assist with planning and reporting, and ensure smooth collaboration across teams. We are looking for a proactive, detail-oriented candidate with strong communication skills. Key skills include: JavaScript, Testing, Linux, Docker, Git, APIs. You will work in a fast-paced setting with room to take initiative and make an impact. Tags: junior, student, entry-level, career. You will help maintain documentation, track metrics, and support regular check-ins with the team.","['student', 'junior', 'career', 'entry-level']"
300,Data Analyst (student part-time),data,On-site - Jerusalem,student part-time,SMB,"['NumPy', 'ETL', 'Statistics', 'SQL', 'Excel', 'Python', 'A/B Testing']","Data Analyst (student part-time) role in the data domain (student part-time) at a SMB organization. Location: On-site - Jerusalem. You will support day-to-day execution, coordinate stakeholders, and contribute to process improvements. You should be reliable, collaborative, and able to manage multiple tasks in parallel. Key skills include: Excel, NumPy, A/B Testing, Python, ETL, Statistics. You will gain practical experience and build a strong foundation for your career. Tags: entry-level, student, career, junior. You will help maintain documentation, track metrics, and support regular check-ins with the team.","['student', 'junior', 'career', 'entry-level']"
2056,Backend Developer (internship),tech,Hybrid - Tel Aviv,internship,agency,"['APIs', 'Git', 'SQL', 'Testing', 'Python', 'JavaScript', 'Linux']","Backend Developer (internship) role in the tech domain (internship) at a agency organization. Location: Hybrid - Tel Aviv. You will work closely with cross-functional teams, analyze needs, and translate them into actionable steps. We value problem-solving, ownership, and the ability to work independently when needed. Key skills include: APIs, JavaScript, Linux, Testing, Python, SQL. This role offers hands-on experience in a dynamic environment and exposure to real business challenges. Tags: career, student, junior, entry-level. You will help maintain documentation, track metrics, and support regular check-ins with the team.","['student', 'junior', 'career', 'entry-level']"
7629,QA Engineer (student part-time),tech,Hybrid - Herzliya,student part-time,corporate,"['Python', 'SQL', 'Docker', 'Cloud', 'Testing', 'APIs', 'Git']","QA Engineer (student part-time) role in the tech domain (student part-time) at a corporate organization. Location: Hybrid - Herzliya. You will support day-to-day execution, coordinate stakeholders, and contribute to process improvements. You should be reliable, collaborative, and able to manage multiple tasks in parallel. Key skills include: Docker, Testing, SQL, APIs, Git, Python. You will gain practical experience and build a strong foundation for your career. Tags: career, entry-level, student, junior. You will help maintain documentation, track metrics, and support regular check-ins with the team.","['student', 'junior', 'career', 'entry-level']"
4266,Software Engineer (junior full-time),tech,Remote (EU time),junior full-time,startup,"['Docker', 'React', 'Linux', 'Python', 'JavaScript', 'SQL', 'Cloud']","Software Engineer (junior full-time) role in the tech domain (junior full-time) at a startup organization. Location: Remote (EU time). You will work closely with cross-functional teams, analyze needs, and translate them into actionable steps. We are looking for a proactive, detail-oriented candidate with strong communication skills. Key skills include: Linux, JavaScript, React, Docker, Python, SQL. This role offers hands-on experience in a dynamic environment and exposure to real business challenges. Tags: junior, student, entry-level, career. You will help maintain documentation, track metrics, and support regular check-ins with the team.","['student', 'junior', 'career', 'entry-level']"
2325,Software Engineer (internship),tech,Hybrid - Tel Aviv,internship,agency,"['SQL', 'Linux', 'React', 'Cloud', 'Python', 'Docker', 'JavaScript']","Software Engineer (internship) role in the tech domain (internship) at a agency organization. Location: Hybrid - Tel Aviv. You will support day-to-day execution, coordinate stakeholders, and contribute to process improvements. You should be reliable, collaborative, and able to manage multiple tasks in parallel. Key skills include: SQL, Python, Cloud, JavaScript, Docker, React. You will gain practical experience and build a strong foundation for your career. Tags: junior, entry-level, career, student. You will help maintain documentation, track metrics, and support regular check-ins with the team.","['student', 'junior', 'career', 'entry-level']"
7099,QA Engineer (junior full-time),tech,Hybrid - Tel Aviv,junior full-time,SMB,"['Testing', 'React', 'Git', 'Docker', 'SQL', 'Linux', 'APIs']","QA Engineer (junior full-time) role in the tech domain (junior full-time) at a SMB organization. Location: Hybrid - Tel Aviv. You will support day-to-day execution, coordinate stakeholders, and contribute to process improvements. The ideal candidate is organized, curious, and comfortable learning new tools quickly. Key skills include: React, Linux, APIs, Docker, Testing, SQL. This role offers hands-on experience in a dynamic environment and exposure to real business challenges. Tags: career, junior, entry-level, student. You will help maintain documentation, track metrics, and support regular check-ins with the team.","['student', 'junior', 'career', 'entry-level']"
764,Backend Developer (student part-time),tech,On-site - Tel Aviv,student part-time,startup,"['SQL', 'Cloud', 'Linux', 'Git', 'JavaScript', 'APIs', 'Testing']","Backend Developer (student part-time) role in the tech domain (student part-time) at a startup organization. Location: On-site - Tel Aviv. You will take ownership of tasks, communicate progress clearly, and help deliver high-quality outcomes on time. We are looking for a proactive, detail-oriented candidate with strong communication skills. Key skills include: Cloud, Linux, Testing, SQL, APIs, Git. You will gain practical experience and build a strong foundation for your career. Tags: entry-level, career, junior, student. You will help maintain documentation, track metrics, and support regular check-ins with the team.","['student', 'junior', 'career', 'entry-level']"
2535,Junior Data Scientist (student part-time),data,Remote,student part-time,agency,"['Pandas', 'Machine Learning', 'Statistics', 'Excel', 'ETL', 'Data Visualization', 'SQL']","Junior Data Scientist (student part-time) role in the data domain (student part-time) at a agency organization. Location: Remote. You will support day-to-day execution, coordinate stakeholders, and contribute to process improvements. You should be reliable, collaborative, and able to manage multiple tasks in parallel. Key skills include: Excel, Pandas, ETL, Statistics, Data Visualization, SQL. You will gain practical experience and build a strong foundation for your career. Tags: entry-level, junior, student, career. You will help maintain documentation, track metrics, and support regular check-ins with the team.","['student', 'junior', 'career', 'entry-level']"
1453,Backend Developer (internship),tech,On-site - Tel Aviv,internship,agency,"['Docker', 'Linux', 'SQL', 'React', 'Git', 'JavaScript', 'Testing']","Backend Developer (internship) role in the tech domain (internship) at a agency organization. Location: On-site - Tel Aviv. You will support day-to-day execution, coordinate stakeholders, and contribute to process improvements. We value problem-solving, ownership, and the ability to work independently when needed. Key skills include: JavaScript, Docker, Testing, Git, SQL, Linux. You will gain practical experience and build a strong foundation for your career. Tags: junior, entry-level, student, career. You will help maintain documentation, track metrics, and support regular check-ins with the team.","['student', 'junior', 'career', 'entry-level']"
3763,Backend Developer (junior full-time),tech,Remote,junior full-time,corporate,"['Testing', 'Docker', 'Cloud', 'Git', 'Python', 'SQL', 'JavaScript']","Backend Developer (junior full-time) role in the tech domain (junior full-time) at a corporate organization. Location: Remote. You will support day-to-day execution, coordinate stakeholders, and contribute to process improvements. You should be reliable, collaborative, and able to manage multiple tasks in parallel. Key skills include: Testing, Python, Docker, SQL, Git, Cloud. This role offers hands-on experience in a dynamic environment and exposure to real business challenges. Tags: junior, career, entry-level, student. You will help maintain documentation, track metrics, and support regular check-ins with the team.","['student', 'junior', 'career', 'entry-level']"
8118,QA Engineer (student part-time),tech,Remote,student part-time,agency,"['Testing', 'Docker', 'Git', 'APIs', 'Linux', 'Cloud', 'React']","QA Engineer (student part-time) role in the tech domain (student part-time) at a agency organization. Location: Remote. You will work closely with cross-functional teams, analyze needs, and translate them into actionable steps. We are looking for a proactive, detail-oriented candidate with strong communication skills. Key skills include: APIs, React, Linux, Cloud, Testing, Git. You will gain practical experience and build a strong foundation for your career. Tags: junior, career, entry-level, student. You will help maintain documentation, track metrics, and support regular check-ins with the team.","['student', 'junior', 'career', 'entry-level']"
5278,Frontend Developer (contract),tech,Remote (EU time),contract,startup,"['Linux', 'React', 'SQL', 'Python', 'APIs', 'Docker', 'Git']","Frontend Developer (contract) role in the tech domain (contract) at a startup organization. Location: Remote (EU time). You will work closely with cross-functional teams, analyze needs, and translate them into actionable steps. We are looking for a proactive, detail-oriented candidate with strong communication skills. Key skills include: Docker, React, APIs, Git, SQL, Python. This role offers hands-on experience in a dynamic environment and exposure to real business challenges. Tags: junior, career, student, entry-level. You will help maintain documentation, track metrics, and support regular check-ins with the team.","['student', 'junior', 'career', 'entry-level']"
3276,Backend Developer (internship),tech,Remote (EU time),internship,startup,"['Git', 'React', 'Linux', 'Docker', 'APIs', 'Cloud', 'SQL']","Backend Developer (internship) role in the tech domain (internship) at a startup organization. Location: Remote (EU time). You will help run operations, document workflows, and drive continuous improvement initiatives. We are looking for a proactive, detail-oriented candidate with strong communication skills. Key skills include: Git, Linux, APIs, SQL, React, Cloud. You will gain practical experience and build a strong foundation for your career. Tags: student, entry-level, junior, career. You will help maintain documentation, track metrics, and support regular check-ins with the team.","['student', 'junior', 'career', 'entry-level']"
4295,Data Analyst (student part-time),data,On-site - Jerusalem,student part-time,nonprofit,"['ETL', 'Data Visualization', 'Excel', 'Python', 'A/B Testing', 'Pandas', 'NumPy']","Data Analyst (student part-time) role in the data domain (student part-time) at a nonprofit organization. Location: On-site - Jerusalem. You will support day-to-day execution, coordinate stakeholders, and contribute to process improvements. We value problem-solving, ownership, and the ability to work independently when needed. Key skills include: Pandas, Python, Data Visualization, ETL, A/B Testing, NumPy. You will join a supportive team with opportunities to learn and grow. Tags: student, junior, entry-level, career. You will help maintain documentation, track metrics, and support regular check-ins with the team.","['student', 'junior', 'career', 'entry-level']"
6192,Data Analyst (internship),data,On-site - Tel Aviv,internship,nonprofit,"['NumPy', 'Python', 'Pandas', 'Machine Learning', 'Excel', 'A/B Testing', 'ETL']","Data Analyst (internship) role in the data domain (internship) at a nonprofit organization. Location: On-site - Tel Aviv. You will work closely with cross-functional teams, analyze needs, and translate them into actionable steps. We value problem-solving, ownership, and the ability to work independently when needed. Key skills include: Pandas, A/B Testing, ETL, Machine Learning, NumPy, Excel. You will work in a fast-paced setting with room to take initiative and make an impact. Tags: student, junior, career, entry-level. You will help maintain documentation, track metrics, and support regular check-ins with the team.","['student', 'junior', 'career', 'entry-level']"
9734,Junior Data Scientist (student part-time),data,On-site - Tel Aviv,student part-time,SMB,"['Machine Learning', 'Excel', 'Data Visualization', 'NumPy', 'Statistics', 'SQL', 'Python']","Junior Data Scientist (student part-time) role in the data domain (student part-time) at a SMB organization. Location: On-site - Tel Aviv. You will take ownership of tasks, communicate progress clearly, and help deliver high-quality outcomes on time. We value problem-solving, ownership, and the ability to work independently when needed. Key skills include: Machine Learning, Python, NumPy, Statistics, SQL, Data Visualization. This role offers hands-on experience in a dynamic environment and exposure to real business challenges. Tags: career, entry-level, student, junior.","['student', 'junior', 'career', 'entry-level']"
2248,Frontend Developer (internship),tech,Hybrid - Herzliya,internship,corporate,"['Docker', 'Python', 'React', 'APIs', 'Git', 'Linux', 'Cloud']","Frontend Developer (internship) role in the tech domain (internship) at a corporate organization. Location: Hybrid - Herzliya. You will support day-to-day execution, coordinate stakeholders, and contribute to process improvements. You should be reliable, collaborative, and able to manage multiple tasks in parallel. Key skills include: APIs, Python, Git, React, Linux, Docker. You will join a supportive team with opportunities to learn and grow. Tags: entry-level, junior, student, career. You will help maintain documentation, track metrics, and support regular check-ins with the team.","['student', 'junior', 'career', 'entry-level']"
3052,Data Analyst (internship),data,Remote,internship,corporate,"['A/B Testing', 'Machine Learning', 'Pandas', 'ETL', 'SQL', 'NumPy', 'Statistics']","Data Analyst (internship) role in the data domain (internship) at a corporate organization. Location: Remote. You will support day-to-day execution, coordinate stakeholders, and contribute to process improvements. We are looking for a proactive, detail-oriented candidate with strong communication skills. Key skills include: ETL, NumPy, Pandas, Statistics, Machine Learning, SQL. This role offers hands-on experience in a dynamic environment and exposure to real business challenges. Tags: entry-level, junior, career, student. You will help maintain documentation, track metrics, and support regular check-ins with the team.","['student', 'junior', 'career', 'entry-level']"
9545,Backend Developer (junior full-time),tech,On-site - Tel Aviv,junior full-time,startup,"['APIs', 'Docker', 'JavaScript', 'Python', 'Cloud', 'React', 'Git']","Backend Developer (junior full-time) role in the tech domain (junior full-time) at a startup organization. Location: On-site - Tel Aviv. You will take ownership of tasks, communicate progress clearly, and help deliver high-quality outcomes on time. We are looking for a proactive, detail-oriented candidate with strong communication skills. Key skills include: APIs, Git, Python, Docker, React, JavaScript. You will gain practical experience and build a strong foundation for your career. Tags: career, junior, entry-level, student. You will help maintain documentation, track metrics, and support regular check-ins with the team.","['student', 'junior', 'career', 'entry-level']"
2222,Software Engineer (junior full-time),tech,Hybrid - Herzliya,junior full-time,corporate,"['Cloud', 'Testing', 'Git', 'JavaScript', 'APIs', 'React', 'Python']","Software Engineer (junior full-time) role in the tech domain (junior full-time) at a corporate organization. Location: Hybrid - Herzliya. You will work closely with cross-functional teams, analyze needs, and translate them into actionable steps. We are looking for a proactive, detail-oriented candidate with strong communication skills. Key skills include: Cloud, APIs, JavaScript, Python, React, Git. You will work in a fast-paced setting with room to take initiative and make an impact. Tags: junior, student, career, entry-level. You will help maintain documentation, track metrics, and support regular check-ins with the team.","['student', 'junior', 'career', 'entry-level']"
6191,Junior Data Scientist (contract),data,Hybrid - Herzliya,contract,agency,"['Data Visualization', 'Excel', 'Pandas', 'A/B Testing', 'NumPy', 'SQL', 'Statistics']","Junior Data Scientist (contract) role in the data domain (contract) at a agency organization. Location: Hybrid - Herzliya. You will take ownership of tasks, communicate progress clearly, and help deliver high-quality outcomes on time. You should be reliable, collaborative, and able to manage multiple tasks in parallel. Key skills include: NumPy, Data Visualization, SQL, Pandas, A/B Testing, Excel. You will work in a fast-paced setting with room to take initiative and make an impact. Tags: junior, student, entry-level, career. You will help maintain documentation, track metrics, and support regular check-ins with the team.","['student', 'junior', 'career', 'entry-level']"
5203,Junior Data Scientist (internship),data,Hybrid - Herzliya,internship,SMB,"['Data Visualization', 'Python', 'A/B Testing', 'SQL', 'Pandas', 'NumPy', 'Excel']","Junior Data Scientist (internship) role in the data domain (internship) at a SMB organization. Location: Hybrid - Herzliya. You will take ownership of tasks, communicate progress clearly, and help deliver high-quality outcomes on time. We value problem-solving, ownership, and the ability to work independently when needed. Key skills include: Excel, Pandas, NumPy, Data Visualization, A/B Testing, Python. You will join a supportive team with opportunities to learn and grow. Tags: junior, career, student, entry-level. You will help maintain documentation, track metrics, and support regular check-ins with the team.","['student', 'junior', 'career', 'entry-level']"
5083,Frontend Developer (contract),tech,Hybrid - Herzliya,contract,corporate,"['APIs', 'Python', 'Git', 'SQL', 'Docker', 'JavaScript', 'Linux']","Frontend Developer (contract) role in the tech domain (contract) at a corporate organization. Location: Hybrid - Herzliya. You will help run operations, document workflows, and drive continuous improvement initiatives. You should be reliable, collaborative, and able to manage multiple tasks in parallel. Key skills include: SQL, Git, Docker, APIs, Python, JavaScript. You will join a supportive team with opportunities to learn and grow. Tags: student, junior, career, entry-level. You will help maintain documentation, track metrics, and support regular check-ins with the team.","['student', 'junior', 'career', 'entry-level']"
7177,Junior Data Scientist (contract),data,Remote (EU time),contract,agency,"['NumPy', 'Excel', 'Python', 'Statistics', 'SQL', 'Machine Learning', 'Pandas']","Junior Data Scientist (contract) role in the data domain (contract) at a agency organization. Location: Remote (EU time). You will assist with planning and reporting, and ensure smooth collaboration across teams. We value problem-solving, ownership, and the ability to work independently when needed. Key skills include: Python, Machine Learning, Excel, Statistics, SQL, Pandas. You will join a supportive team with opportunities to learn and grow. Tags: junior, career, student, entry-level. You will help maintain documentation, track metrics, and support regular check-ins with the team.","['student', 'junior', 'career', 'entry-level']"
254,BI Analyst (contract),data,Remote (EU time),contract,SMB,"['A/B Testing', 'SQL', 'Excel', 'Pandas', 'Statistics', 'Data Visualization', 'Python']","BI Analyst (contract) role in the data domain (contract) at a SMB organization. Location: Remote (EU time). You will work closely with cross-functional teams, analyze needs, and translate them into actionable steps. We value problem-solving, ownership, and the ability to work independently when needed. Key skills include: Python, Excel, A/B Testing, SQL, Pandas, Data Visualization. You will work in a fast-paced setting with room to take initiative and make an impact. Tags: career, entry-level, student, junior. You will help maintain documentation, track metrics, and support regular check-ins with the team.","['student', 'junior', 'career', 'entry-level']"
8986,Software Engineer (internship),tech,On-site - Tel Aviv,internship,nonprofit,"['Docker', 'APIs', 'JavaScript', 'Python', 'SQL', 'Linux', 'Testing']","Software Engineer (internship) role in the tech domain (internship) at a nonprofit organization. Location: On-site - Tel Aviv. You will assist with planning and reporting, and ensure smooth collaboration across teams. We are looking for a proactive, detail-oriented candidate with strong communication skills. Key skills include: JavaScript, Linux, Testing, Docker, SQL, Python. You will join a supportive team with opportunities to learn and grow. Tags: career, entry-level, student, junior. You will help maintain documentation, track metrics, and support regular check-ins with the team.","['student', 'junior', 'career', 'entry-level']"
1504,Software Engineer (contract),tech,Hybrid - Tel Aviv,contract,nonprofit,"['Docker', 'Testing', 'Linux', 'Python', 'Git', 'Cloud', 'JavaScript']","Software Engineer (contract) role in the tech domain (contract) at a nonprofit organization. Location: Hybrid - Tel Aviv. You will work closely with cross-functional teams, analyze needs, and translate them into actionable steps. We are looking for a proactive, detail-oriented candidate with strong communication skills. Key skills include: JavaScript, Docker, Cloud, Linux, Git, Python. You will join a supportive team with opportunities to learn and grow. Tags: entry-level, career, student, junior. You will help maintain documentation, track metrics, and support regular check-ins with the team.","['student', 'junior', 'career', 'entry-level']"
1117,Frontend Developer (student part-time),tech,Remote,student part-time,SMB,"['React', 'Git', 'JavaScript', 'Linux', 'SQL', 'Python', 'Cloud']","Frontend Developer (student part-time) role in the tech domain (student part-time) at a SMB organization. Location: Remote. You will take ownership of tasks, communicate progress clearly, and help deliver high-quality outcomes on time. The ideal candidate is organized, curious, and comfortable learning new tools quickly. Key skills include: React, SQL, Git, Cloud, Linux, Python. You will work in a fast-paced setting with room to take initiative and make an impact. Tags: junior, student, entry-level, career. You will help maintain documentation, track metrics, and support regular check-ins with the team.","['student', 'junior', 'career', 'entry-level']"
7454,QA Engineer (internship),tech,On-site - Jerusalem,internship,startup,"['Docker', 'SQL', 'React', 'Linux', 'Git', 'Testing', 'APIs']","QA Engineer (internship) role in the tech domain (internship) at a startup organization. Location: On-site - Jerusalem. You will support day-to-day execution, coordinate stakeholders, and contribute to process improvements. You should be reliable, collaborative, and able to manage multiple tasks in parallel. Key skills include: Testing, APIs, Git, Linux, React, Docker. This role offers hands-on experience in a dynamic environment and exposure to real business challenges. Tags: career, entry-level, junior, student. You will help maintain documentation, track metrics, and support regular check-ins with the team.","['student', 'junior', 'career', 'entry-level']"
8912,Junior Data Scientist (contract),data,Hybrid - Tel Aviv,contract,agency,"['Machine Learning', 'SQL', 'A/B Testing', 'Data Visualization', 'Statistics', 'ETL', 'Pandas']","Junior Data Scientist (contract) role in the data domain (contract) at a agency organization. Location: Hybrid - Tel Aviv. You will take ownership of tasks, communicate progress clearly, and help deliver high-quality outcomes on time. We value problem-solving, ownership, and the ability to work independently when needed. Key skills include: ETL, Data Visualization, Machine Learning, SQL, Pandas, A/B Testing. This role offers hands-on experience in a dynamic environment and exposure to real business challenges. Tags: entry-level, junior, student, career. You will help maintain documentation, track metrics, and support regular check-ins with the team.","['student', 'junior', 'career', 'entry-level']"
7483,BI Analyst (internship),data,Remote (EU time),internship,agency,"['Data Visualization', 'Machine Learning', 'NumPy', 'Excel', 'SQL', 'Pandas', 'Statistics']","BI Analyst (internship) role in the data domain (internship) at a agency organization. Location: Remote (EU time). You will help run operations, document workflows, and drive continuous improvement initiatives. You should be reliable, collaborative, and able to manage multiple tasks in parallel. Key skills include: NumPy, Statistics, Pandas, Machine Learning, Excel, SQL. You will join a supportive team with opportunities to learn and grow. Tags: career, student, junior, entry-level. You will help maintain documentation, track metrics, and support regular check-ins with the team.","['student', 'junior', 'career', 'entry-level']"
5149,Software Engineer (junior full-time),tech,Hybrid - Tel Aviv,junior full-time,startup,"['Docker', 'JavaScript', 'SQL', 'Git', 'React', 'APIs', 'Testing']","Software Engineer (junior full-time) role in the tech domain (junior full-time) at a startup organization. Location: Hybrid - Tel Aviv. You will work closely with cross-functional teams, analyze needs, and translate them into actionable steps. We value problem-solving, ownership, and the ability to work independently when needed. Key skills include: JavaScript, Testing, Git, React, APIs, Docker. You will work in a fast-paced setting with room to take initiative and make an impact. Tags: career, junior, entry-level, student. You will help maintain documentation, track metrics, and support regular check-ins with the team.","['student', 'junior', 'career', 'entry-level']"
9165,Data Analyst (junior full-time),data,Remote (EU time),junior full-time,nonprofit,"['Python', 'Excel', 'A/B Testing', 'Data Visualization', 'Pandas', 'Machine Learning', 'Statistics']","Data Analyst (junior full-time) role in the data domain (junior full-time) at a nonprofit organization. Location: Remote (EU time). You will assist with planning and reporting, and ensure smooth collaboration across teams. The ideal candidate is organized, curious, and comfortable learning new tools quickly. Key skills include: Python, Pandas, Excel, Machine Learning, Data Visualization, Statistics. You will work in a fast-paced setting with room to take initiative and make an impact. Tags: student, junior, entry-level, career. You will help maintain documentation, track metrics, and support regular check-ins with the team.","['student', 'junior', 'career', 'entry-level']"
2190,Frontend Developer (student part-time),tech,On-site - Jerusalem,student part-time,corporate,"['JavaScript', 'Linux', 'Cloud', 'React', 'SQL', 'Python', 'Docker']","Frontend Developer (student part-time) role in the tech domain (student part-time) at a corporate organization. Location: On-site - Jerusalem. You will help run operations, document workflows, and drive continuous improvement initiatives. We are looking for a proactive, detail-oriented candidate with strong communication skills. Key skills include: React, Linux, Docker, Python, Cloud, SQL. You will join a supportive team with opportunities to learn and grow. Tags: student, junior, career, entry-level. You will help maintain documentation, track metrics, and support regular check-ins with the team.","['student', 'junior', 'career', 'entry-level']"
859,Backend Developer (student part-time),tech,On-site - Jerusalem,student part-time,startup,"['Git', 'JavaScript', 'Testing', 'APIs', 'Cloud', 'SQL', 'Python']","Backend Developer (student part-time) role in the tech domain (student part-time) at a startup organization. Location: On-site - Jerusalem. You will help run operations, document workflows, and drive continuous improvement initiatives. The ideal candidate is organized, curious, and comfortable learning new tools quickly. Key skills include: Cloud, Git, Python, APIs, SQL, JavaScript. You will gain practical experience and build a strong foundation for your career. Tags: junior, career, entry-level, student. You will help maintain documentation, track metrics, and support regular check-ins with the team.","['student', 'junior', 'career', 'entry-level']"
7421,Software Engineer (student part-time),tech,On-site - Tel Aviv,student part-time,SMB,"['Testing', 'Linux', 'SQL', 'APIs', 'Git', 'Cloud', 'React']","Software Engineer (student part-time) role in the tech domain (student part-time) at a SMB organization. Location: On-site - Tel Aviv. You will assist with planning and reporting, and ensure smooth collaboration across teams. We are looking for a proactive, detail-oriented candidate with strong communication skills. Key skills include: APIs, Testing, Git, React, Linux, SQL. You will gain practical experience and build a strong foundation for your career. Tags: career, entry-level, junior, student. You will help maintain documentation, track metrics, and support regular check-ins with the team.","['student', 'junior', 'career', 'entry-level']"
7346,Backend Developer (student part-time),tech,Hybrid - Herzliya,student part-time,SMB,"['JavaScript', 'Linux', 'Testing', 'Git', 'Docker', 'APIs', 'Cloud']","Backend Developer (student part-time) role in the tech domain (student part-time) at a SMB organization. Location: Hybrid - Herzliya. You will assist with planning and reporting, and ensure smooth collaboration across teams. The ideal candidate is organized, curious, and comfortable learning new tools quickly. Key skills include: JavaScript, Cloud, Linux, Docker, Git, Testing. You will gain practical experience and build a strong foundation for your career. Tags: student, junior, career, entry-level. You will help maintain documentation, track metrics, and support regular check-ins with the team.","['student', 'junior', 'career', 'entry-level']"
6243,BI Analyst (junior full-time),data,Hybrid - Herzliya,junior full-time,corporate,"['NumPy', 'A/B Testing', 'Data Visualization', 'Python', 'SQL', 'ETL', 'Pandas']","BI Analyst (junior full-time) role in the data domain (junior full-time) at a corporate organization. Location: Hybrid - Herzliya. You will work closely with cross-functional teams, analyze needs, and translate them into actionable steps. You should be reliable, collaborative, and able to manage multiple tasks in parallel. Key skills include: Pandas, Python, ETL, Data Visualization, NumPy, SQL. You will gain practical experience and build a strong foundation for your career. Tags: junior, career, student, entry-level. You will help maintain documentation, track metrics, and support regular check-ins with the team.","['student', 'junior', 'career', 'entry-level']"
646,Backend Developer (junior full-time),tech,On-site - Jerusalem,junior full-time,startup,"['Linux', 'Docker', 'Testing', 'React', 'Python', 'SQL', 'APIs']","Backend Developer (junior full-time) role in the tech domain (junior full-time) at a startup organization. Location: On-site - Jerusalem. You will help run operations, document workflows, and drive continuous improvement initiatives. We value problem-solving, ownership, and the ability to work independently when needed. Key skills include: React, Testing, Python, SQL, Linux, APIs. This role offers hands-on experience in a dynamic environment and exposure to real business challenges. Tags: career, student, junior, entry-level. You will help maintain documentation, track metrics, and support regular check-ins with the team.","['student', 'junior', 'career', 'entry-level']"
9467,Data Analyst (internship),data,Hybrid - Tel Aviv,internship,SMB,"['ETL', 'A/B Testing', 'Excel', 'Statistics', 'Python', 'Data Visualization', 'Machine Learning']","Data Analyst (internship) role in the data domain (internship) at a SMB organization. Location: Hybrid - Tel Aviv. You will support day-to-day execution, coordinate stakeholders, and contribute to process improvements. We are looking for a proactive, detail-oriented candidate with strong communication skills. Key skills include: Machine Learning, Excel, Data Visualization, A/B Testing, Statistics, ETL. This role offers hands-on experience in a dynamic environment and exposure to real business challenges. Tags: student, career, entry-level, junior. You will help maintain documentation, track metrics, and support regular check-ins with the team.","['student', 'junior', 'career', 'entry-level']"
2095,BI Analyst (junior full-time),data,Hybrid - Tel Aviv,junior full-time,nonprofit,"['Pandas', 'Excel', 'SQL', 'Statistics', 'Data Visualization', 'ETL', 'A/B Testing']","BI Analyst (junior full-time) role in the data domain (junior full-time) at a nonprofit organization. Location: Hybrid - Tel Aviv. You will work closely with cross-functional teams, analyze needs, and translate them into actionable steps. We value problem-solving, ownership, and the ability to work independently when needed. Key skills include: Pandas, SQL, Excel, Statistics, A/B Testing, Data Visualization. You will gain practical experience and build a strong foundation for your career. Tags: student, career, entry-level, junior. You will help maintain documentation, track metrics, and support regular check-ins with the team.","['student', 'junior', 'career', 'entry-level']"
5389,Junior Data Scientist (junior full-time),data,Hybrid - Herzliya,junior full-time,agency,"['A/B Testing', 'ETL', 'Data Visualization', 'Excel', 'Machine Learning', 'Statistics', 'SQL']","Junior Data Scientist (junior full-time) role in the data domain (junior full-time) at a agency organization. Location: Hybrid - Herzliya. You will help run operations, document workflows, and drive continuous improvement initiatives. You should be reliable, collaborative, and able to manage multiple tasks in parallel. Key skills include: SQL, Excel, A/B Testing, ETL, Statistics, Data Visualization. You will work in a fast-paced setting with room to take initiative and make an impact. Tags: student, career, entry-level, junior. You will help maintain documentation, track metrics, and support regular check-ins with the team.","['student', 'junior', 'career', 'entry-level']"
3697,Data Analyst (junior full-time),data,Hybrid - Herzliya,junior full-time,SMB,"['SQL', 'Statistics', 'A/B Testing', 'Python', 'Data Visualization', 'Machine Learning', 'Pandas']","Data Analyst (junior full-time) role in the data domain (junior full-time) at a SMB organization. Location: Hybrid - Herzliya. You will support day-to-day execution, coordinate stakeholders, and contribute to process improvements. We value problem-solving, ownership, and the ability to work independently when needed. Key skills include: Statistics, Machine Learning, Pandas, Data Visualization, SQL, Python. You will join a supportive team with opportunities to learn and grow. Tags: career, student, entry-level, junior. You will help maintain documentation, track metrics, and support regular check-ins with the team.","['student', 'junior', 'career', 'entry-level']"
8652,Junior Data Scientist (student part-time),data,Hybrid - Tel Aviv,student part-time,SMB,"['NumPy', 'Machine Learning', 'Pandas', 'SQL', 'Data Visualization', 'Excel', 'Statistics']","Junior Data Scientist (student part-time) role in the data domain (student part-time) at a SMB organization. Location: Hybrid - Tel Aviv. You will take ownership of tasks, communicate progress clearly, and help deliver high-quality outcomes on time. We value problem-solving, ownership, and the ability to work independently when needed. Key skills include: Pandas, Machine Learning, SQL, Excel, Statistics, Data Visualization. You will gain practical experience and build a strong foundation for your career. Tags: entry-level, career, junior, student. You will help maintain documentation, track metrics, and support regular check-ins with the team.","['student', 'junior', 'career', 'entry-level']"
1666,Data Analyst (junior full-time),data,Remote,junior full-time,SMB,"['Data Visualization', 'SQL', 'A/B Testing', 'ETL', 'Statistics', 'NumPy', 'Pandas']","Data Analyst (junior full-time) role in the data domain (junior full-time) at a SMB organization. Location: Remote. You will take ownership of tasks, communicate progress clearly, and help deliver high-quality outcomes on time. We are looking for a proactive, detail-oriented candidate with strong communication skills. Key skills include: Statistics, SQL, Pandas, A/B Testing, ETL, Data Visualization. This role offers hands-on experience in a dynamic environment and exposure to real business challenges. Tags: junior, student, entry-level, career. You will help maintain documentation, track metrics, and support regular check-ins with the team.","['student', 'junior', 'career', 'entry-level']"
2687,QA Engineer (internship),tech,Remote,internship,nonprofit,"['Testing', 'JavaScript', 'SQL', 'Linux', 'Git', 'Cloud', 'Docker']","QA Engineer (internship) role in the tech domain (internship) at a nonprofit organization. Location: Remote. You will help run operations, document workflows, and drive continuous improvement initiatives. The ideal candidate is organized, curious, and comfortable learning new tools quickly. Key skills include: Cloud, Testing, Git, Linux, SQL, JavaScript. You will work in a fast-paced setting with room to take initiative and make an impact. Tags: junior, entry-level, career, student. You will help maintain documentation, track metrics, and support regular check-ins with the team.","['student', 'junior', 'career', 'entry-level']"
489,Data Analyst (internship),data,Hybrid - Herzliya,internship,agency,"['Python', 'SQL', 'Data Visualization', 'Machine Learning', 'Pandas', 'ETL', 'Excel']","Data Analyst (internship) role in the data domain (internship) at a agency organization. Location: Hybrid - Herzliya. You will help run operations, document workflows, and drive continuous improvement initiatives. We are looking for a proactive, detail-oriented candidate with strong communication skills. Key skills include: Data Visualization, Machine Learning, Excel, Pandas, ETL, Python. You will work in a fast-paced setting with room to take initiative and make an impact. Tags: student, entry-level, career, junior. You will help maintain documentation, track metrics, and support regular check-ins with the team.","['student', 'junior', 'career', 'entry-level']"
7745,Backend Developer (student part-time),tech,On-site - Tel Aviv,student part-time,SMB,"['Git', 'APIs', 'Python', 'JavaScript', 'Testing', 'SQL', 'React']","Backend Developer (student part-time) role in the tech domain (student part-time) at a SMB organization. Location: On-site - Tel Aviv. You will work closely with cross-functional teams, analyze needs, and translate them into actionable steps. You should be reliable, collaborative, and able to manage multiple tasks in parallel. Key skills include: Python, Git, SQL, React, JavaScript, Testing. You will work in a fast-paced setting with room to take initiative and make an impact. Tags: career, junior, entry-level, student. You will help maintain documentation, track metrics, and support regular check-ins with the team.","['student', 'junior', 'career', 'entry-level']"
4576,Data Analyst (student part-time),data,On-site - Jerusalem,student part-time,nonprofit,"['NumPy', 'Python', 'Pandas', 'ETL', 'A/B Testing', 'Machine Learning', 'Data Visualization']","Data Analyst (student part-time) role in the data domain (student part-time) at a nonprofit organization. Location: On-site - Jerusalem. You will support day-to-day execution, coordinate stakeholders, and contribute to process improvements. The ideal candidate is organized, curious, and comfortable learning new tools quickly. Key skills include: A/B Testing, Python, ETL, NumPy, Machine Learning, Data Visualization. You will join a supportive team with opportunities to learn and grow. Tags: career, student, junior, entry-level. You will help maintain documentation, track metrics, and support regular check-ins with the team.","['student', 'junior', 'career', 'entry-level']"
7340,BI Analyst (contract),data,Hybrid - Herzliya,contract,startup,"['SQL', 'Pandas', 'Statistics', 'NumPy', 'Python', 'Data Visualization', 'A/B Testing']","BI Analyst (contract) role in the data domain (contract) at a startup organization. Location: Hybrid - Herzliya. You will support day-to-day execution, coordinate stakeholders, and contribute to process improvements. You should be reliable, collaborative, and able to manage multiple tasks in parallel. Key skills include: Pandas, NumPy, Python, Statistics, A/B Testing, SQL. You will gain practical experience and build a strong foundation for your career. Tags: student, junior, entry-level, career. You will help maintain documentation, track metrics, and support regular check-ins with the team.","['student', 'junior', 'career', 'entry-level']"
2191,Junior Data Scientist (contract),data,Hybrid - Herzliya,contract,agency,"['Data Visualization', 'Excel', 'Pandas', 'A/B Testing', 'NumPy', 'SQL', 'Statistics']","Junior Data Scientist (contract) role in the data domain (contract) at a agency organization. Location: Hybrid - Herzliya. You will take ownership of tasks, communicate progress clearly, and help deliver high-quality outcomes on time. We are looking for a proactive, detail-oriented candidate with strong communication skills. Key skills include: Excel, Statistics, A/B Testing, Pandas, NumPy, SQL. You will work in a fast-paced setting with room to take initiative and make an impact. Tags: career, junior, entry-level, student. You will help maintain documentation, track metrics, and support regular check-ins with the team.","['student', 'junior', 'career', 'entry-level']"
1578,Frontend Developer (junior full-time),tech,On-site - Jerusalem,junior full-time,corporate,"['Docker', 'Testing', 'Git', 'Cloud', 'Linux', 'Python', 'JavaScript']","Frontend Developer (junior full-time) role in the tech domain (junior full-time) at a corporate organization. Location: On-site - Jerusalem. You will take ownership of tasks, communicate progress clearly, and help deliver high-quality outcomes on time. You should be reliable, collaborative, and able to manage multiple tasks in parallel. Key skills include: Python, Linux, JavaScript, Docker, Git, Cloud. You will gain practical experience and build a strong foundation for your career. Tags: junior, entry-level, student, career. You will help maintain documentation, track metrics, and support regular check-ins with the team.","['student', 'junior', 'career', 'entry-level']"
5789,Backend Developer (student part-time),tech,On-site - Tel Aviv,student part-time,agency,"['React', 'JavaScript', 'Docker', 'Cloud', 'Linux', 'Python', 'APIs']","Backend Developer (student part-time) role in the tech domain (student part-time) at a agency organization. Location: On-site - Tel Aviv. You will work closely with cross-functional teams, analyze needs, and translate them into actionable steps. We are looking for a proactive, detail-oriented candidate with strong communication skills. Key skills include: Cloud, APIs, JavaScript, Linux, Docker, React. You will gain practical experience and build a strong foundation for your career. Tags: entry-level, junior, student, career. You will help maintain documentation, track metrics, and support regular check-ins with the team.","['student', 'junior', 'career', 'entry-level']"
4888,BI Analyst (student part-time),data,Remote (EU time),student part-time,corporate,"['ETL', 'SQL', 'A/B Testing', 'Statistics', 'Data Visualization', 'Pandas', 'Machine Learning']","BI Analyst (student part-time) role in the data domain (student part-time) at a corporate organization. Location: Remote (EU time). You will assist with planning and reporting, and ensure smooth collaboration across teams. You should be reliable, collaborative, and able to manage multiple tasks in parallel. Key skills include: Data Visualization, Machine Learning, A/B Testing, ETL, SQL, Statistics. This role offers hands-on experience in a dynamic environment and exposure to real business challenges. Tags: career, junior, student, entry-level. You will help maintain documentation, track metrics, and support regular check-ins with the team.","['student', 'junior', 'career', 'entry-level']"
9433,Frontend Developer (contract),tech,Hybrid - Tel Aviv,contract,nonprofit,"['Testing', 'APIs', 'Python', 'Git', 'JavaScript', 'SQL', 'React']","Frontend Developer (contract) role in the tech domain (contract) at a nonprofit organization. Location: Hybrid - Tel Aviv. You will support day-to-day execution, coordinate stakeholders, and contribute to process improvements. We value problem-solving, ownership, and the ability to work independently when needed. Key skills include: SQL, APIs, Testing, JavaScript, React, Python. This role offers hands-on experience in a dynamic environment and exposure to real business challenges. Tags: career, junior, student, entry-level. You will help maintain documentation, track metrics, and support regular check-ins with the team.","['student', 'junior', 'career', 'entry-level']"
8164,Software Engineer (junior full-time),tech,On-site - Tel Aviv,junior full-time,nonprofit,"['APIs', 'Testing', 'Python', 'React', 'Git', 'JavaScript', 'Docker']","Software Engineer (junior full-time) role in the tech domain (junior full-time) at a nonprofit organization. Location: On-site - Tel Aviv. You will take ownership of tasks, communicate progress clearly, and help deliver high-quality outcomes on time. We value problem-solving, ownership, and the ability to work independently when needed. Key skills include: JavaScript, React, Docker, Git, APIs, Python. You will join a supportive team with opportunities to learn and grow. Tags: career, junior, student, entry-level. You will help maintain documentation, track metrics, and support regular check-ins with the team.","['student', 'junior', 'career', 'entry-level']"
5258,Data Analyst (junior full-time),data,Remote,junior full-time,SMB,"['SQL', 'Excel', 'A/B Testing', 'Statistics', 'NumPy', 'ETL', 'Data Visualization']","Data Analyst (junior full-time) role in the data domain (junior full-time) at a SMB organization. Location: Remote. You will support day-to-day execution, coordinate stakeholders, and contribute to process improvements. You should be reliable, collaborative, and able to manage multiple tasks in parallel. Key skills include: Statistics, ETL, SQL, A/B Testing, Excel, NumPy. You will gain practical experience and build a strong foundation for your career. Tags: junior, student, entry-level, career. You will help maintain documentation, track metrics, and support regular check-ins with the team.","['student', 'junior', 'career', 'entry-level']"
323,Junior Data Scientist (contract),data,Remote (EU time),contract,startup,"['Data Visualization', 'Machine Learning', 'NumPy', 'Python', 'A/B Testing', 'ETL', 'Pandas']","Junior Data Scientist (contract) role in the data domain (contract) at a startup organization. Location: Remote (EU time). You will take ownership of tasks, communicate progress clearly, and help deliver high-quality outcomes on time. The ideal candidate is organized, curious, and comfortable learning new tools quickly. Key skills include: A/B Testing, Data Visualization, Python, Pandas, Machine Learning, ETL. You will join a supportive team with opportunities to learn and grow. Tags: entry-level, career, junior, student. You will help maintain documentation, track metrics, and support regular check-ins with the team.","['student', 'junior', 'career', 'entry-level']"
8224,Junior Data Scientist (internship),data,Remote,internship,SMB,"['A/B Testing', 'Python', 'Machine Learning', 'SQL', 'Statistics', 'Data Visualization', 'Excel']","Junior Data Scientist (internship) role in the data domain (internship) at a SMB organization. Location: Remote. You will help run operations, document workflows, and drive continuous improvement initiatives. We value problem-solving, ownership, and the ability to work independently when needed. Key skills include: Python, Data Visualization, A/B Testing, Statistics, Excel, Machine Learning. You will join a supportive team with opportunities to learn and grow. Tags: student, career, entry-level, junior. You will help maintain documentation, track metrics, and support regular check-ins with the team.","['student', 'junior', 'career', 'entry-level']"
596,QA Engineer (junior full-time),tech,Hybrid - Herzliya,junior full-time,corporate,"['Testing', 'JavaScript', 'SQL', 'Cloud', 'React', 'Docker', 'Python']","QA Engineer (junior full-time) role in the tech domain (junior full-time) at a corporate organization. Location: Hybrid - Herzliya. You will support day-to-day execution, coordinate stakeholders, and contribute to process improvements. We are looking for a proactive, detail-oriented candidate with strong communication skills. Key skills include: Cloud, Python, Docker, React, SQL, JavaScript. You will join a supportive team with opportunities to learn and grow. Tags: entry-level, student, career, junior. You will help maintain documentation, track metrics, and support regular check-ins with the team.","['student', 'junior', 'career', 'entry-level']"
4578,Junior Data Scientist (student part-time),data,On-site - Tel Aviv,student part-time,startup,"['ETL', 'SQL', 'Python', 'Excel', 'A/B Testing', 'Data Visualization', 'Pandas']","Junior Data Scientist (student part-time) role in the data domain (student part-time) at a startup organization. Location: On-site - Tel Aviv. You will take ownership of tasks, communicate progress clearly, and help deliver high-quality outcomes on time. You should be reliable, collaborative, and able to manage multiple tasks in parallel. Key skills include: ETL, Data Visualization, SQL, Python, A/B Testing, Excel. You will gain practical experience and build a strong foundation for your career. Tags: student, entry-level, career, junior. You will help maintain documentation, track metrics, and support regular check-ins with the team.","['student', 'junior', 'career', 'entry-level']"
3148,QA Engineer (contract),tech,On-site - Jerusalem,contract,SMB,"['APIs', 'Docker', 'Testing', 'Linux', 'Python', 'Cloud', 'React']","QA Engineer (contract) role in the tech domain (contract) at a SMB organization. Location: On-site - Jerusalem. You will take ownership of tasks, communicate progress clearly, and help deliver high-quality outcomes on time. We are looking for a proactive, detail-oriented candidate with strong communication skills. Key skills include: Cloud, APIs, Testing, React, Linux, Docker. You will join a supportive team with opportunities to learn and grow. Tags: junior, student, entry-level, career. You will help maintain documentation, track metrics, and support regular check-ins with the team.","['student', 'junior', 'career', 'entry-level']"
6206,Backend Developer (student part-time),tech,Hybrid - Herzliya,student part-time,corporate,"['Git', 'Cloud', 'JavaScript', 'Linux', 'Docker', 'Testing', 'React']","Backend Developer (student part-time) role in the tech domain (student part-time) at a corporate organization. Location: Hybrid - Herzliya. You will take ownership of tasks, communicate progress clearly, and help deliver high-quality outcomes on time. You should be reliable, collaborative, and able to manage multiple tasks in parallel. Key skills include: Git, Cloud, Testing, Linux, JavaScript, Docker. This role offers hands-on experience in a dynamic environment and exposure to real business challenges. Tags: entry-level, junior, student, career. You will help maintain documentation, track metrics, and support regular check-ins with the team.","['student', 'junior', 'career', 'entry-level']"
2528,BI Analyst (internship),data,On-site - Jerusalem,internship,nonprofit,"['Pandas', 'Excel', 'SQL', 'NumPy', 'Python', 'Machine Learning', 'A/B Testing']","BI Analyst (internship) role in the data domain (internship) at a nonprofit organization. Location: On-site - Jerusalem. You will work closely with cross-functional teams, analyze needs, and translate them into actionable steps. We are looking for a proactive, detail-oriented candidate with strong communication skills. Key skills include: Excel, A/B Testing, NumPy, SQL, Python, Pandas. You will work in a fast-paced setting with room to take initiative and make an impact. Tags: career, student, junior, entry-level. You will help maintain documentation, track metrics, and support regular check-ins with the team.","['student', 'junior', 'career', 'entry-level']"
9903,BI Analyst (contract),data,On-site - Tel Aviv,contract,agency,"['NumPy', 'Statistics', 'SQL', 'Excel', 'Data Visualization', 'Python', 'Pandas']","BI Analyst (contract) role in the data domain (contract) at a agency organization. Location: On-site - Tel Aviv. You will help run operations, document workflows, and drive continuous improvement initiatives. We value problem-solving, ownership, and the ability to work independently when needed. Key skills include: Python, Statistics, NumPy, Excel, SQL, Data Visualization. You will join a supportive team with opportunities to learn and grow. Tags: student, entry-level, junior, career. You will help maintain documentation, track metrics, and support regular check-ins with the team.","['student', 'junior', 'career', 'entry-level']"
6554,Frontend Developer (student part-time),tech,On-site - Jerusalem,student part-time,nonprofit,"['React', 'Git', 'Cloud', 'Linux', 'Python', 'SQL', 'Testing']","Frontend Developer (student part-time) role in the tech domain (student part-time) at a nonprofit organization. Location: On-site - Jerusalem. You will assist with planning and reporting, and ensure smooth collaboration across teams. We are looking for a proactive, detail-oriented candidate with strong communication skills. Key skills include: Testing, SQL, Git, Python, Linux, React. You will gain practical experience and build a strong foundation for your career. Tags: career, entry-level, student, junior. You will help maintain documentation, track metrics, and support regular check-ins with the team.","['student', 'junior', 'career', 'entry-level']"
2961,Junior Data Scientist (junior full-time),data,Hybrid - Herzliya,junior full-time,SMB,"['Excel', 'Statistics', 'Pandas', 'NumPy', 'ETL', 'Python', 'Data Visualization']","Junior Data Scientist (junior full-time) role in the data domain (junior full-time) at a SMB organization. Location: Hybrid - Herzliya. You will assist with planning and reporting, and ensure smooth collaboration across teams. The ideal candidate is organized, curious, and comfortable learning new tools quickly. Key skills include: Data Visualization, ETL, NumPy, Pandas, Excel, Statistics. You will work in a fast-paced setting with room to take initiative and make an impact. Tags: entry-level, junior, student, career. You will help maintain documentation, track metrics, and support regular check-ins with the team.","['student', 'junior', 'career', 'entry-level']"
752,Frontend Developer (student part-time),tech,On-site - Tel Aviv,student part-time,nonprofit,"['JavaScript', 'Python', 'SQL', 'APIs', 'Linux', 'Testing', 'Cloud']","Frontend Developer (student part-time) role in the tech domain (student part-time) at a nonprofit organization. Location: On-site - Tel Aviv. You will assist with planning and reporting, and ensure smooth collaboration across teams. You should be reliable, collaborative, and able to manage multiple tasks in parallel. Key skills include: Cloud, Linux, APIs, Testing, JavaScript, Python. You will gain practical experience and build a strong foundation for your career. Tags: junior, student, career, entry-level. You will help maintain documentation, track metrics, and support regular check-ins with the team.","['student', 'junior', 'career', 'entry-level']"
8234,Frontend Developer (junior full-time),tech,Hybrid - Tel Aviv,junior full-time,corporate,"['SQL', 'Docker', 'Cloud', 'Linux', 'React', 'JavaScript', 'Testing']","Frontend Developer (junior full-time) role in the tech domain (junior full-time) at a corporate organization. Location: Hybrid - Tel Aviv. You will work closely with cross-functional teams, analyze needs, and translate them into actionable steps. The ideal candidate is organized, curious, and comfortable learning new tools quickly. Key skills include: JavaScript, Docker, Linux, Testing, SQL, Cloud. You will gain practical experience and build a strong foundation for your career. Tags: entry-level, junior, career, student. You will help maintain documentation, track metrics, and support regular check-ins with the team.","['student', 'junior', 'career', 'entry-level']"
1203,Junior Data Scientist (internship),data,Hybrid - Herzliya,internship,SMB,"['Data Visualization', 'Python', 'A/B Testing', 'SQL', 'Pandas', 'NumPy', 'Excel']","Junior Data Scientist (internship) role in the data domain (internship) at a SMB organization. Location: Hybrid - Herzliya. You will support day-to-day execution, coordinate stakeholders, and contribute to process improvements. You should be reliable, collaborative, and able to manage multiple tasks in parallel. Key skills include: NumPy, Pandas, Data Visualization, Excel, SQL, A/B Testing. This role offers hands-on experience in a dynamic environment and exposure to real business challenges. Tags: entry-level, career, junior, student. You will help maintain documentation, track metrics, and support regular check-ins with the team.","['student', 'junior', 'career', 'entry-level']"
6790,BI Analyst (contract),data,Remote,contract,corporate,"['Data Visualization', 'SQL', 'Machine Learning', 'A/B Testing', 'NumPy', 'ETL', 'Pandas']","BI Analyst (contract) role in the data domain (contract) at a corporate organization. Location: Remote. You will assist with planning and reporting, and ensure smooth collaboration across teams. You should be reliable, collaborative, and able to manage multiple tasks in parallel. Key skills include: Pandas, NumPy, A/B Testing, ETL, SQL, Data Visualization. You will join a supportive team with opportunities to learn and grow. Tags: junior, career, student, entry-level. You will help maintain documentation, track metrics, and support regular check-ins with the team.","['student', 'junior', 'career', 'entry-level']"
2469,BI Analyst (contract),data,Hybrid - Herzliya,contract,agency,"['Statistics', 'Python', 'Data Visualization', 'Excel', 'NumPy', 'SQL', 'Pandas']","BI Analyst (contract) role in the data domain (contract) at a agency organization. Location: Hybrid - Herzliya. You will work closely with cross-functional teams, analyze needs, and translate them into actionable steps. We value problem-solving, ownership, and the ability to work independently when needed. Key skills include: NumPy, Statistics, Data Visualization, Python, Pandas, SQL. You will work in a fast-paced setting with room to take initiative and make an impact. Tags: junior, student, entry-level, career. You will help maintain documentation, track metrics, and support regular check-ins with the team.","['student', 'junior', 'career', 'entry-level']"
6988,Software Engineer (contract),tech,Hybrid - Herzliya,contract,startup,"['SQL', 'Docker', 'Cloud', 'Python', 'Linux', 'APIs', 'Git']","Software Engineer (contract) role in the tech domain (contract) at a startup organization. Location: Hybrid - Herzliya. You will support day-to-day execution, coordinate stakeholders, and contribute to process improvements. You should be reliable, collaborative, and able to manage multiple tasks in parallel. Key skills include: Git, Docker, SQL, Cloud, Linux, APIs. You will gain practical experience and build a strong foundation for your career. Tags: student, career, entry-level, junior. You will help maintain documentation, track metrics, and support regular check-ins with the team.","['student', 'junior', 'career', 'entry-level']"
3540,Software Engineer (contract),tech,On-site - Jerusalem,contract,corporate,"['APIs', 'Git', 'Linux', 'SQL', 'Python', 'Docker', 'React']","Software Engineer (contract) role in the tech domain (contract) at a corporate organization. Location: On-site - Jerusalem. You will assist with planning and reporting, and ensure smooth collaboration across teams. The ideal candidate is organized, curious, and comfortable learning new tools quickly. Key skills include: Docker, React, SQL, Python, Git, APIs. You will gain practical experience and build a strong foundation for your career. Tags: student, career, entry-level, junior. You will help maintain documentation, track metrics, and support regular check-ins with the team.","['student', 'junior', 'career', 'entry-level']"
7369,Data Analyst (junior full-time),data,On-site - Jerusalem,junior full-time,nonprofit,"['Pandas', 'ETL', 'Machine Learning', 'SQL', 'A/B Testing', 'Data Visualization', 'NumPy']","Data Analyst (junior full-time) role in the data domain (junior full-time) at a nonprofit organization. Location: On-site - Jerusalem. You will help run operations, document workflows, and drive continuous improvement initiatives. The ideal candidate is organized, curious, and comfortable learning new tools quickly. Key skills include: Data Visualization, A/B Testing, NumPy, SQL, Pandas, ETL. This role offers hands-on experience in a dynamic environment and exposure to real business challenges. Tags: student, career, entry-level, junior. You will help maintain documentation, track metrics, and support regular check-ins with the team.","['student', 'junior', 'career', 'entry-level']"
1327,Junior Data Scientist (internship),data,On-site - Tel Aviv,internship,startup,"['ETL', 'Machine Learning', 'Data Visualization', 'SQL', 'Excel', 'Pandas', 'A/B Testing']","Junior Data Scientist (internship) role in the data domain (internship) at a startup organization. Location: On-site - Tel Aviv. You will work closely with cross-functional teams, analyze needs, and translate them into actionable steps. You should be reliable, collaborative, and able to manage multiple tasks in parallel. Key skills include: ETL, Pandas, SQL, Excel, Machine Learning, A/B Testing. You will gain practical experience and build a strong foundation for your career. Tags: student, career, entry-level, junior. You will help maintain documentation, track metrics, and support regular check-ins with the team.","['student', 'junior', 'career', 'entry-level']"
593,BI Analyst (contract),data,Remote,contract,agency,"['Pandas', 'Data Visualization', 'Excel', 'A/B Testing', 'ETL', 'NumPy', 'Python']","BI Analyst (contract) role in the data domain (contract) at a agency organization. Location: Remote. You will help run operations, document workflows, and drive continuous improvement initiatives. We are looking for a proactive, detail-oriented candidate with strong communication skills. Key skills include: Excel, Pandas, A/B Testing, ETL, Python, NumPy. This role offers hands-on experience in a dynamic environment and exposure to real business challenges. Tags: entry-level, career, student, junior. You will help maintain documentation, track metrics, and support regular check-ins with the team.","['student', 'junior', 'career', 'entry-level']"
2527,QA Engineer (junior full-time),tech,On-site - Tel Aviv,junior full-time,agency,"['Testing', 'Cloud', 'Git', 'Docker', 'Linux', 'SQL', 'React']","QA Engineer (junior full-time) role in the tech domain (junior full-time) at a agency organization. Location: On-site - Tel Aviv. You will help run operations, document workflows, and drive continuous improvement initiatives. The ideal candidate is organized, curious, and comfortable learning new tools quickly. Key skills include: Testing, Linux, React, Docker, Cloud, Git. You will join a supportive team with opportunities to learn and grow. Tags: career, junior, student, entry-level. You will help maintain documentation, track metrics, and support regular check-ins with the team.","['student', 'junior', 'career', 'entry-level']"
7214,BI Analyst (contract),data,On-site - Tel Aviv,contract,agency,"['A/B Testing', 'SQL', 'Excel', 'Machine Learning', 'Statistics', 'ETL', 'Data Visualization']","BI Analyst (contract) role in the data domain (contract) at a agency organization. Location: On-site - Tel Aviv. You will work closely with cross-functional teams, analyze needs, and translate them into actionable steps. You should be reliable, collaborative, and able to manage multiple tasks in parallel. Key skills include: Excel, Statistics, A/B Testing, ETL, SQL, Data Visualization. You will join a supportive team with opportunities to learn and grow. Tags: student, entry-level, career, junior. You will help maintain documentation, track metrics, and support regular check-ins with the team.","['student', 'junior', 'career', 'entry-level']"
3936,BI Analyst (student part-time),data,On-site - Jerusalem,student part-time,SMB,"['Python', 'NumPy', 'ETL', 'Machine Learning', 'Pandas', 'A/B Testing', 'SQL']","BI Analyst (student part-time) role in the data domain (student part-time) at a SMB organization. Location: On-site - Jerusalem. You will help run operations, document workflows, and drive continuous improvement initiatives. We value problem-solving, ownership, and the ability to work independently when needed. Key skills include: NumPy, Pandas, A/B Testing, ETL, Python, SQL. You will gain practical experience and build a strong foundation for your career. Tags: junior, entry-level, student, career. You will help maintain documentation, track metrics, and support regular check-ins with the team.","['student', 'junior', 'career', 'entry-level']"
7084,Software Engineer (junior full-time),tech,On-site - Tel Aviv,junior full-time,startup,"['Docker', 'APIs', 'Linux', 'Testing', 'Python', 'JavaScript', 'Cloud']","Software Engineer (junior full-time) role in the tech domain (junior full-time) at a startup organization. Location: On-site - Tel Aviv. You will support day-to-day execution, coordinate stakeholders, and contribute to process improvements. You should be reliable, collaborative, and able to manage multiple tasks in parallel. Key skills include: Cloud, Python, Linux, Docker, JavaScript, APIs. This role offers hands-on experience in a dynamic environment and exposure to real business challenges. Tags: junior, entry-level, career, student. You will help maintain documentation, track metrics, and support regular check-ins with the team.","['student', 'junior', 'career', 'entry-level']"
5112,BI Analyst (junior full-time),data,Hybrid - Herzliya,junior full-time,startup,"['Machine Learning', 'Statistics', 'Python', 'A/B Testing', 'Pandas', 'ETL', 'Excel']","BI Analyst (junior full-time) role in the data domain (junior full-time) at a startup organization. Location: Hybrid - Herzliya. You will take ownership of tasks, communicate progress clearly, and help deliver high-quality outcomes on time. We are looking for a proactive, detail-oriented candidate with strong communication skills. Key skills include: Machine Learning, Pandas, Statistics, Python, A/B Testing, ETL. You will work in a fast-paced setting with room to take initiative and make an impact. Tags: entry-level, junior, career, student. You will help maintain documentation, track metrics, and support regular check-ins with the team.","['student', 'junior', 'career', 'entry-level']"
8806,BI Analyst (internship),data,Remote (EU time),internship,agency,"['NumPy', 'SQL', 'Data Visualization', 'A/B Testing', 'ETL', 'Machine Learning', 'Pandas']","BI Analyst (internship) role in the data domain (internship) at a agency organization. Location: Remote (EU time). You will take ownership of tasks, communicate progress clearly, and help deliver high-quality outcomes on time. The ideal candidate is organized, curious, and comfortable learning new tools quickly. Key skills include: SQL, Data Visualization, Machine Learning, ETL, A/B Testing, NumPy. You will work in a fast-paced setting with room to take initiative and make an impact. Tags: career, entry-level, junior, student. You will help maintain documentation, track metrics, and support regular check-ins with the team.","['student', 'junior', 'career', 'entry-level']"
2082,Software Engineer (student part-time),tech,Hybrid - Tel Aviv,student part-time,nonprofit,"['JavaScript', 'Python', 'React', 'Docker', 'Linux', 'APIs', 'Git']","Software Engineer (student part-time) role in the tech domain (student part-time) at a nonprofit organization. Location: Hybrid - Tel Aviv. You will help run operations, document workflows, and drive continuous improvement initiatives. The ideal candidate is organized, curious, and comfortable learning new tools quickly. Key skills include: Git, Python, Docker, APIs, Linux, React. You will join a supportive team with opportunities to learn and grow. Tags: career, entry-level, junior, student. You will help maintain documentation, track metrics, and support regular check-ins with the team.","['student', 'junior', 'career', 'entry-level']"
2276,Software Engineer (contract),tech,Remote,contract,corporate,"['React', 'APIs', 'Linux', 'JavaScript', 'SQL', 'Git', 'Docker']","Software Engineer (contract) role in the tech domain (contract) at a corporate organization. Location: Remote. You will support day-to-day execution, coordinate stakeholders, and contribute to process improvements. We value problem-solving, ownership, and the ability to work independently when needed. Key skills include: SQL, JavaScript, Linux, React, Git, Docker. You will gain practical experience and build a strong foundation for your career. Tags: student, career, junior, entry-level. You will help maintain documentation, track metrics, and support regular check-ins with the team.","['student', 'junior', 'career', 'entry-level']"
4872,Junior Data Scientist (junior full-time),data,On-site - Tel Aviv,junior full-time,nonprofit,"['Machine Learning', 'SQL', 'Python', 'Pandas', 'Excel', 'A/B Testing', 'NumPy']","Junior Data Scientist (junior full-time) role in the data domain (junior full-time) at a nonprofit organization. Location: On-site - Tel Aviv. You will help run operations, document workflows, and drive continuous improvement initiatives. You should be reliable, collaborative, and able to manage multiple tasks in parallel. Key skills include: NumPy, SQL, A/B Testing, Machine Learning, Excel, Pandas. You will gain practical experience and build a strong foundation for your career. Tags: student, entry-level, junior, career. You will help maintain documentation, track metrics, and support regular check-ins with the team.","['student', 'junior', 'career', 'entry-level']"
5541,Frontend Developer (student part-time),tech,On-site - Tel Aviv,student part-time,agency,"['Cloud', 'JavaScript', 'Linux', 'APIs', 'SQL', 'Docker', 'Testing']","Frontend Developer (student part-time) role in the tech domain (student part-time) at a agency organization. Location: On-site - Tel Aviv. You will support day-to-day execution, coordinate stakeholders, and contribute to process improvements. We value problem-solving, ownership, and the ability to work independently when needed. Key skills include: Linux, Docker, JavaScript, APIs, SQL, Testing. You will work in a fast-paced setting with room to take initiative and make an impact. Tags: junior, career, entry-level, student. You will help maintain documentation, track metrics, and support regular check-ins with the team.","['student', 'junior', 'career', 'entry-level']"
7604,BI Analyst (junior full-time),data,Remote,junior full-time,SMB,"['Machine Learning', 'Data Visualization', 'ETL', 'Statistics', 'SQL', 'Excel', 'A/B Testing']","BI Analyst (junior full-time) role in the data domain (junior full-time) at a SMB organization. Location: Remote. You will work closely with cross-functional teams, analyze needs, and translate them into actionable steps. You should be reliable, collaborative, and able to manage multiple tasks in parallel. Key skills include: Data Visualization, ETL, Excel, Statistics, Machine Learning, A/B Testing. You will gain practical experience and build a strong foundation for your career. Tags: junior, entry-level, student, career. You will help maintain documentation, track metrics, and support regular check-ins with the team.","['student', 'junior', 'career', 'entry-level']"
1579,Frontend Developer (internship),tech,Hybrid - Herzliya,internship,SMB,"['SQL', 'Testing', 'Docker', 'APIs', 'Git', 'React', 'Linux']","Frontend Developer (internship) role in the tech domain (internship) at a SMB organization. Location: Hybrid - Herzliya. You will work closely with cross-functional teams, analyze needs, and translate them into actionable steps. The ideal candidate is organized, curious, and comfortable learning new tools quickly. Key skills include: React, SQL, APIs, Docker, Git, Linux. You will gain practical experience and build a strong foundation for your career. Tags: junior, career, student, entry-level. You will help maintain documentation, track metrics, and support regular check-ins with the team.","['student', 'junior', 'career', 'entry-level']"
1400,Data Analyst (junior full-time),data,On-site - Jerusalem,junior full-time,SMB,"['Machine Learning', 'NumPy', 'Pandas', 'Python', 'Statistics', 'Excel', 'ETL']","Data Analyst (junior full-time) role in the data domain (junior full-time) at a SMB organization. Location: On-site - Jerusalem. You will support day-to-day execution, coordinate stakeholders, and contribute to process improvements. We value problem-solving, ownership, and the ability to work independently when needed. Key skills include: Machine Learning, ETL, Statistics, NumPy, Python, Pandas. You will work in a fast-paced setting with room to take initiative and make an impact. Tags: career, junior, student, entry-level. You will help maintain documentation, track metrics, and support regular check-ins with the team.","['student', 'junior', 'career', 'entry-level']"
2596,QA Engineer (student part-time),tech,Remote (EU time),student part-time,corporate,"['Testing', 'Linux', 'SQL', 'Docker', 'React', 'Python', 'Cloud']","QA Engineer (student part-time) role in the tech domain (student part-time) at a corporate organization. Location: Remote (EU time). You will support day-to-day execution, coordinate stakeholders, and contribute to process improvements. We are looking for a proactive, detail-oriented candidate with strong communication skills. Key skills include: Docker, React, Linux, Testing, Python, Cloud. You will work in a fast-paced setting with room to take initiative and make an impact. Tags: junior, student, career, entry-level. You will help maintain documentation, track metrics, and support regular check-ins with the team.","['student', 'junior', 'career', 'entry-level']"
3979,QA Engineer (contract),tech,Remote (EU time),contract,corporate,"['Linux', 'Cloud', 'React', 'Git', 'APIs', 'JavaScript', 'SQL']","QA Engineer (contract) role in the tech domain (contract) at a corporate organization. Location: Remote (EU time). You will assist with planning and reporting, and ensure smooth collaboration across teams. You should be reliable, collaborative, and able to manage multiple tasks in parallel. Key skills include: JavaScript, Git, React, Linux, SQL, APIs. You will join a supportive team with opportunities to learn and grow. Tags: career, entry-level, junior, student. You will help maintain documentation, track metrics, and support regular check-ins with the team.","['student', 'junior', 'career', 'entry-level']"
6799,Frontend Developer (junior full-time),tech,On-site - Jerusalem,junior full-time,startup,"['Docker', 'Linux', 'JavaScript', 'React', 'APIs', 'Git', 'SQL']","Frontend Developer (junior full-time) role in the tech domain (junior full-time) at a startup organization. Location: On-site - Jerusalem. You will assist with planning and reporting, and ensure smooth collaboration across teams. We value problem-solving, ownership, and the ability to work independently when needed. Key skills include: React, SQL, JavaScript, Linux, Docker, Git. You will join a supportive team with opportunities to learn and grow. Tags: entry-level, career, student, junior. You will help maintain documentation, track metrics, and support regular check-ins with the team.","['student', 'junior', 'career', 'entry-level']"
1835,Junior Data Scientist (junior full-time),data,Remote (EU time),junior full-time,corporate,"['NumPy', 'SQL', 'Pandas', 'Python', 'A/B Testing', 'Data Visualization', 'Statistics']","Junior Data Scientist (junior full-time) role in the data domain (junior full-time) at a corporate organization. Location: Remote (EU time). You will take ownership of tasks, communicate progress clearly, and help deliver high-quality outcomes on time. You should be reliable, collaborative, and able to manage multiple tasks in parallel. Key skills include: SQL, Python, NumPy, A/B Testing, Pandas, Statistics. This role offers hands-on experience in a dynamic environment and exposure to real business challenges. Tags: entry-level, junior, student, career. You will help maintain documentation, track metrics, and support regular check-ins with the team.","['student', 'junior', 'career', 'entry-level']"
2015,Frontend Developer (student part-time),tech,Remote,student part-time,SMB,"['SQL', 'Testing', 'React', 'Cloud', 'Python', 'APIs', 'Git']","Frontend Developer (student part-time) role in the tech domain (student part-time) at a SMB organization. Location: Remote. You will work closely with cross-functional teams, analyze needs, and translate them into actionable steps. You should be reliable, collaborative, and able to manage multiple tasks in parallel. Key skills include: Git, Python, Cloud, SQL, Testing, APIs. This role offers hands-on experience in a dynamic environment and exposure to real business challenges. Tags: student, career, entry-level, junior. You will help maintain documentation, track metrics, and support regular check-ins with the team.","['student', 'junior', 'career', 'entry-level']"
1352,Junior Data Scientist (internship),data,Hybrid - Tel Aviv,internship,startup,"['Machine Learning', 'NumPy', 'A/B Testing', 'ETL', 'Excel', 'Pandas', 'Python']","Junior Data Scientist (internship) role in the data domain (internship) at a startup organization. Location: Hybrid - Tel Aviv. You will take ownership of tasks, communicate progress clearly, and help deliver high-quality outcomes on time. We value problem-solving, ownership, and the ability to work independently when needed. Key skills include: Machine Learning, NumPy, A/B Testing, Pandas, ETL, Python. You will join a supportive team with opportunities to learn and grow. Tags: student, career, junior, entry-level. You will help maintain documentation, track metrics, and support regular check-ins with the team.","['student', 'junior', 'career', 'entry-level']"
7733,Data Analyst (junior full-time),data,On-site - Jerusalem,junior full-time,SMB,"['Machine Learning', 'SQL', 'Pandas', 'NumPy', 'Python', 'Statistics', 'A/B Testing']","Data Analyst (junior full-time) role in the data domain (junior full-time) at a SMB organization. Location: On-site - Jerusalem. You will work closely with cross-functional teams, analyze needs, and translate them into actionable steps. You should be reliable, collaborative, and able to manage multiple tasks in parallel. Key skills include: A/B Testing, Machine Learning, Python, Statistics, Pandas, NumPy. You will gain practical experience and build a strong foundation for your career. Tags: career, entry-level, junior, student. You will help maintain documentation, track metrics, and support regular check-ins with the team.","['student', 'junior', 'career', 'entry-level']"
5143,Junior Data Scientist (contract),data,Remote (EU time),contract,agency,"['Python', 'ETL', 'Statistics', 'Excel', 'Data Visualization', 'NumPy', 'A/B Testing']","Junior Data Scientist (contract) role in the data domain (contract) at a agency organization. Location: Remote (EU time). You will assist with planning and reporting, and ensure smooth collaboration across teams. The ideal candidate is organized, curious, and comfortable learning new tools quickly. Key skills include: Excel, A/B Testing, ETL, Statistics, NumPy, Data Visualization. You will work in a fast-paced setting with room to take initiative and make an impact. Tags: entry-level, junior, student, career. You will help maintain documentation, track metrics, and support regular check-ins with the team.","['student', 'junior', 'career', 'entry-level']"
5429,Frontend Developer (student part-time),tech,Hybrid - Tel Aviv,student part-time,agency,"['Cloud', 'SQL', 'Docker', 'Linux', 'JavaScript', 'Testing', 'React']","Frontend Developer (student part-time) role in the tech domain (student part-time) at a agency organization. Location: Hybrid - Tel Aviv. You will assist with planning and reporting, and ensure smooth collaboration across teams. You should be reliable, collaborative, and able to manage multiple tasks in parallel. Key skills include: Docker, Testing, Linux, SQL, Cloud, React. You will gain practical experience and build a strong foundation for your career. Tags: student, career, junior, entry-level. You will help maintain documentation, track metrics, and support regular check-ins with the team.","['student', 'junior', 'career', 'entry-level']"
5979,Frontend Developer (student part-time),tech,Hybrid - Herzliya,student part-time,corporate,"['Docker', 'JavaScript', 'Testing', 'Git', 'Cloud', 'Python', 'APIs']","Frontend Developer (student part-time) role in the tech domain (student part-time) at a corporate organization. Location: Hybrid - Herzliya. You will work closely with cross-functional teams, analyze needs, and translate them into actionable steps. We value problem-solving, ownership, and the ability to work independently when needed. Key skills include: Docker, Python, Testing, Git, JavaScript, Cloud. This role offers hands-on experience in a dynamic environment and exposure to real business challenges. Tags: entry-level, career, student, junior. You will help maintain documentation, track metrics, and support regular check-ins with the team.","['student', 'junior', 'career', 'entry-level']"
5518,Data Analyst (contract),data,On-site - Jerusalem,contract,SMB,"['Machine Learning', 'Python', 'Pandas', 'SQL', 'A/B Testing', 'Excel', 'ETL']","Data Analyst (contract) role in the data domain (contract) at a SMB organization. Location: On-site - Jerusalem. You will support day-to-day execution, coordinate stakeholders, and contribute to process improvements. The ideal candidate is organized, curious, and comfortable learning new tools quickly. Key skills include: Python, Machine Learning, Pandas, A/B Testing, ETL, SQL. This role offers hands-on experience in a dynamic environment and exposure to real business challenges. Tags: entry-level, career, junior, student. You will help maintain documentation, track metrics, and support regular check-ins with the team.","['student', 'junior', 'career', 'entry-level']"
5797,Backend Developer (junior full-time),tech,Hybrid - Herzliya,junior full-time,nonprofit,"['Linux', 'Docker', 'Git', 'SQL', 'React', 'Testing', 'Cloud']","Backend Developer (junior full-time) role in the tech domain (junior full-time) at a nonprofit organization. Location: Hybrid - Herzliya. You will help run operations, document workflows, and drive continuous improvement initiatives. We are looking for a proactive, detail-oriented candidate with strong communication skills. Key skills include: React, Testing, Git, Cloud, SQL, Docker. You will gain practical experience and build a strong foundation for your career. Tags: career, student, entry-level, junior. You will help maintain documentation, track metrics, and support regular check-ins with the team.","['student', 'junior', 'career', 'entry-level']"
956,Data Analyst (internship),data,Remote (EU time),internship,SMB,"['Data Visualization', 'Python', 'Pandas', 'NumPy', 'Machine Learning', 'ETL', 'SQL']","Data Analyst (internship) role in the data domain (internship) at a SMB organization. Location: Remote (EU time). You will assist with planning and reporting, and ensure smooth collaboration across teams. The ideal candidate is organized, curious, and comfortable learning new tools quickly. Key skills include: Machine Learning, Python, ETL, SQL, Pandas, NumPy. This role offers hands-on experience in a dynamic environment and exposure to real business challenges. Tags: student, career, entry-level, junior. You will help maintain documentation, track metrics, and support regular check-ins with the team.","['student', 'junior', 'career', 'entry-level']"
7980,Data Analyst (contract),data,Hybrid - Herzliya,contract,startup,"['A/B Testing', 'Statistics', 'Pandas', 'Machine Learning', 'Data Visualization', 'NumPy', 'Excel']","Data Analyst (contract) role in the data domain (contract) at a startup organization. Location: Hybrid - Herzliya. You will help run operations, document workflows, and drive continuous improvement initiatives. We are looking for a proactive, detail-oriented candidate with strong communication skills. Key skills include: Data Visualization, Excel, Statistics, NumPy, Machine Learning, Pandas. You will work in a fast-paced setting with room to take initiative and make an impact. Tags: career, junior, student, entry-level. You will help maintain documentation, track metrics, and support regular check-ins with the team.","['student', 'junior', 'career', 'entry-level']"
2071,Backend Developer (contract),tech,Remote,contract,agency,"['Python', 'SQL', 'JavaScript', 'Testing', 'Linux', 'Docker', 'Cloud']","Backend Developer (contract) role in the tech domain (contract) at a agency organization. Location: Remote. You will assist with planning and reporting, and ensure smooth collaboration across teams. You should be reliable, collaborative, and able to manage multiple tasks in parallel. Key skills include: SQL, Linux, Python, JavaScript, Cloud, Testing. This role offers hands-on experience in a dynamic environment and exposure to real business challenges. Tags: junior, student, career, entry-level. You will help maintain documentation, track metrics, and support regular check-ins with the team.","['student', 'junior', 'career', 'entry-level']"
2745,BI Analyst (student part-time),data,Hybrid - Tel Aviv,student part-time,nonprofit,"['Excel', 'A/B Testing', 'Statistics', 'NumPy', 'Pandas', 'SQL', 'ETL']","BI Analyst (student part-time) role in the data domain (student part-time) at a nonprofit organization. Location: Hybrid - Tel Aviv. You will work closely with cross-functional teams, analyze needs, and translate them into actionable steps. We are looking for a proactive, detail-oriented candidate with strong communication skills. Key skills include: Pandas, Statistics, A/B Testing, ETL, Excel, SQL. This role offers hands-on experience in a dynamic environment and exposure to real business challenges. Tags: junior, entry-level, career, student. You will help maintain documentation, track metrics, and support regular check-ins with the team.","['student', 'junior', 'career', 'entry-level']"
330,Data Analyst (student part-time),data,Hybrid - Tel Aviv,student part-time,corporate,"['NumPy', 'Statistics', 'Data Visualization', 'A/B Testing', 'Python', 'Machine Learning', 'Excel']","Data Analyst (student part-time) role in the data domain (student part-time) at a corporate organization. Location: Hybrid - Tel Aviv. You will work closely with cross-functional teams, analyze needs, and translate them into actionable steps. We value problem-solving, ownership, and the ability to work independently when needed. Key skills include: Machine Learning, Python, Statistics, Data Visualization, NumPy, Excel. This role offers hands-on experience in a dynamic environment and exposure to real business challenges. Tags: entry-level, student, career, junior. You will help maintain documentation, track metrics, and support regular check-ins with the team.","['student', 'junior', 'career', 'entry-level']"
5938,QA Engineer (contract),tech,Hybrid - Herzliya,contract,corporate,"['APIs', 'JavaScript', 'Cloud', 'Testing', 'Python', 'SQL', 'React']","QA Engineer (contract) role in the tech domain (contract) at a corporate organization. Location: Hybrid - Herzliya. You will support day-to-day execution, coordinate stakeholders, and contribute to process improvements. The ideal candidate is organized, curious, and comfortable learning new tools quickly. Key skills include: Testing, Cloud, APIs, SQL, React, JavaScript. You will gain practical experience and build a strong foundation for your career. Tags: career, junior, student, entry-level. You will help maintain documentation, track metrics, and support regular check-ins with the team.","['student', 'junior', 'career', 'entry-level']"
6138,Frontend Developer (student part-time),tech,On-site - Tel Aviv,student part-time,startup,"['Cloud', 'APIs', 'Linux', 'JavaScript', 'Python', 'React', 'Git']","Frontend Developer (student part-time) role in the tech domain (student part-time) at a startup organization. Location: On-site - Tel Aviv. You will take ownership of tasks, communicate progress clearly, and help deliver high-quality outcomes on time. We are looking for a proactive, detail-oriented candidate with strong communication skills. Key skills include: React, Cloud, Git, Python, Linux, JavaScript. You will work in a fast-paced setting with room to take initiative and make an impact. Tags: career, junior, student, entry-level. You will help maintain documentation, track metrics, and support regular check-ins with the team.","['student', 'junior', 'career', 'entry-level']"
4873,Frontend Developer (contract),tech,Remote,contract,agency,"['SQL', 'JavaScript', 'React', 'Cloud', 'Python', 'Docker', 'APIs']","Frontend Developer (contract) role in the tech domain (contract) at a agency organization. Location: Remote. You will work closely with cross-functional teams, analyze needs, and translate them into actionable steps. You should be reliable, collaborative, and able to manage multiple tasks in parallel. Key skills include: Python, React, Cloud, APIs, Docker, JavaScript. This role offers hands-on experience in a dynamic environment and exposure to real business challenges. Tags: entry-level, student, career, junior. You will help maintain documentation, track metrics, and support regular check-ins with the team.","['student', 'junior', 'career', 'entry-level']"
9444,Software Engineer (student part-time),tech,Remote,student part-time,corporate,"['Git', 'JavaScript', 'Linux', 'Docker', 'Python', 'React', 'Cloud']","Software Engineer (student part-time) role in the tech domain (student part-time) at a corporate organization. Location: Remote. You will take ownership of tasks, communicate progress clearly, and help deliver high-quality outcomes on time. We are looking for a proactive, detail-oriented candidate with strong communication skills. Key skills include: Cloud, Docker, Linux, React, JavaScript, Git. You will work in a fast-paced setting with room to take initiative and make an impact. Tags: career, entry-level, student, junior. You will help maintain documentation, track metrics, and support regular check-ins with the team.","['student', 'junior', 'career', 'entry-level']"
5741,Frontend Developer (contract),tech,Remote,contract,nonprofit,"['JavaScript', 'Testing', 'Git', 'Linux', 'APIs', 'React', 'Docker']","Frontend Developer (contract) role in the tech domain (contract) at a nonprofit organization. Location: Remote. You will support day-to-day execution, coordinate stakeholders, and contribute to process improvements. You should be reliable, collaborative, and able to manage multiple tasks in parallel. Key skills include: JavaScript, Docker, Git, Testing, Linux, React. You will work in a fast-paced setting with room to take initiative and make an impact. Tags: entry-level, junior, student, career. You will help maintain documentation, track metrics, and support regular check-ins with the team.","['student', 'junior', 'career', 'entry-level']"
6320,Junior Data Scientist (junior full-time),data,On-site - Jerusalem,junior full-time,corporate,"['Pandas', 'Statistics', 'NumPy', 'Machine Learning', 'ETL', 'Data Visualization', 'SQL']","Junior Data Scientist (junior full-time) role in the data domain (junior full-time) at a corporate organization. Location: On-site - Jerusalem. You will take ownership of tasks, communicate progress clearly, and help deliver high-quality outcomes on time. We are looking for a proactive, detail-oriented candidate with strong communication skills. Key skills include: Machine Learning, Data Visualization, Statistics, Pandas, NumPy, ETL. You will gain practical experience and build a strong foundation for your career. Tags: entry-level, student, junior, career. You will help maintain documentation, track metrics, and support regular check-ins with the team.","['student', 'junior', 'career', 'entry-level']"
5548,Backend Developer (junior full-time),tech,On-site - Jerusalem,junior full-time,SMB,"['Cloud', 'SQL', 'React', 'JavaScript', 'Python', 'Docker', 'Git']","Backend Developer (junior full-time) role in the tech domain (junior full-time) at a SMB organization. Location: On-site - Jerusalem. You will take ownership of tasks, communicate progress clearly, and help deliver high-quality outcomes on time. The ideal candidate is organized, curious, and comfortable learning new tools quickly. Key skills include: Docker, Python, SQL, JavaScript, Cloud, Git. This role offers hands-on experience in a dynamic environment and exposure to real business challenges. Tags: junior, student, entry-level, career. You will help maintain documentation, track metrics, and support regular check-ins with the team.","['student', 'junior', 'career', 'entry-level']"
5391,BI Analyst (student part-time),data,On-site - Jerusalem,student part-time,nonprofit,"['Machine Learning', 'NumPy', 'A/B Testing', 'Pandas', 'Data Visualization', 'SQL', 'Excel']","BI Analyst (student part-time) role in the data domain (student part-time) at a nonprofit organization. Location: On-site - Jerusalem. You will work closely with cross-functional teams, analyze needs, and translate them into actionable steps. We value problem-solving, ownership, and the ability to work independently when needed. Key skills include: SQL, Pandas, NumPy, Machine Learning, Excel, A/B Testing. You will join a supportive team with opportunities to learn and grow. Tags: career, student, entry-level, junior. You will help maintain documentation, track metrics, and support regular check-ins with the team.","['student', 'junior', 'career', 'entry-level']"
4038,BI Analyst (junior full-time),data,Hybrid - Tel Aviv,junior full-time,startup,"['Data Visualization', 'Python', 'NumPy', 'Pandas', 'ETL', 'A/B Testing', 'Excel']","BI Analyst (junior full-time) role in the data domain (junior full-time) at a startup organization. Location: Hybrid - Tel Aviv. You will work closely with cross-functional teams, analyze needs, and translate them into actionable steps. We are looking for a proactive, detail-oriented candidate with strong communication skills. Key skills include: Pandas, Excel, Python, NumPy, Data Visualization, A/B Testing. This role offers hands-on experience in a dynamic environment and exposure to real business challenges. Tags: entry-level, career, student, junior. You will help maintain documentation, track metrics, and support regular check-ins with the team.","['student', 'junior', 'career', 'entry-level']"
1546,Data Analyst (contract),data,Remote (EU time),contract,SMB,"['Excel', 'Data Visualization', 'Statistics', 'A/B Testing', 'ETL', 'Machine Learning', 'NumPy']","Data Analyst (contract) role in the data domain (contract) at a SMB organization. Location: Remote (EU time). You will take ownership of tasks, communicate progress clearly, and help deliver high-quality outcomes on time. We are looking for a proactive, detail-oriented candidate with strong communication skills. Key skills include: A/B Testing, Data Visualization, NumPy, Statistics, ETL, Excel. This role offers hands-on experience in a dynamic environment and exposure to real business challenges. Tags: career, entry-level, junior, student. You will help maintain documentation, track metrics, and support regular check-ins with the team.","['student', 'junior', 'career', 'entry-level']"
2147,Frontend Developer (internship),tech,On-site - Jerusalem,internship,SMB,"['React', 'Python', 'SQL', 'Git', 'Testing', 'Linux', 'APIs']","Frontend Developer (internship) role in the tech domain (internship) at a SMB organization. Location: On-site - Jerusalem. You will help run operations, document workflows, and drive continuous improvement initiatives. We value problem-solving, ownership, and the ability to work independently when needed. Key skills include: Testing, APIs, Linux, SQL, React, Git. You will work in a fast-paced setting with room to take initiative and make an impact. Tags: entry-level, junior, student, career. You will help maintain documentation, track metrics, and support regular check-ins with the team.","['student', 'junior', 'career', 'entry-level']"
1095,Junior Data Scientist (internship),data,Hybrid - Tel Aviv,internship,agency,"['Statistics', 'Data Visualization', 'Excel', 'Machine Learning', 'Pandas', 'SQL', 'Python']","Junior Data Scientist (internship) role in the data domain (internship) at a agency organization. Location: Hybrid - Tel Aviv. You will take ownership of tasks, communicate progress clearly, and help deliver high-quality outcomes on time. We are looking for a proactive, detail-oriented candidate with strong communication skills. Key skills include: Data Visualization, Excel, Statistics, Machine Learning, Pandas, SQL. You will gain practical experience and build a strong foundation for your career. Tags: entry-level, student, junior, career. You will help maintain documentation, track metrics, and support regular check-ins with the team.","['student', 'junior', 'career', 'entry-level']"
1541,Frontend Developer (student part-time),tech,On-site - Tel Aviv,student part-time,agency,"['Cloud', 'JavaScript', 'Linux', 'APIs', 'SQL', 'Docker', 'Testing']","Frontend Developer (student part-time) role in the tech domain (student part-time) at a agency organization. Location: On-site - Tel Aviv. You will take ownership of tasks, communicate progress clearly, and help deliver high-quality outcomes on time. We are looking for a proactive, detail-oriented candidate with strong communication skills. Key skills include: Testing, Linux, Cloud, Docker, SQL, APIs. You will work in a fast-paced setting with room to take initiative and make an impact. Tags: career, student, entry-level, junior. You will help maintain documentation, track metrics, and support regular check-ins with the team.","['student', 'junior', 'career', 'entry-level']"
3078,Junior Data Scientist (contract),data,Hybrid - Tel Aviv,contract,SMB,"['ETL', 'SQL', 'Data Visualization', 'Excel', 'Machine Learning', 'NumPy', 'Python']","Junior Data Scientist (contract) role in the data domain (contract) at a SMB organization. Location: Hybrid - Tel Aviv. You will work closely with cross-functional teams, analyze needs, and translate them into actionable steps. The ideal candidate is organized, curious, and comfortable learning new tools quickly. Key skills include: Machine Learning, Python, NumPy, ETL, Excel, SQL. This role offers hands-on experience in a dynamic environment and exposure to real business challenges. Tags: entry-level, career, student, junior. You will help maintain documentation, track metrics, and support regular check-ins with the team.","['student', 'junior', 'career', 'entry-level']"
6036,Software Engineer (internship),tech,Remote (EU time),internship,startup,"['SQL', 'Linux', 'APIs', 'JavaScript', 'React', 'Git', 'Docker']","Software Engineer (internship) role in the tech domain (internship) at a startup organization. Location: Remote (EU time). You will help run operations, document workflows, and drive continuous improvement initiatives. We are looking for a proactive, detail-oriented candidate with strong communication skills. Key skills include: JavaScript, Docker, React, SQL, APIs, Git. You will work in a fast-paced setting with room to take initiative and make an impact. Tags: student, junior, career, entry-level. You will help maintain documentation, track metrics, and support regular check-ins with the team.","['student', 'junior', 'career', 'entry-level']"
4516,Data Analyst (contract),data,On-site - Jerusalem,contract,SMB,"['ETL', 'Excel', 'Pandas', 'Statistics', 'SQL', 'A/B Testing', 'Machine Learning']","Data Analyst (contract) role in the data domain (contract) at a SMB organization. Location: On-site - Jerusalem. You will help run operations, document workflows, and drive continuous improvement initiatives. We value problem-solving, ownership, and the ability to work independently when needed. Key skills include: Statistics, Excel, SQL, Machine Learning, Pandas, ETL. You will work in a fast-paced setting with room to take initiative and make an impact. Tags: entry-level, junior, student, career. You will help maintain documentation, track metrics, and support regular check-ins with the team.","['student', 'junior', 'career', 'entry-level']"
8507,QA Engineer (student part-time),tech,Hybrid - Tel Aviv,student part-time,startup,"['Linux', 'Cloud', 'Git', 'Testing', 'APIs', 'Python', 'Docker']","QA Engineer (student part-time) role in the tech domain (student part-time) at a startup organization. Location: Hybrid - Tel Aviv. You will support day-to-day execution, coordinate stakeholders, and contribute to process improvements. We value problem-solving, ownership, and the ability to work independently when needed. Key skills include: Linux, Git, Docker, Python, Cloud, APIs. You will work in a fast-paced setting with room to take initiative and make an impact. Tags: entry-level, career, junior, student. You will help maintain documentation, track metrics, and support regular check-ins with the team.","['student', 'junior', 'career', 'entry-level']"
7284,Software Engineer (internship),tech,On-site - Tel Aviv,internship,corporate,"['Cloud', 'Testing', 'JavaScript', 'Python', 'SQL', 'Git', 'React']","Software Engineer (internship) role in the tech domain (internship) at a corporate organization. Location: On-site - Tel Aviv. You will take ownership of tasks, communicate progress clearly, and help deliver high-quality outcomes on time. We value problem-solving, ownership, and the ability to work independently when needed. Key skills include: Git, JavaScript, SQL, Testing, Python, React. You will work in a fast-paced setting with room to take initiative and make an impact. Tags: junior, student, career, entry-level. You will help maintain documentation, track metrics, and support regular check-ins with the team.","['student', 'junior', 'career', 'entry-level']"
7387,Data Analyst (contract),data,On-site - Jerusalem,contract,nonprofit,"['SQL', 'ETL', 'Machine Learning', 'NumPy', 'Statistics', 'Python', 'Excel']","Data Analyst (contract) role in the data domain (contract) at a nonprofit organization. Location: On-site - Jerusalem. You will take ownership of tasks, communicate progress clearly, and help deliver high-quality outcomes on time. We value problem-solving, ownership, and the ability to work independently when needed. Key skills include: NumPy, SQL, Machine Learning, ETL, Python, Statistics. You will join a supportive team with opportunities to learn and grow. Tags: career, entry-level, junior, student. You will help maintain documentation, track metrics, and support regular check-ins with the team.","['student', 'junior', 'career', 'entry-level']"
749,BI Analyst (internship),data,Hybrid - Tel Aviv,internship,corporate,"['Statistics', 'NumPy', 'Excel', 'SQL', 'Machine Learning', 'Python', 'Pandas']","BI Analyst (internship) role in the data domain (internship) at a corporate organization. Location: Hybrid - Tel Aviv. You will take ownership of tasks, communicate progress clearly, and help deliver high-quality outcomes on time. You should be reliable, collaborative, and able to manage multiple tasks in parallel. Key skills include: Machine Learning, SQL, Python, Statistics, Excel, Pandas. You will gain practical experience and build a strong foundation for your career. Tags: junior, student, entry-level, career. You will help maintain documentation, track metrics, and support regular check-ins with the team.","['student', 'junior', 'career', 'entry-level']"
6225,Backend Developer (contract),tech,Hybrid - Tel Aviv,contract,corporate,"['Testing', 'APIs', 'Docker', 'Linux', 'React', 'SQL', 'Python']","Backend Developer (contract) role in the tech domain (contract) at a corporate organization. Location: Hybrid - Tel Aviv. You will help run operations, document workflows, and drive continuous improvement initiatives. We value problem-solving, ownership, and the ability to work independently when needed. Key skills include: React, APIs, Python, SQL, Linux, Testing. You will work in a fast-paced setting with room to take initiative and make an impact. Tags: student, entry-level, career, junior. You will help maintain documentation, track metrics, and support regular check-ins with the team.","['student', 'junior', 'career', 'entry-level']"
4489,Data Analyst (internship),data,Hybrid - Herzliya,internship,agency,"['Python', 'SQL', 'Data Visualization', 'Machine Learning', 'Pandas', 'ETL', 'Excel']","Data Analyst (internship) role in the data domain (internship) at a agency organization. Location: Hybrid - Herzliya. You will take ownership of tasks, communicate progress clearly, and help deliver high-quality outcomes on time. The ideal candidate is organized, curious, and comfortable learning new tools quickly. Key skills include: Pandas, Python, Excel, SQL, Machine Learning, ETL. You will gain practical experience and build a strong foundation for your career. Tags: student, entry-level, junior, career. You will help maintain documentation, track metrics, and support regular check-ins with the team.","['student', 'junior', 'career', 'entry-level']"
5877,Software Engineer (contract),tech,Hybrid - Herzliya,contract,SMB,"['Cloud', 'APIs', 'Python', 'React', 'SQL', 'Linux', 'JavaScript']","Software Engineer (contract) role in the tech domain (contract) at a SMB organization. Location: Hybrid - Herzliya. You will assist with planning and reporting, and ensure smooth collaboration across teams. We value problem-solving, ownership, and the ability to work independently when needed. Key skills include: JavaScript, APIs, Cloud, React, SQL, Linux. You will gain practical experience and build a strong foundation for your career. Tags: career, entry-level, student, junior. You will help maintain documentation, track metrics, and support regular check-ins with the team.","['student', 'junior', 'career', 'entry-level']"
1713,Frontend Developer (contract),tech,Remote,contract,nonprofit,"['React', 'Git', 'Cloud', 'JavaScript', 'Testing', 'Docker', 'SQL']","Frontend Developer (contract) role in the tech domain (contract) at a nonprofit organization. Location: Remote. You will assist with planning and reporting, and ensure smooth collaboration across teams. We are looking for a proactive, detail-oriented candidate with strong communication skills. Key skills include: JavaScript, Cloud, Testing, Docker, SQL, React. You will work in a fast-paced setting with room to take initiative and make an impact. Tags: career, entry-level, student, junior. You will help maintain documentation, track metrics, and support regular check-ins with the team.","['student', 'junior', 'career', 'entry-level']"
8639,Backend Developer (internship),tech,Hybrid - Herzliya,internship,startup,"['Docker', 'Git', 'Cloud', 'Python', 'SQL', 'JavaScript', 'APIs']","Backend Developer (internship) role in the tech domain (internship) at a startup organization. Location: Hybrid - Herzliya. You will take ownership of tasks, communicate progress clearly, and help deliver high-quality outcomes on time. We are looking for a proactive, detail-oriented candidate with strong communication skills. Key skills include: Docker, Cloud, Python, Git, SQL, JavaScript. You will join a supportive team with opportunities to learn and grow. Tags: entry-level, student, junior, career. You will help maintain documentation, track metrics, and support regular check-ins with the team.","['student', 'junior', 'career', 'entry-level']"
6609,Data Analyst (junior full-time),data,On-site - Jerusalem,junior full-time,nonprofit,"['Pandas', 'Python', 'Data Visualization', 'Excel', 'Machine Learning', 'A/B Testing', 'Statistics']","Data Analyst (junior full-time) role in the data domain (junior full-time) at a nonprofit organization. Location: On-site - Jerusalem. You will take ownership of tasks, communicate progress clearly, and help deliver high-quality outcomes on time. The ideal candidate is organized, curious, and comfortable learning new tools quickly. Key skills include: Pandas, Python, Data Visualization, Excel, A/B Testing, Statistics. You will gain practical experience and build a strong foundation for your career. Tags: student, entry-level, career, junior. You will help maintain documentation, track metrics, and support regular check-ins with the team.","['student', 'junior', 'career', 'entry-level']"
161,Junior Data Scientist (contract),data,Hybrid - Herzliya,contract,SMB,"['Pandas', 'SQL', 'A/B Testing', 'Excel', 'NumPy', 'Machine Learning', 'Statistics']","Junior Data Scientist (contract) role in the data domain (contract) at a SMB organization. Location: Hybrid - Herzliya. You will work closely with cross-functional teams, analyze needs, and translate them into actionable steps. We value problem-solving, ownership, and the ability to work independently when needed. Key skills include: Machine Learning, NumPy, Statistics, A/B Testing, Pandas, Excel. You will gain practical experience and build a strong foundation for your career. Tags: entry-level, career, student, junior. You will help maintain documentation, track metrics, and support regular check-ins with the team.","['student', 'junior', 'career', 'entry-level']"
9196,Frontend Developer (student part-time),tech,On-site - Jerusalem,student part-time,agency,"['Git', 'SQL', 'Python', 'Cloud', 'Docker', 'Linux', 'APIs']","Frontend Developer (student part-time) role in the tech domain (student part-time) at a agency organization. Location: On-site - Jerusalem. You will work closely with cross-functional teams, analyze needs, and translate them into actionable steps. We are looking for a proactive, detail-oriented candidate with strong communication skills. Key skills include: Cloud, Python, Linux, Git, SQL, APIs. You will join a supportive team with opportunities to learn and grow. Tags: entry-level, career, student, junior. You will help maintain documentation, track metrics, and support regular check-ins with the team.","['student', 'junior', 'career', 'entry-level']"
5770,Data Analyst (contract),data,Remote (EU time),contract,nonprofit,"['Pandas', 'Data Visualization', 'Python', 'SQL', 'A/B Testing', 'NumPy', 'Machine Learning']","Data Analyst (contract) role in the data domain (contract) at a nonprofit organization. Location: Remote (EU time). You will assist with planning and reporting, and ensure smooth collaboration across teams. We are looking for a proactive, detail-oriented candidate with strong communication skills. Key skills include: A/B Testing, Python, SQL, Data Visualization, NumPy, Pandas. You will join a supportive team with opportunities to learn and grow. Tags: junior, career, entry-level, student. You will help maintain documentation, track metrics, and support regular check-ins with the team.","['student', 'junior', 'career', 'entry-level']"
6603,Data Analyst (junior full-time),data,Hybrid - Tel Aviv,junior full-time,corporate,"['SQL', 'Machine Learning', 'ETL', 'A/B Testing', 'Excel', 'Python', 'Statistics']","Data Analyst (junior full-time) role in the data domain (junior full-time) at a corporate organization. Location: Hybrid - Tel Aviv. You will support day-to-day execution, coordinate stakeholders, and contribute to process improvements. We value problem-solving, ownership, and the ability to work independently when needed. Key skills include: Python, A/B Testing, Excel, ETL, Machine Learning, Statistics. You will join a supportive team with opportunities to learn and grow. Tags: career, entry-level, student, junior. You will help maintain documentation, track metrics, and support regular check-ins with the team.","['student', 'junior', 'career', 'entry-level']"
3934,BI Analyst (internship),data,Hybrid - Tel Aviv,internship,corporate,"['SQL', 'Data Visualization', 'Pandas', 'Excel', 'NumPy', 'Python', 'Statistics']","BI Analyst (internship) role in the data domain (internship) at a corporate organization. Location: Hybrid - Tel Aviv. You will support day-to-day execution, coordinate stakeholders, and contribute to process improvements. We value problem-solving, ownership, and the ability to work independently when needed. Key skills include: Python, Excel, NumPy, SQL, Data Visualization, Pandas. This role offers hands-on experience in a dynamic environment and exposure to real business challenges. Tags: junior, career, student, entry-level. You will help maintain documentation, track metrics, and support regular check-ins with the team.","['student', 'junior', 'career', 'entry-level']"
871,Data Analyst (student part-time),data,On-site - Tel Aviv,student part-time,nonprofit,"['A/B Testing', 'Python', 'ETL', 'Statistics', 'NumPy', 'Excel', 'Pandas']","Data Analyst (student part-time) role in the data domain (student part-time) at a nonprofit organization. Location: On-site - Tel Aviv. You will support day-to-day execution, coordinate stakeholders, and contribute to process improvements. The ideal candidate is organized, curious, and comfortable learning new tools quickly. Key skills include: ETL, A/B Testing, Excel, Python, Statistics, Pandas. You will work in a fast-paced setting with room to take initiative and make an impact. Tags: junior, student, career, entry-level. You will help maintain documentation, track metrics, and support regular check-ins with the team.","['student', 'junior', 'career', 'entry-level']"
2192,Data Analyst (internship),data,On-site - Tel Aviv,internship,nonprofit,"['NumPy', 'Python', 'Pandas', 'Machine Learning', 'Excel', 'A/B Testing', 'ETL']","Data Analyst (internship) role in the data domain (internship) at a nonprofit organization. Location: On-site - Tel Aviv. You will help run operations, document workflows, and drive continuous improvement initiatives. We value problem-solving, ownership, and the ability to work independently when needed. Key skills include: ETL, Machine Learning, A/B Testing, Pandas, NumPy, Excel. You will join a supportive team with opportunities to learn and grow. Tags: entry-level, junior, student, career. You will help maintain documentation, track metrics, and support regular check-ins with the team.","['student', 'junior', 'career', 'entry-level']"
8041,Frontend Developer (internship),tech,Hybrid - Herzliya,internship,startup,"['Cloud', 'Testing', 'APIs', 'SQL', 'React', 'Linux', 'Docker']","Frontend Developer (internship) role in the tech domain (internship) at a startup organization. Location: Hybrid - Herzliya. You will support day-to-day execution, coordinate stakeholders, and contribute to process improvements. The ideal candidate is organized, curious, and comfortable learning new tools quickly. Key skills include: Cloud, SQL, React, Docker, Testing, APIs. You will work in a fast-paced setting with room to take initiative and make an impact. Tags: junior, entry-level, student, career. You will help maintain documentation, track metrics, and support regular check-ins with the team.","['student', 'junior', 'career', 'entry-level']"
498,BI Analyst (student part-time),data,On-site - Jerusalem,student part-time,SMB,"['NumPy', 'Excel', 'Python', 'Pandas', 'ETL', 'A/B Testing', 'SQL']","BI Analyst (student part-time) role in the data domain (student part-time) at a SMB organization. Location: On-site - Jerusalem. You will support day-to-day execution, coordinate stakeholders, and contribute to process improvements. You should be reliable, collaborative, and able to manage multiple tasks in parallel. Key skills include: Pandas, A/B Testing, Excel, ETL, SQL, Python. You will join a supportive team with opportunities to learn and grow. Tags: career, junior, entry-level, student. You will help maintain documentation, track metrics, and support regular check-ins with the team.","['student', 'junior', 'career', 'entry-level']"
3917,BI Analyst (junior full-time),data,Remote,junior full-time,nonprofit,"['Python', 'Machine Learning', 'ETL', 'Statistics', 'SQL', 'Data Visualization', 'Excel']","BI Analyst (junior full-time) role in the data domain (junior full-time) at a nonprofit organization. Location: Remote. You will support day-to-day execution, coordinate stakeholders, and contribute to process improvements. The ideal candidate is organized, curious, and comfortable learning new tools quickly. Key skills include: Machine Learning, Data Visualization, ETL, Excel, SQL, Python. This role offers hands-on experience in a dynamic environment and exposure to real business challenges. Tags: student, career, junior, entry-level. You will help maintain documentation, track metrics, and support regular check-ins with the team.","['student', 'junior', 'career', 'entry-level']"
5174,BI Analyst (junior full-time),data,Remote,junior full-time,nonprofit,"['A/B Testing', 'Excel', 'Data Visualization', 'NumPy', 'Statistics', 'SQL', 'Pandas']","BI Analyst (junior full-time) role in the data domain (junior full-time) at a nonprofit organization. Location: Remote. You will take ownership of tasks, communicate progress clearly, and help deliver high-quality outcomes on time. You should be reliable, collaborative, and able to manage multiple tasks in parallel. Key skills include: NumPy, Pandas, Data Visualization, Excel, A/B Testing, Statistics. This role offers hands-on experience in a dynamic environment and exposure to real business challenges. Tags: student, junior, career, entry-level. You will help maintain documentation, track metrics, and support regular check-ins with the team.","['student', 'junior', 'career', 'entry-level']"
7944,Junior Data Scientist (junior full-time),data,Hybrid - Herzliya,junior full-time,corporate,"['Python', 'NumPy', 'ETL', 'SQL', 'Machine Learning', 'Excel', 'Data Visualization']","Junior Data Scientist (junior full-time) role in the data domain (junior full-time) at a corporate organization. Location: Hybrid - Herzliya. You will work closely with cross-functional teams, analyze needs, and translate them into actionable steps. The ideal candidate is organized, curious, and comfortable learning new tools quickly. Key skills include: NumPy, Excel, Python, Data Visualization, SQL, ETL. You will join a supportive team with opportunities to learn and grow. Tags: junior, student, entry-level, career. You will help maintain documentation, track metrics, and support regular check-ins with the team.","['student', 'junior', 'career', 'entry-level']"
6785,Junior Data Scientist (student part-time),data,On-site - Tel Aviv,student part-time,nonprofit,"['SQL', 'A/B Testing', 'Data Visualization', 'Excel', 'ETL', 'Pandas', 'Machine Learning']","Junior Data Scientist (student part-time) role in the data domain (student part-time) at a nonprofit organization. Location: On-site - Tel Aviv. You will assist with planning and reporting, and ensure smooth collaboration across teams. We are looking for a proactive, detail-oriented candidate with strong communication skills. Key skills include: Pandas, ETL, Excel, Data Visualization, A/B Testing, Machine Learning. This role offers hands-on experience in a dynamic environment and exposure to real business challenges. Tags: student, entry-level, junior, career. You will help maintain documentation, track metrics, and support regular check-ins with the team.","['student', 'junior', 'career', 'entry-level']"
3656,BI Analyst (student part-time),data,On-site - Tel Aviv,student part-time,corporate,"['Excel', 'Machine Learning', 'SQL', 'Data Visualization', 'Python', 'A/B Testing', 'Pandas']","BI Analyst (student part-time) role in the data domain (student part-time) at a corporate organization. Location: On-site - Tel Aviv. You will take ownership of tasks, communicate progress clearly, and help deliver high-quality outcomes on time. You should be reliable, collaborative, and able to manage multiple tasks in parallel. Key skills include: Data Visualization, SQL, Machine Learning, A/B Testing, Python, Excel. You will gain practical experience and build a strong foundation for your career. Tags: junior, career, entry-level, student. You will help maintain documentation, track metrics, and support regular check-ins with the team.","['student', 'junior', 'career', 'entry-level']"
4596,QA Engineer (junior full-time),tech,Hybrid - Herzliya,junior full-time,corporate,"['Testing', 'JavaScript', 'SQL', 'Cloud', 'React', 'Docker', 'Python']","QA Engineer (junior full-time) role in the tech domain (junior full-time) at a corporate organization. Location: Hybrid - Herzliya. You will work closely with cross-functional teams, analyze needs, and translate them into actionable steps. We are looking for a proactive, detail-oriented candidate with strong communication skills. Key skills include: JavaScript, Docker, Cloud, SQL, Testing, React. This role offers hands-on experience in a dynamic environment and exposure to real business challenges. Tags: student, career, junior, entry-level. You will help maintain documentation, track metrics, and support regular check-ins with the team.","['student', 'junior', 'career', 'entry-level']"
1050,Data Analyst (junior full-time),data,On-site - Jerusalem,junior full-time,startup,"['ETL', 'Pandas', 'Statistics', 'Data Visualization', 'A/B Testing', 'Machine Learning', 'NumPy']","Data Analyst (junior full-time) role in the data domain (junior full-time) at a startup organization. Location: On-site - Jerusalem. You will assist with planning and reporting, and ensure smooth collaboration across teams. The ideal candidate is organized, curious, and comfortable learning new tools quickly. Key skills include: ETL, Pandas, Data Visualization, A/B Testing, Statistics, NumPy. You will work in a fast-paced setting with room to take initiative and make an impact. Tags: career, entry-level, student, junior. You will help maintain documentation, track metrics, and support regular check-ins with the team.","['student', 'junior', 'career', 'entry-level']"
7174,Data Analyst (junior full-time),data,On-site - Jerusalem,junior full-time,nonprofit,"['Statistics', 'Python', 'Machine Learning', 'ETL', 'Excel', 'SQL', 'A/B Testing']","Data Analyst (junior full-time) role in the data domain (junior full-time) at a nonprofit organization. Location: On-site - Jerusalem. You will help run operations, document workflows, and drive continuous improvement initiatives. We are looking for a proactive, detail-oriented candidate with strong communication skills. Key skills include: Machine Learning, SQL, Statistics, Python, Excel, ETL. You will gain practical experience and build a strong foundation for your career. Tags: student, career, entry-level, junior. You will help maintain documentation, track metrics, and support regular check-ins with the team.","['student', 'junior', 'career', 'entry-level']"
4224,Frontend Developer (junior full-time),tech,Remote,junior full-time,SMB,"['Cloud', 'Python', 'React', 'Docker', 'Linux', 'Testing', 'JavaScript']","Frontend Developer (junior full-time) role in the tech domain (junior full-time) at a SMB organization. Location: Remote. You will help run operations, document workflows, and drive continuous improvement initiatives. You should be reliable, collaborative, and able to manage multiple tasks in parallel. Key skills include: Linux, Docker, Python, Testing, Cloud, React. You will gain practical experience and build a strong foundation for your career. Tags: entry-level, student, junior, career. You will help maintain documentation, track metrics, and support regular check-ins with the team.","['student', 'junior', 'career', 'entry-level']"
2790,BI Analyst (contract),data,Remote,contract,corporate,"['Data Visualization', 'SQL', 'Machine Learning', 'A/B Testing', 'NumPy', 'ETL', 'Pandas']","BI Analyst (contract) role in the data domain (contract) at a corporate organization. Location: Remote. You will support day-to-day execution, coordinate stakeholders, and contribute to process improvements. You should be reliable, collaborative, and able to manage multiple tasks in parallel. Key skills include: SQL, Machine Learning, A/B Testing, Pandas, Data Visualization, NumPy. You will gain practical experience and build a strong foundation for your career. Tags: entry-level, junior, career, student. You will help maintain documentation, track metrics, and support regular check-ins with the team.","['student', 'junior', 'career', 'entry-level']"
5774,Frontend Developer (junior full-time),tech,Remote (EU time),junior full-time,SMB,"['JavaScript', 'Docker', 'Cloud', 'Testing', 'Python', 'Git', 'SQL']","Frontend Developer (junior full-time) role in the tech domain (junior full-time) at a SMB organization. Location: Remote (EU time). You will support day-to-day execution, coordinate stakeholders, and contribute to process improvements. We are looking for a proactive, detail-oriented candidate with strong communication skills. Key skills include: Git, Docker, SQL, Python, Cloud, Testing. You will gain practical experience and build a strong foundation for your career. Tags: junior, career, student, entry-level. You will help maintain documentation, track metrics, and support regular check-ins with the team.","['student', 'junior', 'career', 'entry-level']"
7658,BI Analyst (internship),data,Remote,internship,agency,"['Statistics', 'Machine Learning', 'NumPy', 'Excel', 'A/B Testing', 'Data Visualization', 'Python']","BI Analyst (internship) role in the data domain (internship) at a agency organization. Location: Remote. You will take ownership of tasks, communicate progress clearly, and help deliver high-quality outcomes on time. We value problem-solving, ownership, and the ability to work independently when needed. Key skills include: Machine Learning, NumPy, Excel, Data Visualization, Statistics, A/B Testing. You will join a supportive team with opportunities to learn and grow. Tags: junior, career, student, entry-level. You will help maintain documentation, track metrics, and support regular check-ins with the team.","['student', 'junior', 'career', 'entry-level']"
9092,Software Engineer (junior full-time),tech,Hybrid - Tel Aviv,junior full-time,nonprofit,"['Linux', 'Testing', 'SQL', 'Python', 'Cloud', 'React', 'Docker']","Software Engineer (junior full-time) role in the tech domain (junior full-time) at a nonprofit organization. Location: Hybrid - Tel Aviv. You will take ownership of tasks, communicate progress clearly, and help deliver high-quality outcomes on time. We are looking for a proactive, detail-oriented candidate with strong communication skills. Key skills include: SQL, React, Testing, Linux, Cloud, Docker. You will gain practical experience and build a strong foundation for your career. Tags: junior, entry-level, student, career. You will help maintain documentation, track metrics, and support regular check-ins with the team.","['student', 'junior', 'career', 'entry-level']"
7011,Junior Data Scientist (junior full-time),data,Hybrid - Herzliya,junior full-time,startup,"['Statistics', 'Pandas', 'Machine Learning', 'A/B Testing', 'Data Visualization', 'Excel', 'NumPy']","Junior Data Scientist (junior full-time) role in the data domain (junior full-time) at a startup organization. Location: Hybrid - Herzliya. You will work closely with cross-functional teams, analyze needs, and translate them into actionable steps. The ideal candidate is organized, curious, and comfortable learning new tools quickly. Key skills include: Excel, Pandas, Statistics, A/B Testing, Data Visualization, NumPy. You will join a supportive team with opportunities to learn and grow. Tags: student, entry-level, junior, career. You will help maintain documentation, track metrics, and support regular check-ins with the team.","['student', 'junior', 'career', 'entry-level']"
796,Data Analyst (student part-time),data,Remote,student part-time,nonprofit,"['SQL', 'A/B Testing', 'Data Visualization', 'Excel', 'Python', 'Machine Learning', 'Pandas']","Data Analyst (student part-time) role in the data domain (student part-time) at a nonprofit organization. Location: Remote. You will take ownership of tasks, communicate progress clearly, and help deliver high-quality outcomes on time. We value problem-solving, ownership, and the ability to work independently when needed. Key skills include: Python, Pandas, SQL, Machine Learning, Excel, Data Visualization. This role offers hands-on experience in a dynamic environment and exposure to real business challenges. Tags: junior, student, career, entry-level. You will help maintain documentation, track metrics, and support regular check-ins with the team.","['student', 'junior', 'career', 'entry-level']"
1711,Junior Data Scientist (contract),data,On-site - Jerusalem,contract,SMB,"['A/B Testing', 'Excel', 'Pandas', 'Data Visualization', 'Machine Learning', 'Statistics', 'Python']","Junior Data Scientist (contract) role in the data domain (contract) at a SMB organization. Location: On-site - Jerusalem. You will assist with planning and reporting, and ensure smooth collaboration across teams. You should be reliable, collaborative, and able to manage multiple tasks in parallel. Key skills include: Machine Learning, Python, Data Visualization, Statistics, A/B Testing, Excel. You will work in a fast-paced setting with room to take initiative and make an impact. Tags: junior, entry-level, student, career. You will help maintain documentation, track metrics, and support regular check-ins with the team.","['student', 'junior', 'career', 'entry-level']"
6308,Data Analyst (student part-time),data,On-site - Jerusalem,student part-time,startup,"['SQL', 'Data Visualization', 'A/B Testing', 'Excel', 'ETL', 'Statistics', 'Machine Learning']","Data Analyst (student part-time) role in the data domain (student part-time) at a startup organization. Location: On-site - Jerusalem. You will work closely with cross-functional teams, analyze needs, and translate them into actionable steps. We are looking for a proactive, detail-oriented candidate with strong communication skills. Key skills include: A/B Testing, ETL, Machine Learning, Statistics, Data Visualization, Excel. You will work in a fast-paced setting with room to take initiative and make an impact. Tags: student, career, entry-level, junior. You will help maintain documentation, track metrics, and support regular check-ins with the team.","['student', 'junior', 'career', 'entry-level']"
7302,Frontend Developer (student part-time),tech,Remote,student part-time,corporate,"['Python', 'APIs', 'JavaScript', 'Cloud', 'Testing', 'Git', 'SQL']","Frontend Developer (student part-time) role in the tech domain (student part-time) at a corporate organization. Location: Remote. You will assist with planning and reporting, and ensure smooth collaboration across teams. We value problem-solving, ownership, and the ability to work independently when needed. Key skills include: SQL, Git, Testing, Python, APIs, Cloud. You will join a supportive team with opportunities to learn and grow. Tags: student, entry-level, junior, career. You will help maintain documentation, track metrics, and support regular check-ins with the team.","['student', 'junior', 'career', 'entry-level']"
7079,Software Engineer (internship),tech,On-site - Jerusalem,internship,nonprofit,"['Cloud', 'React', 'SQL', 'APIs', 'JavaScript', 'Git', 'Testing']","Software Engineer (internship) role in the tech domain (internship) at a nonprofit organization. Location: On-site - Jerusalem. You will support day-to-day execution, coordinate stakeholders, and contribute to process improvements. The ideal candidate is organized, curious, and comfortable learning new tools quickly. Key skills include: Git, Testing, SQL, Cloud, JavaScript, React. You will join a supportive team with opportunities to learn and grow. Tags: student, career, entry-level, junior. You will help maintain documentation, track metrics, and support regular check-ins with the team.","['student', 'junior', 'career', 'entry-level']"
3755,BI Analyst (student part-time),data,On-site - Jerusalem,student part-time,nonprofit,"['A/B Testing', 'Statistics', 'ETL', 'Data Visualization', 'NumPy', 'Python', 'Machine Learning']","BI Analyst (student part-time) role in the data domain (student part-time) at a nonprofit organization. Location: On-site - Jerusalem. You will help run operations, document workflows, and drive continuous improvement initiatives. You should be reliable, collaborative, and able to manage multiple tasks in parallel. Key skills include: Python, ETL, NumPy, Statistics, Data Visualization, A/B Testing. You will gain practical experience and build a strong foundation for your career. Tags: entry-level, junior, student, career. You will help maintain documentation, track metrics, and support regular check-ins with the team.","['student', 'junior', 'career', 'entry-level']"
5803,Backend Developer (junior full-time),tech,Remote (EU time),junior full-time,SMB,"['Cloud', 'SQL', 'Testing', 'Docker', 'JavaScript', 'Linux', 'Python']","Backend Developer (junior full-time) role in the tech domain (junior full-time) at a SMB organization. Location: Remote (EU time). You will take ownership of tasks, communicate progress clearly, and help deliver high-quality outcomes on time. We value problem-solving, ownership, and the ability to work independently when needed. Key skills include: SQL, JavaScript, Linux, Testing, Python, Docker. You will work in a fast-paced setting with room to take initiative and make an impact. Tags: junior, career, student, entry-level. You will help maintain documentation, track metrics, and support regular check-ins with the team.","['student', 'junior', 'career', 'entry-level']"
4493,Frontend Developer (junior full-time),tech,On-site - Jerusalem,junior full-time,corporate,"['React', 'APIs', 'Docker', 'Testing', 'JavaScript', 'Python', 'SQL']","Frontend Developer (junior full-time) role in the tech domain (junior full-time) at a corporate organization. Location: On-site - Jerusalem. You will take ownership of tasks, communicate progress clearly, and help deliver high-quality outcomes on time. You should be reliable, collaborative, and able to manage multiple tasks in parallel. Key skills include: JavaScript, Docker, APIs, Python, Testing, SQL. You will join a supportive team with opportunities to learn and grow. Tags: junior, student, entry-level, career. You will help maintain documentation, track metrics, and support regular check-ins with the team.","['student', 'junior', 'career', 'entry-level']"
5438,BI Analyst (contract),data,Hybrid - Herzliya,contract,startup,"['SQL', 'Excel', 'A/B Testing', 'Data Visualization', 'Machine Learning', 'Python', 'ETL']","BI Analyst (contract) role in the data domain (contract) at a startup organization. Location: Hybrid - Herzliya. You will support day-to-day execution, coordinate stakeholders, and contribute to process improvements. The ideal candidate is organized, curious, and comfortable learning new tools quickly. Key skills include: Excel, SQL, Machine Learning, Python, A/B Testing, Data Visualization. You will gain practical experience and build a strong foundation for your career. Tags: student, career, junior, entry-level. You will help maintain documentation, track metrics, and support regular check-ins with the team.","['student', 'junior', 'career', 'entry-level']"
8096,QA Engineer (contract),tech,Remote,contract,nonprofit,"['SQL', 'Python', 'Cloud', 'APIs', 'JavaScript', 'Git', 'Linux']","QA Engineer (contract) role in the tech domain (contract) at a nonprofit organization. Location: Remote. You will support day-to-day execution, coordinate stakeholders, and contribute to process improvements. We value problem-solving, ownership, and the ability to work independently when needed. Key skills include: Git, Cloud, SQL, Python, JavaScript, APIs. You will work in a fast-paced setting with room to take initiative and make an impact. Tags: entry-level, junior, career, student. You will help maintain documentation, track metrics, and support regular check-ins with the team.","['student', 'junior', 'career', 'entry-level']"
8589,Backend Developer (student part-time),tech,Hybrid - Herzliya,student part-time,SMB,"['Git', 'React', 'Python', 'Linux', 'Cloud', 'APIs', 'JavaScript']","Backend Developer (student part-time) role in the tech domain (student part-time) at a SMB organization. Location: Hybrid - Herzliya. You will work closely with cross-functional teams, analyze needs, and translate them into actionable steps. The ideal candidate is organized, curious, and comfortable learning new tools quickly. Key skills include: Linux, Git, JavaScript, Cloud, Python, APIs. You will work in a fast-paced setting with room to take initiative and make an impact. Tags: student, junior, entry-level, career. You will help maintain documentation, track metrics, and support regular check-ins with the team.","['student', 'junior', 'career', 'entry-level']"
9650,Junior Data Scientist (contract),data,Remote (EU time),contract,corporate,"['Pandas', 'SQL', 'Machine Learning', 'Excel', 'A/B Testing', 'ETL', 'NumPy']","Junior Data Scientist (contract) role in the data domain (contract) at a corporate organization. Location: Remote (EU time). You will work closely with cross-functional teams, analyze needs, and translate them into actionable steps. The ideal candidate is organized, curious, and comfortable learning new tools quickly. Key skills include: A/B Testing, Pandas, NumPy, SQL, Excel, ETL. You will gain practical experience and build a strong foundation for your career. Tags: entry-level, student, career, junior. You will help maintain documentation, track metrics, and support regular check-ins with the team.","['student', 'junior', 'career', 'entry-level']"
1845,BI Analyst (contract),data,Remote,contract,SMB,"['Excel', 'NumPy', 'A/B Testing', 'Data Visualization', 'Machine Learning', 'Pandas', 'Statistics']","BI Analyst (contract) role in the data domain (contract) at a SMB organization. Location: Remote. You will take ownership of tasks, communicate progress clearly, and help deliver high-quality outcomes on time. We value problem-solving, ownership, and the ability to work independently when needed. Key skills include: Machine Learning, NumPy, A/B Testing, Excel, Pandas, Data Visualization. This role offers hands-on experience in a dynamic environment and exposure to real business challenges. Tags: student, junior, career, entry-level. You will help maintain documentation, track metrics, and support regular check-ins with the team.","['student', 'junior', 'career', 'entry-level']"
7564,Data Analyst (student part-time),data,On-site - Tel Aviv,student part-time,startup,"['Pandas', 'Statistics', 'Python', 'NumPy', 'A/B Testing', 'Excel', 'Data Visualization']","Data Analyst (student part-time) role in the data domain (student part-time) at a startup organization. Location: On-site - Tel Aviv. You will work closely with cross-functional teams, analyze needs, and translate them into actionable steps. We are looking for a proactive, detail-oriented candidate with strong communication skills. Key skills include: Excel, Statistics, Pandas, NumPy, Python, Data Visualization. This role offers hands-on experience in a dynamic environment and exposure to real business challenges. Tags: student, entry-level, junior, career. You will help maintain documentation, track metrics, and support regular check-ins with the team.","['student', 'junior', 'career', 'entry-level']"
925,QA Engineer (internship),tech,Hybrid - Herzliya,internship,nonprofit,"['Python', 'APIs', 'Git', 'SQL', 'Linux', 'JavaScript', 'React']","QA Engineer (internship) role in the tech domain (internship) at a nonprofit organization. Location: Hybrid - Herzliya. You will assist with planning and reporting, and ensure smooth collaboration across teams. The ideal candidate is organized, curious, and comfortable learning new tools quickly. Key skills include: React, JavaScript, Python, Git, Linux, SQL. This role offers hands-on experience in a dynamic environment and exposure to real business challenges. Tags: career, student, junior, entry-level. You will help maintain documentation, track metrics, and support regular check-ins with the team.","['student', 'junior', 'career', 'entry-level']"
929,Data Analyst (internship),data,On-site - Tel Aviv,internship,agency,"['NumPy', 'Excel', 'SQL', 'ETL', 'Statistics', 'A/B Testing', 'Python']","Data Analyst (internship) role in the data domain (internship) at a agency organization. Location: On-site - Tel Aviv. You will work closely with cross-functional teams, analyze needs, and translate them into actionable steps. You should be reliable, collaborative, and able to manage multiple tasks in parallel. Key skills include: Python, ETL, Excel, Statistics, NumPy, A/B Testing. You will work in a fast-paced setting with room to take initiative and make an impact. Tags: student, junior, career, entry-level. You will help maintain documentation, track metrics, and support regular check-ins with the team.","['student', 'junior', 'career', 'entry-level']"
6618,Software Engineer (junior full-time),tech,On-site - Tel Aviv,junior full-time,nonprofit,"['Linux', 'Git', 'Cloud', 'Docker', 'SQL', 'Testing', 'React']","Software Engineer (junior full-time) role in the tech domain (junior full-time) at a nonprofit organization. Location: On-site - Tel Aviv. You will work closely with cross-functional teams, analyze needs, and translate them into actionable steps. The ideal candidate is organized, curious, and comfortable learning new tools quickly. Key skills include: React, Docker, Git, Testing, SQL, Cloud. You will gain practical experience and build a strong foundation for your career. Tags: career, entry-level, junior, student. You will help maintain documentation, track metrics, and support regular check-ins with the team.","['student', 'junior', 'career', 'entry-level']"
2884,Junior Data Scientist (student part-time),data,On-site - Tel Aviv,student part-time,nonprofit,"['Excel', 'Python', 'NumPy', 'SQL', 'Data Visualization', 'Machine Learning', 'Pandas']","Junior Data Scientist (student part-time) role in the data domain (student part-time) at a nonprofit organization. Location: On-site - Tel Aviv. You will take ownership of tasks, communicate progress clearly, and help deliver high-quality outcomes on time. You should be reliable, collaborative, and able to manage multiple tasks in parallel. Key skills include: Python, Data Visualization, NumPy, Pandas, Machine Learning, Excel. This role offers hands-on experience in a dynamic environment and exposure to real business challenges. Tags: career, student, entry-level, junior.","['student', 'junior', 'career', 'entry-level']"
4532,Data Analyst (internship),data,Hybrid - Tel Aviv,internship,agency,"['SQL', 'ETL', 'Statistics', 'Machine Learning', 'Data Visualization', 'NumPy', 'A/B Testing']","Data Analyst (internship) role in the data domain (internship) at a agency organization. Location: Hybrid - Tel Aviv. You will help run operations, document workflows, and drive continuous improvement initiatives. We are looking for a proactive, detail-oriented candidate with strong communication skills. Key skills include: ETL, Machine Learning, NumPy, Data Visualization, A/B Testing, Statistics. You will gain practical experience and build a strong foundation for your career. Tags: student, career, junior, entry-level. You will help maintain documentation, track metrics, and support regular check-ins with the team.","['student', 'junior', 'career', 'entry-level']"
7876,QA Engineer (contract),tech,Hybrid - Herzliya,contract,corporate,"['Docker', 'Python', 'Linux', 'Testing', 'APIs', 'JavaScript', 'React']","QA Engineer (contract) role in the tech domain (contract) at a corporate organization. Location: Hybrid - Herzliya. You will assist with planning and reporting, and ensure smooth collaboration across teams. We value problem-solving, ownership, and the ability to work independently when needed. Key skills include: Docker, Linux, Python, JavaScript, React, APIs. You will work in a fast-paced setting with room to take initiative and make an impact. Tags: career, entry-level, junior, student. You will help maintain documentation, track metrics, and support regular check-ins with the team.","['student', 'junior', 'career', 'entry-level']"
4324,QA Engineer (junior full-time),tech,Hybrid - Herzliya,junior full-time,nonprofit,"['Git', 'Linux', 'JavaScript', 'Docker', 'Testing', 'APIs', 'React']","QA Engineer (junior full-time) role in the tech domain (junior full-time) at a nonprofit organization. Location: Hybrid - Herzliya. You will assist with planning and reporting, and ensure smooth collaboration across teams. We value problem-solving, ownership, and the ability to work independently when needed. Key skills include: Linux, Docker, Git, Testing, APIs, React. You will work in a fast-paced setting with room to take initiative and make an impact. Tags: junior, student, entry-level, career. You will help maintain documentation, track metrics, and support regular check-ins with the team.","['student', 'junior', 'career', 'entry-level']"
3967,Backend Developer (junior full-time),tech,On-site - Jerusalem,junior full-time,agency,"['APIs', 'Testing', 'Git', 'SQL', 'JavaScript', 'Linux', 'Cloud']","Backend Developer (junior full-time) role in the tech domain (junior full-time) at a agency organization. Location: On-site - Jerusalem. You will take ownership of tasks, communicate progress clearly, and help deliver high-quality outcomes on time. We value problem-solving, ownership, and the ability to work independently when needed. Key skills include: Linux, JavaScript, Testing, SQL, Git, APIs. This role offers hands-on experience in a dynamic environment and exposure to real business challenges. Tags: student, junior, career, entry-level. You will help maintain documentation, track metrics, and support regular check-ins with the team.","['student', 'junior', 'career', 'entry-level']"
4599,Data Analyst (internship),data,Hybrid - Herzliya,internship,corporate,"['ETL', 'SQL', 'A/B Testing', 'NumPy', 'Excel', 'Pandas', 'Python']","Data Analyst (internship) role in the data domain (internship) at a corporate organization. Location: Hybrid - Herzliya. You will support day-to-day execution, coordinate stakeholders, and contribute to process improvements. The ideal candidate is organized, curious, and comfortable learning new tools quickly. Key skills include: Pandas, ETL, SQL, A/B Testing, NumPy, Excel. You will gain practical experience and build a strong foundation for your career. Tags: junior, entry-level, student, career. You will help maintain documentation, track metrics, and support regular check-ins with the team.","['student', 'junior', 'career', 'entry-level']"
1333,Backend Developer (student part-time),tech,Remote (EU time),student part-time,SMB,"['Testing', 'Git', 'SQL', 'Docker', 'Linux', 'APIs', 'Python']","Backend Developer (student part-time) role in the tech domain (student part-time) at a SMB organization. Location: Remote (EU time). You will assist with planning and reporting, and ensure smooth collaboration across teams. You should be reliable, collaborative, and able to manage multiple tasks in parallel. Key skills include: APIs, Docker, Linux, SQL, Testing, Python. You will join a supportive team with opportunities to learn and grow. Tags: career, entry-level, junior, student. You will help maintain documentation, track metrics, and support regular check-ins with the team.","['student', 'junior', 'career', 'entry-level']"
2954,Software Engineer (junior full-time),tech,Remote,junior full-time,nonprofit,"['SQL', 'APIs', 'Testing', 'Linux', 'Git', 'Cloud', 'JavaScript']","Software Engineer (junior full-time) role in the tech domain (junior full-time) at a nonprofit organization. Location: Remote. You will work closely with cross-functional teams, analyze needs, and translate them into actionable steps. We value problem-solving, ownership, and the ability to work independently when needed. Key skills include: Testing, SQL, APIs, Linux, Git, Cloud. You will gain practical experience and build a strong foundation for your career. Tags: career, student, entry-level, junior. You will help maintain documentation, track metrics, and support regular check-ins with the team.","['student', 'junior', 'career', 'entry-level']"
8395,BI Analyst (internship),data,On-site - Jerusalem,internship,SMB,"['Statistics', 'SQL', 'Data Visualization', 'NumPy', 'Excel', 'Pandas', 'A/B Testing']","BI Analyst (internship) role in the data domain (internship) at a SMB organization. Location: On-site - Jerusalem. You will work closely with cross-functional teams, analyze needs, and translate them into actionable steps. We value problem-solving, ownership, and the ability to work independently when needed. Key skills include: Excel, Pandas, Data Visualization, SQL, Statistics, NumPy. This role offers hands-on experience in a dynamic environment and exposure to real business challenges. Tags: student, entry-level, junior, career. You will help maintain documentation, track metrics, and support regular check-ins with the team.","['student', 'junior', 'career', 'entry-level']"
3446,Data Analyst (junior full-time),data,Remote (EU time),junior full-time,SMB,"['Pandas', 'Statistics', 'ETL', 'NumPy', 'SQL', 'Machine Learning', 'Python']","Data Analyst (junior full-time) role in the data domain (junior full-time) at a SMB organization. Location: Remote (EU time). You will support day-to-day execution, coordinate stakeholders, and contribute to process improvements. We are looking for a proactive, detail-oriented candidate with strong communication skills. Key skills include: Machine Learning, Pandas, NumPy, Python, SQL, Statistics. This role offers hands-on experience in a dynamic environment and exposure to real business challenges. Tags: junior, student, entry-level, career. You will help maintain documentation, track metrics, and support regular check-ins with the team.","['student', 'junior', 'career', 'entry-level']"
5453,Backend Developer (internship),tech,On-site - Tel Aviv,internship,agency,"['Docker', 'Linux', 'SQL', 'React', 'Git', 'JavaScript', 'Testing']","Backend Developer (internship) role in the tech domain (internship) at a agency organization. Location: On-site - Tel Aviv. You will take ownership of tasks, communicate progress clearly, and help deliver high-quality outcomes on time. The ideal candidate is organized, curious, and comfortable learning new tools quickly. Key skills include: Testing, Git, JavaScript, Docker, SQL, Linux. You will gain practical experience and build a strong foundation for your career. Tags: entry-level, student, junior, career. You will help maintain documentation, track metrics, and support regular check-ins with the team.","['student', 'junior', 'career', 'entry-level']"
768,Backend Developer (student part-time),tech,Remote (EU time),student part-time,agency,"['JavaScript', 'APIs', 'SQL', 'React', 'Linux', 'Cloud', 'Docker']","Backend Developer (student part-time) role in the tech domain (student part-time) at a agency organization. Location: Remote (EU time). You will assist with planning and reporting, and ensure smooth collaboration across teams. We are looking for a proactive, detail-oriented candidate with strong communication skills. Key skills include: APIs, JavaScript, SQL, Cloud, React, Docker. You will work in a fast-paced setting with room to take initiative and make an impact. Tags: junior, career, entry-level, student. You will help maintain documentation, track metrics, and support regular check-ins with the team.","['student', 'junior', 'career', 'entry-level']"
3358,BI Analyst (junior full-time),data,Remote (EU time),junior full-time,startup,"['Pandas', 'NumPy', 'Excel', 'SQL', 'ETL', 'Statistics', 'Machine Learning']","BI Analyst (junior full-time) role in the data domain (junior full-time) at a startup organization. Location: Remote (EU time). You will help run operations, document workflows, and drive continuous improvement initiatives. You should be reliable, collaborative, and able to manage multiple tasks in parallel. Key skills include: NumPy, ETL, Machine Learning, Pandas, Excel, SQL. This role offers hands-on experience in a dynamic environment and exposure to real business challenges. Tags: junior, student, career, entry-level. You will help maintain documentation, track metrics, and support regular check-ins with the team.","['student', 'junior', 'career', 'entry-level']"
2378,QA Engineer (internship),tech,Hybrid - Herzliya,internship,agency,"['Linux', 'Testing', 'React', 'Python', 'Cloud', 'JavaScript', 'Git']","QA Engineer (internship) role in the tech domain (internship) at a agency organization. Location: Hybrid - Herzliya. You will help run operations, document workflows, and drive continuous improvement initiatives. The ideal candidate is organized, curious, and comfortable learning new tools quickly. Key skills include: Git, Cloud, Python, JavaScript, React, Testing. This role offers hands-on experience in a dynamic environment and exposure to real business challenges. Tags: student, entry-level, junior, career. You will help maintain documentation, track metrics, and support regular check-ins with the team.","['student', 'junior', 'career', 'entry-level']"
4925,QA Engineer (internship),tech,Hybrid - Herzliya,internship,nonprofit,"['Python', 'APIs', 'Git', 'SQL', 'Linux', 'JavaScript', 'React']","QA Engineer (internship) role in the tech domain (internship) at a nonprofit organization. Location: Hybrid - Herzliya. You will help run operations, document workflows, and drive continuous improvement initiatives. We value problem-solving, ownership, and the ability to work independently when needed. Key skills include: Linux, SQL, APIs, React, Python, JavaScript. You will join a supportive team with opportunities to learn and grow. Tags: student, career, junior, entry-level. You will help maintain documentation, track metrics, and support regular check-ins with the team.","['student', 'junior', 'career', 'entry-level']"
968,Backend Developer (student part-time),tech,Remote,student part-time,nonprofit,"['Docker', 'React', 'APIs', 'JavaScript', 'Python', 'Cloud', 'Testing']","Backend Developer (student part-time) role in the tech domain (student part-time) at a nonprofit organization. Location: Remote. You will help run operations, document workflows, and drive continuous improvement initiatives. We value problem-solving, ownership, and the ability to work independently when needed. Key skills include: Testing, APIs, Python, Cloud, Docker, React. You will work in a fast-paced setting with room to take initiative and make an impact. Tags: entry-level, student, career, junior. You will help maintain documentation, track metrics, and support regular check-ins with the team.","['student', 'junior', 'career', 'entry-level']"
8005,Data Analyst (internship),data,Hybrid - Tel Aviv,internship,agency,"['Machine Learning', 'Data Visualization', 'Python', 'A/B Testing', 'NumPy', 'SQL', 'ETL']","Data Analyst (internship) role in the data domain (internship) at a agency organization. Location: Hybrid - Tel Aviv. You will assist with planning and reporting, and ensure smooth collaboration across teams. We value problem-solving, ownership, and the ability to work independently when needed. Key skills include: Machine Learning, SQL, ETL, A/B Testing, Python, Data Visualization. This role offers hands-on experience in a dynamic environment and exposure to real business challenges. Tags: career, entry-level, junior, student. You will help maintain documentation, track metrics, and support regular check-ins with the team.","['student', 'junior', 'career', 'entry-level']"
7376,Junior Data Scientist (internship),data,Hybrid - Tel Aviv,internship,agency,"['Statistics', 'Machine Learning', 'A/B Testing', 'SQL', 'Excel', 'Data Visualization', 'NumPy']","Junior Data Scientist (internship) role in the data domain (internship) at a agency organization. Location: Hybrid - Tel Aviv. You will help run operations, document workflows, and drive continuous improvement initiatives. We are looking for a proactive, detail-oriented candidate with strong communication skills. Key skills include: NumPy, A/B Testing, SQL, Statistics, Data Visualization, Excel. You will gain practical experience and build a strong foundation for your career. Tags: entry-level, career, student, junior. You will help maintain documentation, track metrics, and support regular check-ins with the team.","['student', 'junior', 'career', 'entry-level']"
9423,Frontend Developer (internship),tech,On-site - Tel Aviv,internship,SMB,"['React', 'SQL', 'Cloud', 'Python', 'APIs', 'Docker', 'Git']","Frontend Developer (internship) role in the tech domain (internship) at a SMB organization. Location: On-site - Tel Aviv. You will support day-to-day execution, coordinate stakeholders, and contribute to process improvements. We are looking for a proactive, detail-oriented candidate with strong communication skills. Key skills include: Docker, SQL, Cloud, APIs, Python, React. This role offers hands-on experience in a dynamic environment and exposure to real business challenges. Tags: student, entry-level, career, junior. You will help maintain documentation, track metrics, and support regular check-ins with the team.","['student', 'junior', 'career', 'entry-level']"
9460,Software Engineer (internship),tech,On-site - Jerusalem,internship,startup,"['Python', 'Cloud', 'Testing', 'SQL', 'APIs', 'Docker', 'JavaScript']","Software Engineer (internship) role in the tech domain (internship) at a startup organization. Location: On-site - Jerusalem. You will work closely with cross-functional teams, analyze needs, and translate them into actionable steps. You should be reliable, collaborative, and able to manage multiple tasks in parallel. Key skills include: SQL, Cloud, Python, Testing, Docker, APIs. You will work in a fast-paced setting with room to take initiative and make an impact. Tags: junior, student, entry-level, career. You will help maintain documentation, track metrics, and support regular check-ins with the team.","['student', 'junior', 'career', 'entry-level']"
3618,Frontend Developer (junior full-time),tech,On-site - Jerusalem,junior full-time,startup,"['SQL', 'JavaScript', 'APIs', 'Git', 'Cloud', 'Linux', 'Python']","Frontend Developer (junior full-time) role in the tech domain (junior full-time) at a startup organization. Location: On-site - Jerusalem. You will help run operations, document workflows, and drive continuous improvement initiatives. We value problem-solving, ownership, and the ability to work independently when needed. Key skills include: Git, APIs, JavaScript, Linux, Python, SQL. You will work in a fast-paced setting with room to take initiative and make an impact. Tags: junior, student, career, entry-level. You will help maintain documentation, track metrics, and support regular check-ins with the team.","['student', 'junior', 'career', 'entry-level']"
3737,Junior Data Scientist (student part-time),data,Hybrid - Herzliya,student part-time,corporate,"['Pandas', 'NumPy', 'Python', 'A/B Testing', 'SQL', 'Excel', 'Data Visualization']","Junior Data Scientist (student part-time) role in the data domain (student part-time) at a corporate organization. Location: Hybrid - Herzliya. You will help run operations, document workflows, and drive continuous improvement initiatives. We are looking for a proactive, detail-oriented candidate with strong communication skills. Key skills include: SQL, Pandas, Excel, Python, Data Visualization, NumPy. You will join a supportive team with opportunities to learn and grow. Tags: entry-level, student, career, junior. You will help maintain documentation, track metrics, and support regular check-ins with the team.","['student', 'junior', 'career', 'entry-level']"
6917,Software Engineer (internship),tech,Hybrid - Herzliya,internship,corporate,"['APIs', 'Git', 'Linux', 'JavaScript', 'Cloud', 'Docker', 'Testing']","Software Engineer (internship) role in the tech domain (internship) at a corporate organization. Location: Hybrid - Herzliya. You will take ownership of tasks, communicate progress clearly, and help deliver high-quality outcomes on time. The ideal candidate is organized, curious, and comfortable learning new tools quickly. Key skills include: JavaScript, Testing, Cloud, APIs, Git, Docker. You will join a supportive team with opportunities to learn and grow. Tags: entry-level, student, career, junior. You will help maintain documentation, track metrics, and support regular check-ins with the team.","['student', 'junior', 'career', 'entry-level']"
4425,QA Engineer (internship),tech,On-site - Tel Aviv,internship,nonprofit,"['JavaScript', 'Docker', 'SQL', 'APIs', 'Testing', 'Cloud', 'React']","QA Engineer (internship) role in the tech domain (internship) at a nonprofit organization. Location: On-site - Tel Aviv. You will assist with planning and reporting, and ensure smooth collaboration across teams. We value problem-solving, ownership, and the ability to work independently when needed. Key skills include: Docker, Cloud, SQL, APIs, JavaScript, Testing. You will work in a fast-paced setting with room to take initiative and make an impact. Tags: student, career, entry-level, junior. You will help maintain documentation, track metrics, and support regular check-ins with the team.","['student', 'junior', 'career', 'entry-level']"
6374,Junior Data Scientist (contract),data,Remote,contract,corporate,"['ETL', 'Data Visualization', 'Python', 'SQL', 'Pandas', 'A/B Testing', 'Machine Learning']","Junior Data Scientist (contract) role in the data domain (contract) at a corporate organization. Location: Remote. You will work closely with cross-functional teams, analyze needs, and translate them into actionable steps. We value problem-solving, ownership, and the ability to work independently when needed. Key skills include: Data Visualization, Machine Learning, SQL, Python, ETL, A/B Testing. You will gain practical experience and build a strong foundation for your career. Tags: student, entry-level, career, junior. You will help maintain documentation, track metrics, and support regular check-ins with the team.","['student', 'junior', 'career', 'entry-level']"
1586,BI Analyst (contract),data,Hybrid - Herzliya,contract,SMB,"['Python', 'Excel', 'SQL', 'ETL', 'Pandas', 'Statistics', 'Data Visualization']","BI Analyst (contract) role in the data domain (contract) at a SMB organization. Location: Hybrid - Herzliya. You will work closely with cross-functional teams, analyze needs, and translate them into actionable steps. We are looking for a proactive, detail-oriented candidate with strong communication skills. Key skills include: Python, SQL, Data Visualization, Excel, ETL, Statistics. You will work in a fast-paced setting with room to take initiative and make an impact. Tags: junior, student, career, entry-level. You will help maintain documentation, track metrics, and support regular check-ins with the team.","['student', 'junior', 'career', 'entry-level']"
6509,BI Analyst (internship),data,Remote (EU time),internship,agency,"['NumPy', 'Data Visualization', 'Python', 'Excel', 'Machine Learning', 'Statistics', 'Pandas']","BI Analyst (internship) role in the data domain (internship) at a agency organization. Location: Remote (EU time). You will assist with planning and reporting, and ensure smooth collaboration across teams. You should be reliable, collaborative, and able to manage multiple tasks in parallel. Key skills include: Excel, Statistics, NumPy, Data Visualization, Machine Learning, Pandas. You will gain practical experience and build a strong foundation for your career. Tags: career, junior, student, entry-level. You will help maintain documentation, track metrics, and support regular check-ins with the team.","['student', 'junior', 'career', 'entry-level']"
2674,BI Analyst (student part-time),data,On-site - Tel Aviv,student part-time,nonprofit,"['Excel', 'Statistics', 'Data Visualization', 'ETL', 'Pandas', 'NumPy', 'Machine Learning']","BI Analyst (student part-time) role in the data domain (student part-time) at a nonprofit organization. Location: On-site - Tel Aviv. You will take ownership of tasks, communicate progress clearly, and help deliver high-quality outcomes on time. We value problem-solving, ownership, and the ability to work independently when needed. Key skills include: Excel, NumPy, Statistics, Data Visualization, ETL, Machine Learning. This role offers hands-on experience in a dynamic environment and exposure to real business challenges. Tags: career, junior, entry-level, student. You will help maintain documentation, track metrics, and support regular check-ins with the team.","['student', 'junior', 'career', 'entry-level']"
2334,Software Engineer (junior full-time),tech,On-site - Jerusalem,junior full-time,startup,"['Python', 'JavaScript', 'Docker', 'SQL', 'Git', 'Testing', 'Cloud']","Software Engineer (junior full-time) role in the tech domain (junior full-time) at a startup organization. Location: On-site - Jerusalem. You will help run operations, document workflows, and drive continuous improvement initiatives. We value problem-solving, ownership, and the ability to work independently when needed. Key skills include: Docker, SQL, Cloud, JavaScript, Python, Testing. This role offers hands-on experience in a dynamic environment and exposure to real business challenges. Tags: student, entry-level, career, junior. You will help maintain documentation, track metrics, and support regular check-ins with the team.","['student', 'junior', 'career', 'entry-level']"
666,Software Engineer (student part-time),tech,Remote,student part-time,agency,"['React', 'Python', 'Docker', 'JavaScript', 'APIs', 'Cloud', 'Git']","Software Engineer (student part-time) role in the tech domain (student part-time) at a agency organization. Location: Remote. You will assist with planning and reporting, and ensure smooth collaboration across teams. We are looking for a proactive, detail-oriented candidate with strong communication skills. Key skills include: Python, Docker, React, Git, Cloud, APIs. You will work in a fast-paced setting with room to take initiative and make an impact. Tags: entry-level, career, junior, student. You will help maintain documentation, track metrics, and support regular check-ins with the team.","['student', 'junior', 'career', 'entry-level']"
4700,Data Analyst (junior full-time),data,On-site - Jerusalem,junior full-time,startup,"['ETL', 'Data Visualization', 'Excel', 'Statistics', 'A/B Testing', 'Machine Learning', 'NumPy']","Data Analyst (junior full-time) role in the data domain (junior full-time) at a startup organization. Location: On-site - Jerusalem. You will help run operations, document workflows, and drive continuous improvement initiatives. The ideal candidate is organized, curious, and comfortable learning new tools quickly. Key skills include: Excel, Data Visualization, A/B Testing, NumPy, Statistics, Machine Learning. You will join a supportive team with opportunities to learn and grow. Tags: junior, entry-level, student, career. You will help maintain documentation, track metrics, and support regular check-ins with the team.","['student', 'junior', 'career', 'entry-level']"
1877,Software Engineer (contract),tech,Hybrid - Herzliya,contract,SMB,"['Cloud', 'APIs', 'Python', 'React', 'SQL', 'Linux', 'JavaScript']","Software Engineer (contract) role in the tech domain (contract) at a SMB organization. Location: Hybrid - Herzliya. You will take ownership of tasks, communicate progress clearly, and help deliver high-quality outcomes on time. We are looking for a proactive, detail-oriented candidate with strong communication skills. Key skills include: SQL, React, Cloud, JavaScript, Linux, Python. This role offers hands-on experience in a dynamic environment and exposure to real business challenges. Tags: junior, entry-level, career, student. You will help maintain documentation, track metrics, and support regular check-ins with the team.","['student', 'junior', 'career', 'entry-level']"
7180,Software Engineer (student part-time),tech,Hybrid - Herzliya,student part-time,corporate,"['JavaScript', 'Testing', 'React', 'APIs', 'Python', 'SQL', 'Cloud']","Software Engineer (student part-time) role in the tech domain (student part-time) at a corporate organization. Location: Hybrid - Herzliya. You will support day-to-day execution, coordinate stakeholders, and contribute to process improvements. You should be reliable, collaborative, and able to manage multiple tasks in parallel. Key skills include: React, APIs, Testing, SQL, Cloud, Python. This role offers hands-on experience in a dynamic environment and exposure to real business challenges. Tags: career, entry-level, student, junior. You will help maintain documentation, track metrics, and support regular check-ins with the team.","['student', 'junior', 'career', 'entry-level']"
1952,BI Analyst (student part-time),data,Hybrid - Tel Aviv,student part-time,nonprofit,"['SQL', 'Machine Learning', 'Python', 'Data Visualization', 'A/B Testing', 'NumPy', 'ETL']","BI Analyst (student part-time) role in the data domain (student part-time) at a nonprofit organization. Location: Hybrid - Tel Aviv. You will help run operations, document workflows, and drive continuous improvement initiatives. We value problem-solving, ownership, and the ability to work independently when needed. Key skills include: ETL, SQL, Data Visualization, NumPy, Python, A/B Testing. You will work in a fast-paced setting with room to take initiative and make an impact. Tags: entry-level, student, career, junior. You will help maintain documentation, track metrics, and support regular check-ins with the team.","['student', 'junior', 'career', 'entry-level']"
424,BI Analyst (contract),data,Hybrid - Herzliya,contract,agency,"['Excel', 'ETL', 'NumPy', 'Data Visualization', 'Pandas', 'A/B Testing', 'Statistics']","BI Analyst (contract) role in the data domain (contract) at a agency organization. Location: Hybrid - Herzliya. You will support day-to-day execution, coordinate stakeholders, and contribute to process improvements. We are looking for a proactive, detail-oriented candidate with strong communication skills. Key skills include: A/B Testing, Pandas, ETL, NumPy, Data Visualization, Excel. You will join a supportive team with opportunities to learn and grow. Tags: entry-level, junior, student, career. You will help maintain documentation, track metrics, and support regular check-ins with the team.","['student', 'junior', 'career', 'entry-level']"
9062,Data Analyst (contract),data,Hybrid - Herzliya,contract,nonprofit,"['Data Visualization', 'SQL', 'Pandas', 'A/B Testing', 'Machine Learning', 'Python', 'Statistics']","Data Analyst (contract) role in the data domain (contract) at a nonprofit organization. Location: Hybrid - Herzliya. You will take ownership of tasks, communicate progress clearly, and help deliver high-quality outcomes on time. We are looking for a proactive, detail-oriented candidate with strong communication skills. Key skills include: Statistics, Pandas, A/B Testing, Machine Learning, Python, SQL. You will join a supportive team with opportunities to learn and grow. Tags: student, career, junior, entry-level. You will help maintain documentation, track metrics, and support regular check-ins with the team.","['student', 'junior', 'career', 'entry-level']"
4404,Frontend Developer (student part-time),tech,On-site - Jerusalem,student part-time,agency,"['React', 'SQL', 'JavaScript', 'Git', 'APIs', 'Cloud', 'Linux']","Frontend Developer (student part-time) role in the tech domain (student part-time) at a agency organization. Location: On-site - Jerusalem. You will help run operations, document workflows, and drive continuous improvement initiatives. The ideal candidate is organized, curious, and comfortable learning new tools quickly. Key skills include: React, SQL, Linux, Cloud, Git, APIs. You will join a supportive team with opportunities to learn and grow. Tags: junior, student, entry-level, career. You will help maintain documentation, track metrics, and support regular check-ins with the team.","['student', 'junior', 'career', 'entry-level']"
6450,Backend Developer (internship),tech,On-site - Jerusalem,internship,corporate,"['React', 'Docker', 'JavaScript', 'Cloud', 'Git', 'Testing', 'SQL']","Backend Developer (internship) role in the tech domain (internship) at a corporate organization. Location: On-site - Jerusalem. You will work closely with cross-functional teams, analyze needs, and translate them into actionable steps. We value problem-solving, ownership, and the ability to work independently when needed. Key skills include: Testing, Git, Cloud, React, SQL, Docker. You will gain practical experience and build a strong foundation for your career. Tags: student, career, junior, entry-level. You will help maintain documentation, track metrics, and support regular check-ins with the team.","['student', 'junior', 'career', 'entry-level']"
3067,Backend Developer (contract),tech,On-site - Jerusalem,contract,nonprofit,"['Docker', 'React', 'Git', 'JavaScript', 'Testing', 'Cloud', 'APIs']","Backend Developer (contract) role in the tech domain (contract) at a nonprofit organization. Location: On-site - Jerusalem. You will take ownership of tasks, communicate progress clearly, and help deliver high-quality outcomes on time. The ideal candidate is organized, curious, and comfortable learning new tools quickly. Key skills include: Docker, Git, React, Testing, APIs, Cloud. You will gain practical experience and build a strong foundation for your career. Tags: entry-level, junior, student, career. You will help maintain documentation, track metrics, and support regular check-ins with the team.","['student', 'junior', 'career', 'entry-level']"
8017,Frontend Developer (junior full-time),tech,Hybrid - Herzliya,junior full-time,nonprofit,"['JavaScript', 'Git', 'Testing', 'APIs', 'Cloud', 'Linux', 'React']","Frontend Developer (junior full-time) role in the tech domain (junior full-time) at a nonprofit organization. Location: Hybrid - Herzliya. You will take ownership of tasks, communicate progress clearly, and help deliver high-quality outcomes on time. We value problem-solving, ownership, and the ability to work independently when needed. Key skills include: React, Linux, Testing, JavaScript, Git, APIs. This role offers hands-on experience in a dynamic environment and exposure to real business challenges. Tags: entry-level, junior, career, student. You will help maintain documentation, track metrics, and support regular check-ins with the team.","['student', 'junior', 'career', 'entry-level']"
5823,QA Engineer (student part-time),tech,On-site - Tel Aviv,student part-time,agency,"['SQL', 'JavaScript', 'Testing', 'Git', 'Python', 'React', 'Cloud']","QA Engineer (student part-time) role in the tech domain (student part-time) at a agency organization. Location: On-site - Tel Aviv. You will work closely with cross-functional teams, analyze needs, and translate them into actionable steps. We value problem-solving, ownership, and the ability to work independently when needed. Key skills include: Cloud, SQL, Python, JavaScript, React, Git. You will gain practical experience and build a strong foundation for your career. Tags: entry-level, career, junior, student. You will help maintain documentation, track metrics, and support regular check-ins with the team.","['student', 'junior', 'career', 'entry-level']"
9045,Backend Developer (student part-time),tech,Remote,student part-time,corporate,"['JavaScript', 'SQL', 'Testing', 'APIs', 'Docker', 'Git', 'Linux']","Backend Developer (student part-time) role in the tech domain (student part-time) at a corporate organization. Location: Remote. You will assist with planning and reporting, and ensure smooth collaboration across teams. The ideal candidate is organized, curious, and comfortable learning new tools quickly. Key skills include: Testing, Git, Docker, Linux, SQL, APIs. You will work in a fast-paced setting with room to take initiative and make an impact. Tags: entry-level, junior, career, student. You will help maintain documentation, track metrics, and support regular check-ins with the team.","['student', 'junior', 'career', 'entry-level']"
6833,Junior Data Scientist (junior full-time),data,Hybrid - Herzliya,junior full-time,corporate,"['Pandas', 'Machine Learning', 'Excel', 'Statistics', 'NumPy', 'ETL', 'Data Visualization']","Junior Data Scientist (junior full-time) role in the data domain (junior full-time) at a corporate organization. Location: Hybrid - Herzliya. You will support day-to-day execution, coordinate stakeholders, and contribute to process improvements. We are looking for a proactive, detail-oriented candidate with strong communication skills. Key skills include: NumPy, Data Visualization, Excel, Pandas, ETL, Machine Learning. You will join a supportive team with opportunities to learn and grow. Tags: career, junior, entry-level, student. You will help maintain documentation, track metrics, and support regular check-ins with the team.","['student', 'junior', 'career', 'entry-level']"
8935,Data Analyst (internship),data,On-site - Tel Aviv,internship,nonprofit,"['Machine Learning', 'NumPy', 'Data Visualization', 'Statistics', 'A/B Testing', 'Excel', 'Python']","Data Analyst (internship) role in the data domain (internship) at a nonprofit organization. Location: On-site - Tel Aviv. You will help run operations, document workflows, and drive continuous improvement initiatives. The ideal candidate is organized, curious, and comfortable learning new tools quickly. Key skills include: Machine Learning, Statistics, NumPy, A/B Testing, Data Visualization, Python. You will work in a fast-paced setting with room to take initiative and make an impact. Tags: entry-level, student, junior, career. You will help maintain documentation, track metrics, and support regular check-ins with the team.","['student', 'junior', 'career', 'entry-level']"
6198,Backend Developer (contract),tech,Remote,contract,startup,"['React', 'Linux', 'APIs', 'Docker', 'SQL', 'Cloud', 'Git']","Backend Developer (contract) role in the tech domain (contract) at a startup organization. Location: Remote. You will work closely with cross-functional teams, analyze needs, and translate them into actionable steps. We are looking for a proactive, detail-oriented candidate with strong communication skills. Key skills include: Docker, Linux, APIs, SQL, Cloud, React. This role offers hands-on experience in a dynamic environment and exposure to real business challenges. Tags: junior, career, student, entry-level. You will help maintain documentation, track metrics, and support regular check-ins with the team.","['student', 'junior', 'career', 'entry-level']"
3072,Data Analyst (contract),data,Remote (EU time),contract,nonprofit,"['Machine Learning', 'A/B Testing', 'Data Visualization', 'Excel', 'Statistics', 'Python', 'ETL']","Data Analyst (contract) role in the data domain (contract) at a nonprofit organization. Location: Remote (EU time). You will assist with planning and reporting, and ensure smooth collaboration across teams. We are looking for a proactive, detail-oriented candidate with strong communication skills. Key skills include: Machine Learning, Data Visualization, Python, Excel, Statistics, A/B Testing. You will work in a fast-paced setting with room to take initiative and make an impact. Tags: career, entry-level, student, junior. You will help maintain documentation, track metrics, and support regular check-ins with the team.","['student', 'junior', 'career', 'entry-level']"
9798,BI Analyst (contract),data,Hybrid - Herzliya,contract,corporate,"['Excel', 'ETL', 'Data Visualization', 'Statistics', 'NumPy', 'Machine Learning', 'Pandas']","BI Analyst (contract) role in the data domain (contract) at a corporate organization. Location: Hybrid - Herzliya. You will help run operations, document workflows, and drive continuous improvement initiatives. You should be reliable, collaborative, and able to manage multiple tasks in parallel. Key skills include: Excel, Machine Learning, ETL, NumPy, Pandas, Statistics. This role offers hands-on experience in a dynamic environment and exposure to real business challenges. Tags: student, career, junior, entry-level. You will help maintain documentation, track metrics, and support regular check-ins with the team.","['student', 'junior', 'career', 'entry-level']"
5799,Junior Data Scientist (contract),data,On-site - Jerusalem,contract,startup,"['Data Visualization', 'NumPy', 'Statistics', 'SQL', 'Python', 'Excel', 'Pandas']","Junior Data Scientist (contract) role in the data domain (contract) at a startup organization. Location: On-site - Jerusalem. You will work closely with cross-functional teams, analyze needs, and translate them into actionable steps. We are looking for a proactive, detail-oriented candidate with strong communication skills. Key skills include: SQL, Data Visualization, NumPy, Pandas, Statistics, Excel. You will gain practical experience and build a strong foundation for your career. Tags: entry-level, career, student, junior. You will help maintain documentation, track metrics, and support regular check-ins with the team.","['student', 'junior', 'career', 'entry-level']"
3292,BI Analyst (internship),data,Hybrid - Tel Aviv,internship,nonprofit,"['Pandas', 'Data Visualization', 'Machine Learning', 'SQL', 'Python', 'ETL', 'A/B Testing']","BI Analyst (internship) role in the data domain (internship) at a nonprofit organization. Location: Hybrid - Tel Aviv. You will help run operations, document workflows, and drive continuous improvement initiatives. We value problem-solving, ownership, and the ability to work independently when needed. Key skills include: ETL, Pandas, Python, Data Visualization, A/B Testing, Machine Learning. You will work in a fast-paced setting with room to take initiative and make an impact. Tags: entry-level, junior, student, career. You will help maintain documentation, track metrics, and support regular check-ins with the team.","['student', 'junior', 'career', 'entry-level']"
9689,Data Analyst (internship),data,On-site - Tel Aviv,internship,agency,"['NumPy', 'Python', 'A/B Testing', 'Excel', 'Statistics', 'Machine Learning', 'SQL']","Data Analyst (internship) role in the data domain (internship) at a agency organization. Location: On-site - Tel Aviv. You will help run operations, document workflows, and drive continuous improvement initiatives. We are looking for a proactive, detail-oriented candidate with strong communication skills. Key skills include: Python, NumPy, Machine Learning, Statistics, SQL, A/B Testing. This role offers hands-on experience in a dynamic environment and exposure to real business challenges. Tags: student, career, entry-level, junior. You will help maintain documentation, track metrics, and support regular check-ins with the team.","['student', 'junior', 'career', 'entry-level']"
2728,BI Analyst (student part-time),data,Hybrid - Tel Aviv,student part-time,corporate,"['Data Visualization', 'ETL', 'SQL', 'Pandas', 'Machine Learning', 'Statistics', 'Excel']","BI Analyst (student part-time) role in the data domain (student part-time) at a corporate organization. Location: Hybrid - Tel Aviv. You will take ownership of tasks, communicate progress clearly, and help deliver high-quality outcomes on time. We value problem-solving, ownership, and the ability to work independently when needed. Key skills include: SQL, Pandas, ETL, Machine Learning, Statistics, Data Visualization. You will gain practical experience and build a strong foundation for your career. Tags: student, entry-level, junior, career. You will help maintain documentation, track metrics, and support regular check-ins with the team.","['student', 'junior', 'career', 'entry-level']"
6382,Junior Data Scientist (internship),data,On-site - Tel Aviv,internship,SMB,"['Python', 'Excel', 'A/B Testing', 'Machine Learning', 'ETL', 'SQL', 'Pandas']","Junior Data Scientist (internship) role in the data domain (internship) at a SMB organization. Location: On-site - Tel Aviv. You will assist with planning and reporting, and ensure smooth collaboration across teams. The ideal candidate is organized, curious, and comfortable learning new tools quickly. Key skills include: ETL, Machine Learning, SQL, Python, Pandas, Excel. You will join a supportive team with opportunities to learn and grow. Tags: student, entry-level, junior, career. You will help maintain documentation, track metrics, and support regular check-ins with the team.","['student', 'junior', 'career', 'entry-level']"
9735,QA Engineer (student part-time),tech,Remote (EU time),student part-time,agency,"['Testing', 'Docker', 'SQL', 'APIs', 'Cloud', 'React', 'Linux']","QA Engineer (student part-time) role in the tech domain (student part-time) at a agency organization. Location: Remote (EU time). You will support day-to-day execution, coordinate stakeholders, and contribute to process improvements. We are looking for a proactive, detail-oriented candidate with strong communication skills. Key skills include: Linux, Testing, APIs, SQL, React, Docker. This role offers hands-on experience in a dynamic environment and exposure to real business challenges. Tags: student, junior, entry-level, career. You will help maintain documentation, track metrics, and support regular check-ins with the team.","['student', 'junior', 'career', 'entry-level']"
1300,Junior Data Scientist (student part-time),data,On-site - Tel Aviv,student part-time,SMB,"['A/B Testing', 'ETL', 'Statistics', 'Machine Learning', 'SQL', 'Python', 'Data Visualization']","Junior Data Scientist (student part-time) role in the data domain (student part-time) at a SMB organization. Location: On-site - Tel Aviv. You will assist with planning and reporting, and ensure smooth collaboration across teams. We are looking for a proactive, detail-oriented candidate with strong communication skills. Key skills include: A/B Testing, Machine Learning, Statistics, Python, ETL, SQL. This role offers hands-on experience in a dynamic environment and exposure to real business challenges. Tags: career, entry-level, junior, student. You will help maintain documentation, track metrics, and support regular check-ins with the team.","['student', 'junior', 'career', 'entry-level']"
952,QA Engineer (student part-time),tech,Remote,student part-time,nonprofit,"['Testing', 'APIs', 'Cloud', 'JavaScript', 'Git', 'SQL', 'Docker']","QA Engineer (student part-time) role in the tech domain (student part-time) at a nonprofit organization. Location: Remote. You will work closely with cross-functional teams, analyze needs, and translate them into actionable steps. We value problem-solving, ownership, and the ability to work independently when needed. Key skills include: Git, Docker, SQL, Cloud, Testing, JavaScript. You will gain practical experience and build a strong foundation for your career. Tags: student, career, entry-level, junior. You will help maintain documentation, track metrics, and support regular check-ins with the team.","['student', 'junior', 'career', 'entry-level']"
7269,Junior Data Scientist (student part-time),data,Hybrid - Tel Aviv,student part-time,corporate,"['Excel', 'NumPy', 'SQL', 'A/B Testing', 'Machine Learning', 'Data Visualization', 'Statistics']","Junior Data Scientist (student part-time) role in the data domain (student part-time) at a corporate organization. Location: Hybrid - Tel Aviv. You will work closely with cross-functional teams, analyze needs, and translate them into actionable steps. We are looking for a proactive, detail-oriented candidate with strong communication skills. Key skills include: A/B Testing, SQL, Machine Learning, Data Visualization, Statistics, NumPy. You will join a supportive team with opportunities to learn and grow. Tags: student, entry-level, career, junior. You will help maintain documentation, track metrics, and support regular check-ins with the team.","['student', 'junior', 'career', 'entry-level']"
6411,Backend Developer (junior full-time),tech,Hybrid - Herzliya,junior full-time,SMB,"['Git', 'Docker', 'React', 'Python', 'Cloud', 'Linux', 'SQL']","Backend Developer (junior full-time) role in the tech domain (junior full-time) at a SMB organization. Location: Hybrid - Herzliya. You will take ownership of tasks, communicate progress clearly, and help deliver high-quality outcomes on time. The ideal candidate is organized, curious, and comfortable learning new tools quickly. Key skills include: Linux, Python, React, Cloud, SQL, Git. You will gain practical experience and build a strong foundation for your career. Tags: junior, entry-level, career, student. You will help maintain documentation, track metrics, and support regular check-ins with the team.","['student', 'junior', 'career', 'entry-level']"
7560,BI Analyst (student part-time),data,Remote (EU time),student part-time,corporate,"['NumPy', 'Excel', 'SQL', 'ETL', 'Pandas', 'Python', 'Machine Learning']","BI Analyst (student part-time) role in the data domain (student part-time) at a corporate organization. Location: Remote (EU time). You will help run operations, document workflows, and drive continuous improvement initiatives. You should be reliable, collaborative, and able to manage multiple tasks in parallel. Key skills include: NumPy, Excel, Machine Learning, ETL, Pandas, Python. You will gain practical experience and build a strong foundation for your career. Tags: career, junior, entry-level, student. You will help maintain documentation, track metrics, and support regular check-ins with the team.","['student', 'junior', 'career', 'entry-level']"
2036,Software Engineer (internship),tech,Remote (EU time),internship,startup,"['SQL', 'Linux', 'APIs', 'JavaScript', 'React', 'Git', 'Docker']","Software Engineer (internship) role in the tech domain (internship) at a startup organization. Location: Remote (EU time). You will work closely with cross-functional teams, analyze needs, and translate them into actionable steps. You should be reliable, collaborative, and able to manage multiple tasks in parallel. Key skills include: APIs, Git, Docker, Linux, React, JavaScript. You will join a supportive team with opportunities to learn and grow. Tags: junior, career, student, entry-level. You will help maintain documentation, track metrics, and support regular check-ins with the team.","['student', 'junior', 'career', 'entry-level']"
1096,Junior Data Scientist (contract),data,On-site - Jerusalem,contract,startup,"['Statistics', 'NumPy', 'ETL', 'Excel', 'A/B Testing', 'Pandas', 'SQL']","Junior Data Scientist (contract) role in the data domain (contract) at a startup organization. Location: On-site - Jerusalem. You will take ownership of tasks, communicate progress clearly, and help deliver high-quality outcomes on time. You should be reliable, collaborative, and able to manage multiple tasks in parallel. Key skills include: SQL, NumPy, Excel, ETL, Statistics, Pandas. This role offers hands-on experience in a dynamic environment and exposure to real business challenges. Tags: career, student, junior, entry-level. You will help maintain documentation, track metrics, and support regular check-ins with the team.","['student', 'junior', 'career', 'entry-level']"
8100,Data Analyst (contract),data,On-site - Jerusalem,contract,SMB,"['Statistics', 'Excel', 'Pandas', 'A/B Testing', 'Data Visualization', 'SQL', 'Machine Learning']","Data Analyst (contract) role in the data domain (contract) at a SMB organization. Location: On-site - Jerusalem. You will work closely with cross-functional teams, analyze needs, and translate them into actionable steps. We are looking for a proactive, detail-oriented candidate with strong communication skills. Key skills include: Statistics, Pandas, Data Visualization, Machine Learning, Excel, SQL. You will work in a fast-paced setting with room to take initiative and make an impact. Tags: career, junior, entry-level, student. You will help maintain documentation, track metrics, and support regular check-ins with the team.","['student', 'junior', 'career', 'entry-level']"
1360,Junior Data Scientist (junior full-time),data,On-site - Tel Aviv,junior full-time,agency,"['Machine Learning', 'Statistics', 'Pandas', 'Data Visualization', 'Excel', 'NumPy', 'A/B Testing']","Junior Data Scientist (junior full-time) role in the data domain (junior full-time) at a agency organization. Location: On-site - Tel Aviv. You will assist with planning and reporting, and ensure smooth collaboration across teams. We are looking for a proactive, detail-oriented candidate with strong communication skills. Key skills include: Data Visualization, A/B Testing, Statistics, NumPy, Excel, Machine Learning. You will join a supportive team with opportunities to learn and grow. Tags: junior, student, career, entry-level. You will help maintain documentation, track metrics, and support regular check-ins with the team.","['student', 'junior', 'career', 'entry-level']"
8057,Data Analyst (internship),data,On-site - Tel Aviv,internship,corporate,"['Machine Learning', 'Python', 'Pandas', 'NumPy', 'A/B Testing', 'ETL', 'Excel']","Data Analyst (internship) role in the data domain (internship) at a corporate organization. Location: On-site - Tel Aviv. You will help run operations, document workflows, and drive continuous improvement initiatives. We are looking for a proactive, detail-oriented candidate with strong communication skills. Key skills include: Pandas, Excel, Python, NumPy, ETL, A/B Testing. This role offers hands-on experience in a dynamic environment and exposure to real business challenges. Tags: student, career, entry-level, junior. You will help maintain documentation, track metrics, and support regular check-ins with the team.","['student', 'junior', 'career', 'entry-level']"
2435,Data Analyst (student part-time),data,Hybrid - Tel Aviv,student part-time,corporate,"['SQL', 'Excel', 'Statistics', 'A/B Testing', 'ETL', 'Python', 'NumPy']","Data Analyst (student part-time) role in the data domain (student part-time) at a corporate organization. Location: Hybrid - Tel Aviv. You will assist with planning and reporting, and ensure smooth collaboration across teams. The ideal candidate is organized, curious, and comfortable learning new tools quickly. Key skills include: A/B Testing, ETL, SQL, Statistics, Excel, NumPy. You will work in a fast-paced setting with room to take initiative and make an impact. Tags: junior, student, career, entry-level. You will help maintain documentation, track metrics, and support regular check-ins with the team.","['student', 'junior', 'career', 'entry-level']"
6868,Frontend Developer (junior full-time),tech,On-site - Jerusalem,junior full-time,SMB,"['Cloud', 'Linux', 'Python', 'Docker', 'Testing', 'React', 'JavaScript']","Frontend Developer (junior full-time) role in the tech domain (junior full-time) at a SMB organization. Location: On-site - Jerusalem. You will take ownership of tasks, communicate progress clearly, and help deliver high-quality outcomes on time. The ideal candidate is organized, curious, and comfortable learning new tools quickly. Key skills include: JavaScript, Testing, Docker, Python, Cloud, React. You will work in a fast-paced setting with room to take initiative and make an impact. Tags: student, career, junior, entry-level. You will help maintain documentation, track metrics, and support regular check-ins with the team.","['student', 'junior', 'career', 'entry-level']"
7886,Junior Data Scientist (student part-time),data,Remote (EU time),student part-time,corporate,"['Machine Learning', 'Pandas', 'Python', 'Data Visualization', 'NumPy', 'SQL', 'Statistics']","Junior Data Scientist (student part-time) role in the data domain (student part-time) at a corporate organization. Location: Remote (EU time). You will support day-to-day execution, coordinate stakeholders, and contribute to process improvements. We value problem-solving, ownership, and the ability to work independently when needed. Key skills include: Statistics, SQL, Data Visualization, NumPy, Pandas, Python. You will gain practical experience and build a strong foundation for your career. Tags: career, student, junior, entry-level. You will help maintain documentation, track metrics, and support regular check-ins with the team.","['student', 'junior', 'career', 'entry-level']"
5304,BI Analyst (internship),data,On-site - Tel Aviv,internship,SMB,"['Excel', 'Data Visualization', 'Pandas', 'ETL', 'A/B Testing', 'SQL', 'Machine Learning']","BI Analyst (internship) role in the data domain (internship) at a SMB organization. Location: On-site - Tel Aviv. You will assist with planning and reporting, and ensure smooth collaboration across teams. We value problem-solving, ownership, and the ability to work independently when needed. Key skills include: Excel, ETL, SQL, A/B Testing, Pandas, Data Visualization. You will gain practical experience and build a strong foundation for your career. Tags: entry-level, student, career, junior. You will help maintain documentation, track metrics, and support regular check-ins with the team.","['student', 'junior', 'career', 'entry-level']"
4961,Data Analyst (internship),data,Remote (EU time),internship,startup,"['Machine Learning', 'Excel', 'ETL', 'Statistics', 'Data Visualization', 'A/B Testing', 'Python']","Data Analyst (internship) role in the data domain (internship) at a startup organization. Location: Remote (EU time). You will take ownership of tasks, communicate progress clearly, and help deliver high-quality outcomes on time. The ideal candidate is organized, curious, and comfortable learning new tools quickly. Key skills include: Excel, ETL, A/B Testing, Statistics, Data Visualization, Python. This role offers hands-on experience in a dynamic environment and exposure to real business challenges. Tags: junior, career, entry-level, student. You will help maintain documentation, track metrics, and support regular check-ins with the team.","['student', 'junior', 'career', 'entry-level']"
1626,Data Analyst (junior full-time),data,Remote (EU time),junior full-time,startup,"['SQL', 'Statistics', 'NumPy', 'ETL', 'Pandas', 'A/B Testing', 'Excel']","Data Analyst (junior full-time) role in the data domain (junior full-time) at a startup organization. Location: Remote (EU time). You will help run operations, document workflows, and drive continuous improvement initiatives. The ideal candidate is organized, curious, and comfortable learning new tools quickly. Key skills include: Statistics, SQL, NumPy, ETL, A/B Testing, Pandas. You will gain practical experience and build a strong foundation for your career. Tags: entry-level, career, junior, student. You will help maintain documentation, track metrics, and support regular check-ins with the team.","['student', 'junior', 'career', 'entry-level']"
4351,Backend Developer (internship),tech,Remote,internship,startup,"['Cloud', 'Linux', 'React', 'Python', 'Git', 'Docker', 'APIs']","Backend Developer (internship) role in the tech domain (internship) at a startup organization. Location: Remote. You will work closely with cross-functional teams, analyze needs, and translate them into actionable steps. We value problem-solving, ownership, and the ability to work independently when needed. Key skills include: React, Python, Linux, Docker, Cloud, APIs. You will gain practical experience and build a strong foundation for your career. Tags: student, junior, entry-level, career. You will help maintain documentation, track metrics, and support regular check-ins with the team.","['student', 'junior', 'career', 'entry-level']"
6349,Backend Developer (internship),tech,Hybrid - Herzliya,internship,SMB,"['APIs', 'Docker', 'Linux', 'React', 'Cloud', 'SQL', 'JavaScript']","Backend Developer (internship) role in the tech domain (internship) at a SMB organization. Location: Hybrid - Herzliya. You will take ownership of tasks, communicate progress clearly, and help deliver high-quality outcomes on time. You should be reliable, collaborative, and able to manage multiple tasks in parallel. Key skills include: Cloud, Linux, SQL, JavaScript, Docker, React. You will gain practical experience and build a strong foundation for your career. Tags: junior, career, student, entry-level. You will help maintain documentation, track metrics, and support regular check-ins with the team.","['student', 'junior', 'career', 'entry-level']"
3851,Data Analyst (contract),data,On-site - Jerusalem,contract,agency,"['Pandas', 'Python', 'NumPy', 'Data Visualization', 'Statistics', 'SQL', 'ETL']","Data Analyst (contract) role in the data domain (contract) at a agency organization. Location: On-site - Jerusalem. You will help run operations, document workflows, and drive continuous improvement initiatives. You should be reliable, collaborative, and able to manage multiple tasks in parallel. Key skills include: ETL, Data Visualization, Python, SQL, NumPy, Pandas. This role offers hands-on experience in a dynamic environment and exposure to real business challenges. Tags: entry-level, career, student, junior. You will help maintain documentation, track metrics, and support regular check-ins with the team.","['student', 'junior', 'career', 'entry-level']"
6695,Frontend Developer (internship),tech,Hybrid - Tel Aviv,internship,nonprofit,"['Docker', 'Testing', 'Linux', 'Python', 'Git', 'React', 'Cloud']","Frontend Developer (internship) role in the tech domain (internship) at a nonprofit organization. Location: Hybrid - Tel Aviv. You will work closely with cross-functional teams, analyze needs, and translate them into actionable steps. We are looking for a proactive, detail-oriented candidate with strong communication skills. Key skills include: React, Testing, Python, Cloud, Git, Docker. You will join a supportive team with opportunities to learn and grow. Tags: junior, entry-level, student, career. You will help maintain documentation, track metrics, and support regular check-ins with the team.","['student', 'junior', 'career', 'entry-level']"
4220,Backend Developer (contract),tech,On-site - Jerusalem,contract,corporate,"['JavaScript', 'Cloud', 'React', 'Testing', 'Docker', 'Git', 'Linux']","Backend Developer (contract) role in the tech domain (contract) at a corporate organization. Location: On-site - Jerusalem. You will take ownership of tasks, communicate progress clearly, and help deliver high-quality outcomes on time. You should be reliable, collaborative, and able to manage multiple tasks in parallel. Key skills include: Git, Docker, JavaScript, Cloud, Testing, React. This role offers hands-on experience in a dynamic environment and exposure to real business challenges. Tags: student, entry-level, junior, career. You will help maintain documentation, track metrics, and support regular check-ins with the team.","['student', 'junior', 'career', 'entry-level']"
8805,Software Engineer (internship),tech,Hybrid - Herzliya,internship,SMB,"['SQL', 'React', 'Git', 'JavaScript', 'Testing', 'Docker', 'Python']","Software Engineer (internship) role in the tech domain (internship) at a SMB organization. Location: Hybrid - Herzliya. You will help run operations, document workflows, and drive continuous improvement initiatives. You should be reliable, collaborative, and able to manage multiple tasks in parallel. Key skills include: Docker, React, SQL, JavaScript, Git, Testing. This role offers hands-on experience in a dynamic environment and exposure to real business challenges. Tags: junior, student, career, entry-level. You will help maintain documentation, track metrics, and support regular check-ins with the team.","['student', 'junior', 'career', 'entry-level']"
7295,Junior Data Scientist (student part-time),data,Remote,student part-time,agency,"['ETL', 'Machine Learning', 'SQL', 'NumPy', 'Pandas', 'A/B Testing', 'Python']","Junior Data Scientist (student part-time) role in the data domain (student part-time) at a agency organization. Location: Remote. You will help run operations, document workflows, and drive continuous improvement initiatives. The ideal candidate is organized, curious, and comfortable learning new tools quickly. Key skills include: NumPy, A/B Testing, SQL, Python, Pandas, Machine Learning. You will work in a fast-paced setting with room to take initiative and make an impact. Tags: junior, student, entry-level, career. You will help maintain documentation, track metrics, and support regular check-ins with the team.","['student', 'junior', 'career', 'entry-level']"
9709,Frontend Developer (student part-time),tech,Remote,student part-time,corporate,"['Python', 'Cloud', 'SQL', 'APIs', 'Docker', 'Linux', 'React']","Frontend Developer (student part-time) role in the tech domain (student part-time) at a corporate organization. Location: Remote. You will take ownership of tasks, communicate progress clearly, and help deliver high-quality outcomes on time. We are looking for a proactive, detail-oriented candidate with strong communication skills. Key skills include: Cloud, APIs, SQL, Python, Linux, React. You will join a supportive team with opportunities to learn and grow. Tags: career, student, junior, entry-level. You will help maintain documentation, track metrics, and support regular check-ins with the team.","['student', 'junior', 'career', 'entry-level']"
6914,QA Engineer (junior full-time),tech,On-site - Tel Aviv,junior full-time,startup,"['Git', 'SQL', 'Testing', 'Linux', 'Cloud', 'APIs', 'React']","QA Engineer (junior full-time) role in the tech domain (junior full-time) at a startup organization. Location: On-site - Tel Aviv. You will support day-to-day execution, coordinate stakeholders, and contribute to process improvements. The ideal candidate is organized, curious, and comfortable learning new tools quickly. Key skills include: Testing, SQL, React, Cloud, Linux, Git. You will work in a fast-paced setting with room to take initiative and make an impact. Tags: student, entry-level, career, junior. You will help maintain documentation, track metrics, and support regular check-ins with the team.","['student', 'junior', 'career', 'entry-level']"
5688,BI Analyst (student part-time),data,Hybrid - Herzliya,student part-time,nonprofit,"['A/B Testing', 'Statistics', 'Pandas', 'Python', 'ETL', 'NumPy', 'Excel']","BI Analyst (student part-time) role in the data domain (student part-time) at a nonprofit organization. Location: Hybrid - Herzliya. You will take ownership of tasks, communicate progress clearly, and help deliver high-quality outcomes on time. We value problem-solving, ownership, and the ability to work independently when needed. Key skills include: NumPy, Excel, Pandas, A/B Testing, Python, ETL. You will join a supportive team with opportunities to learn and grow. Tags: student, career, entry-level, junior. You will help maintain documentation, track metrics, and support regular check-ins with the team.","['student', 'junior', 'career', 'entry-level']"
2458,Junior Data Scientist (internship),data,On-site - Jerusalem,internship,corporate,"['Machine Learning', 'Excel', 'ETL', 'NumPy', 'Data Visualization', 'SQL', 'A/B Testing']","Junior Data Scientist (internship) role in the data domain (internship) at a corporate organization. Location: On-site - Jerusalem. You will work closely with cross-functional teams, analyze needs, and translate them into actionable steps. The ideal candidate is organized, curious, and comfortable learning new tools quickly. Key skills include: A/B Testing, SQL, Excel, NumPy, Machine Learning, ETL. You will work in a fast-paced setting with room to take initiative and make an impact. Tags: student, career, junior, entry-level. You will help maintain documentation, track metrics, and support regular check-ins with the team.","['student', 'junior', 'career', 'entry-level']"
9153,BI Analyst (junior full-time),data,On-site - Tel Aviv,junior full-time,corporate,"['Data Visualization', 'SQL', 'Machine Learning', 'Excel', 'Pandas', 'Statistics', 'NumPy']","BI Analyst (junior full-time) role in the data domain (junior full-time) at a corporate organization. Location: On-site - Tel Aviv. You will assist with planning and reporting, and ensure smooth collaboration across teams. You should be reliable, collaborative, and able to manage multiple tasks in parallel. Key skills include: Data Visualization, Excel, Statistics, SQL, Pandas, Machine Learning. This role offers hands-on experience in a dynamic environment and exposure to real business challenges. Tags: student, junior, career, entry-level. You will help maintain documentation, track metrics, and support regular check-ins with the team.","['student', 'junior', 'career', 'entry-level']"
1933,Junior Data Scientist (junior full-time),data,Remote,junior full-time,agency,"['ETL', 'Statistics', 'A/B Testing', 'NumPy', 'SQL', 'Pandas', 'Machine Learning']","Junior Data Scientist (junior full-time) role in the data domain (junior full-time) at a agency organization. Location: Remote. You will assist with planning and reporting, and ensure smooth collaboration across teams. We value problem-solving, ownership, and the ability to work independently when needed. Key skills include: Statistics, A/B Testing, ETL, NumPy, Machine Learning, Pandas. This role offers hands-on experience in a dynamic environment and exposure to real business challenges. Tags: junior, career, student, entry-level. You will help maintain documentation, track metrics, and support regular check-ins with the team.","['student', 'junior', 'career', 'entry-level']"
3604,BI Analyst (junior full-time),data,Remote,junior full-time,SMB,"['Machine Learning', 'Data Visualization', 'ETL', 'Statistics', 'SQL', 'Excel', 'A/B Testing']","BI Analyst (junior full-time) role in the data domain (junior full-time) at a SMB organization. Location: Remote. You will help run operations, document workflows, and drive continuous improvement initiatives. You should be reliable, collaborative, and able to manage multiple tasks in parallel. Key skills include: Statistics, A/B Testing, SQL, Machine Learning, ETL, Excel. You will work in a fast-paced setting with room to take initiative and make an impact. Tags: career, junior, student, entry-level. You will help maintain documentation, track metrics, and support regular check-ins with the team.","['student', 'junior', 'career', 'entry-level']"
1143,Junior Data Scientist (contract),data,Remote (EU time),contract,agency,"['Python', 'ETL', 'Statistics', 'Excel', 'Data Visualization', 'NumPy', 'A/B Testing']","Junior Data Scientist (contract) role in the data domain (contract) at a agency organization. Location: Remote (EU time). You will work closely with cross-functional teams, analyze needs, and translate them into actionable steps. We are looking for a proactive, detail-oriented candidate with strong communication skills. Key skills include: Python, NumPy, Data Visualization, A/B Testing, Excel, Statistics. You will join a supportive team with opportunities to learn and grow. Tags: entry-level, junior, student, career. You will help maintain documentation, track metrics, and support regular check-ins with the team.","['student', 'junior', 'career', 'entry-level']"
9235,Software Engineer (junior full-time),tech,On-site - Tel Aviv,junior full-time,corporate,"['Docker', 'Python', 'APIs', 'React', 'Linux', 'Git', 'SQL']","Software Engineer (junior full-time) role in the tech domain (junior full-time) at a corporate organization. Location: On-site - Tel Aviv. You will support day-to-day execution, coordinate stakeholders, and contribute to process improvements. You should be reliable, collaborative, and able to manage multiple tasks in parallel. Key skills include: Python, SQL, Git, React, Docker, Linux. You will work in a fast-paced setting with room to take initiative and make an impact. Tags: student, career, junior, entry-level. You will help maintain documentation, track metrics, and support regular check-ins with the team.","['student', 'junior', 'career', 'entry-level']"
9420,Software Engineer (student part-time),tech,Remote (EU time),student part-time,SMB,"['APIs', 'Docker', 'Python', 'JavaScript', 'Git', 'React', 'Cloud']","Software Engineer (student part-time) role in the tech domain (student part-time) at a SMB organization. Location: Remote (EU time). You will assist with planning and reporting, and ensure smooth collaboration across teams. We value problem-solving, ownership, and the ability to work independently when needed. Key skills include: Cloud, Git, Python, JavaScript, Docker, React. You will gain practical experience and build a strong foundation for your career. Tags: junior, career, student, entry-level. You will help maintain documentation, track metrics, and support regular check-ins with the team.","['student', 'junior', 'career', 'entry-level']"
6092,Junior Data Scientist (junior full-time),data,Hybrid - Tel Aviv,junior full-time,nonprofit,"['Pandas', 'Statistics', 'Python', 'SQL', 'Data Visualization', 'ETL', 'A/B Testing']","Junior Data Scientist (junior full-time) role in the data domain (junior full-time) at a nonprofit organization. Location: Hybrid - Tel Aviv. You will help run operations, document workflows, and drive continuous improvement initiatives. The ideal candidate is organized, curious, and comfortable learning new tools quickly. Key skills include: Pandas, SQL, Data Visualization, Statistics, A/B Testing, ETL. You will join a supportive team with opportunities to learn and grow. Tags: career, student, entry-level, junior. You will help maintain documentation, track metrics, and support regular check-ins with the team.","['student', 'junior', 'career', 'entry-level']"
2103,Software Engineer (student part-time),tech,Remote,student part-time,corporate,"['SQL', 'Git', 'JavaScript', 'React', 'Testing', 'APIs', 'Linux']","Software Engineer (student part-time) role in the tech domain (student part-time) at a corporate organization. Location: Remote. You will help run operations, document workflows, and drive continuous improvement initiatives. You should be reliable, collaborative, and able to manage multiple tasks in parallel. Key skills include: Linux, JavaScript, Git, React, SQL, APIs. You will gain practical experience and build a strong foundation for your career. Tags: junior, student, career, entry-level. You will help maintain documentation, track metrics, and support regular check-ins with the team.","['student', 'junior', 'career', 'entry-level']"
8290,BI Analyst (junior full-time),data,Remote,junior full-time,startup,"['A/B Testing', 'NumPy', 'Machine Learning', 'Statistics', 'Python', 'Data Visualization', 'Pandas']","BI Analyst (junior full-time) role in the data domain (junior full-time) at a startup organization. Location: Remote. You will assist with planning and reporting, and ensure smooth collaboration across teams. The ideal candidate is organized, curious, and comfortable learning new tools quickly. Key skills include: Statistics, Data Visualization, NumPy, Python, Pandas, A/B Testing. You will join a supportive team with opportunities to learn and grow. Tags: student, career, junior, entry-level. You will help maintain documentation, track metrics, and support regular check-ins with the team.","['student', 'junior', 'career', 'entry-level']"
6190,Frontend Developer (student part-time),tech,On-site - Jerusalem,student part-time,corporate,"['JavaScript', 'Linux', 'Cloud', 'React', 'SQL', 'Python', 'Docker']","Frontend Developer (student part-time) role in the tech domain (student part-time) at a corporate organization. Location: On-site - Jerusalem. You will help run operations, document workflows, and drive continuous improvement initiatives. We value problem-solving, ownership, and the ability to work independently when needed. Key skills include: Python, SQL, JavaScript, Linux, Docker, React. You will work in a fast-paced setting with room to take initiative and make an impact. Tags: career, junior, entry-level, student. You will help maintain documentation, track metrics, and support regular check-ins with the team.","['student', 'junior', 'career', 'entry-level']"
3914,Data Analyst (student part-time),data,On-site - Tel Aviv,student part-time,agency,"['Excel', 'ETL', 'Python', 'A/B Testing', 'Machine Learning', 'NumPy', 'Pandas']","Data Analyst (student part-time) role in the data domain (student part-time) at a agency organization. Location: On-site - Tel Aviv. You will support day-to-day execution, coordinate stakeholders, and contribute to process improvements. We value problem-solving, ownership, and the ability to work independently when needed. Key skills include: Pandas, Excel, Python, ETL, Machine Learning, NumPy. You will work in a fast-paced setting with room to take initiative and make an impact. Tags: junior, career, student, entry-level. You will help maintain documentation, track metrics, and support regular check-ins with the team.","['student', 'junior', 'career', 'entry-level']"
3531,Frontend Developer (junior full-time),tech,Remote,junior full-time,startup,"['React', 'Linux', 'Cloud', 'Git', 'Docker', 'APIs', 'SQL']","Frontend Developer (junior full-time) role in the tech domain (junior full-time) at a startup organization. Location: Remote. You will work closely with cross-functional teams, analyze needs, and translate them into actionable steps. We value problem-solving, ownership, and the ability to work independently when needed. Key skills include: SQL, React, Linux, APIs, Git, Cloud. You will gain practical experience and build a strong foundation for your career. Tags: entry-level, student, junior, career. You will help maintain documentation, track metrics, and support regular check-ins with the team.","['student', 'junior', 'career', 'entry-level']"
7512,QA Engineer (junior full-time),tech,Hybrid - Tel Aviv,junior full-time,startup,"['Cloud', 'SQL', 'Docker', 'APIs', 'Testing', 'JavaScript', 'React']","QA Engineer (junior full-time) role in the tech domain (junior full-time) at a startup organization. Location: Hybrid - Tel Aviv. You will help run operations, document workflows, and drive continuous improvement initiatives. You should be reliable, collaborative, and able to manage multiple tasks in parallel. Key skills include: React, SQL, JavaScript, Cloud, Docker, APIs. You will work in a fast-paced setting with room to take initiative and make an impact. Tags: entry-level, career, student, junior. You will help maintain documentation, track metrics, and support regular check-ins with the team.","['student', 'junior', 'career', 'entry-level']"
5552,Backend Developer (contract),tech,Hybrid - Herzliya,contract,startup,"['React', 'Docker', 'APIs', 'Python', 'Git', 'JavaScript', 'SQL']","Backend Developer (contract) role in the tech domain (contract) at a startup organization. Location: Hybrid - Herzliya. You will take ownership of tasks, communicate progress clearly, and help deliver high-quality outcomes on time. You should be reliable, collaborative, and able to manage multiple tasks in parallel. Key skills include: JavaScript, Docker, APIs, React, Git, Python. You will gain practical experience and build a strong foundation for your career. Tags: career, junior, entry-level, student. You will help maintain documentation, track metrics, and support regular check-ins with the team.","['student', 'junior', 'career', 'entry-level']"
4443,Backend Developer (contract),tech,Remote,contract,SMB,"['JavaScript', 'Cloud', 'Git', 'Linux', 'Testing', 'Python', 'SQL']","Backend Developer (contract) role in the tech domain (contract) at a SMB organization. Location: Remote. You will support day-to-day execution, coordinate stakeholders, and contribute to process improvements. We are looking for a proactive, detail-oriented candidate with strong communication skills. Key skills include: SQL, Testing, Git, JavaScript, Cloud, Linux. This role offers hands-on experience in a dynamic environment and exposure to real business challenges. Tags: entry-level, junior, career, student. You will help maintain documentation, track metrics, and support regular check-ins with the team.","['student', 'junior', 'career', 'entry-level']"
1706,Frontend Developer (student part-time),tech,On-site - Tel Aviv,student part-time,nonprofit,"['Testing', 'Cloud', 'React', 'Linux', 'Git', 'JavaScript', 'Docker']","Frontend Developer (student part-time) role in the tech domain (student part-time) at a nonprofit organization. Location: On-site - Tel Aviv. You will work closely with cross-functional teams, analyze needs, and translate them into actionable steps. We are looking for a proactive, detail-oriented candidate with strong communication skills. Key skills include: JavaScript, Linux, Testing, React, Git, Docker. You will work in a fast-paced setting with room to take initiative and make an impact. Tags: entry-level, student, junior, career. You will help maintain documentation, track metrics, and support regular check-ins with the team.","['student', 'junior', 'career', 'entry-level']"
1703,Junior Data Scientist (internship),data,Remote (EU time),internship,agency,"['ETL', 'Data Visualization', 'NumPy', 'SQL', 'Machine Learning', 'Pandas', 'A/B Testing']","Junior Data Scientist (internship) role in the data domain (internship) at a agency organization. Location: Remote (EU time). You will work closely with cross-functional teams, analyze needs, and translate them into actionable steps. The ideal candidate is organized, curious, and comfortable learning new tools quickly. Key skills include: NumPy, ETL, Machine Learning, Pandas, SQL, A/B Testing. You will gain practical experience and build a strong foundation for your career. Tags: career, entry-level, junior, student. You will help maintain documentation, track metrics, and support regular check-ins with the team.","['student', 'junior', 'career', 'entry-level']"
1250,QA Engineer (student part-time),tech,Hybrid - Herzliya,student part-time,startup,"['Cloud', 'Linux', 'Testing', 'SQL', 'Git', 'APIs', 'JavaScript']","QA Engineer (student part-time) role in the tech domain (student part-time) at a startup organization. Location: Hybrid - Herzliya. You will assist with planning and reporting, and ensure smooth collaboration across teams. We are looking for a proactive, detail-oriented candidate with strong communication skills. Key skills include: APIs, Testing, SQL, Cloud, JavaScript, Git. You will join a supportive team with opportunities to learn and grow. Tags: entry-level, junior, career, student. You will help maintain documentation, track metrics, and support regular check-ins with the team.","['student', 'junior', 'career', 'entry-level']"
1112,BI Analyst (junior full-time),data,Hybrid - Herzliya,junior full-time,startup,"['Machine Learning', 'Statistics', 'Python', 'A/B Testing', 'Pandas', 'ETL', 'Excel']","BI Analyst (junior full-time) role in the data domain (junior full-time) at a startup organization. Location: Hybrid - Herzliya. You will support day-to-day execution, coordinate stakeholders, and contribute to process improvements. We are looking for a proactive, detail-oriented candidate with strong communication skills. Key skills include: Pandas, ETL, Python, Machine Learning, A/B Testing, Excel. This role offers hands-on experience in a dynamic environment and exposure to real business challenges. Tags: career, entry-level, student, junior. You will help maintain documentation, track metrics, and support regular check-ins with the team.","['student', 'junior', 'career', 'entry-level']"
2916,Frontend Developer (internship),tech,On-site - Jerusalem,internship,startup,"['Linux', 'Python', 'JavaScript', 'SQL', 'Git', 'React', 'Testing']","Frontend Developer (internship) role in the tech domain (internship) at a startup organization. Location: On-site - Jerusalem. You will work closely with cross-functional teams, analyze needs, and translate them into actionable steps. We value problem-solving, ownership, and the ability to work independently when needed. Key skills include: Python, Testing, Linux, Git, SQL, React. You will work in a fast-paced setting with room to take initiative and make an impact. Tags: entry-level, student, career, junior. You will help maintain documentation, track metrics, and support regular check-ins with the team.","['student', 'junior', 'career', 'entry-level']"
923,Junior Data Scientist (internship),data,Hybrid - Herzliya,internship,corporate,"['Statistics', 'Pandas', 'SQL', 'Python', 'ETL', 'Excel', 'Data Visualization']","Junior Data Scientist (internship) role in the data domain (internship) at a corporate organization. Location: Hybrid - Herzliya. You will help run operations, document workflows, and drive continuous improvement initiatives. The ideal candidate is organized, curious, and comfortable learning new tools quickly. Key skills include: Python, Statistics, Pandas, Data Visualization, Excel, ETL. You will work in a fast-paced setting with room to take initiative and make an impact. Tags: career, junior, entry-level, student. You will help maintain documentation, track metrics, and support regular check-ins with the team.","['student', 'junior', 'career', 'entry-level']"
4206,Backend Developer (contract),tech,On-site - Tel Aviv,contract,corporate,"['Testing', 'SQL', 'Python', 'JavaScript', 'Git', 'React', 'Docker']","Backend Developer (contract) role in the tech domain (contract) at a corporate organization. Location: On-site - Tel Aviv. You will help run operations, document workflows, and drive continuous improvement initiatives. You should be reliable, collaborative, and able to manage multiple tasks in parallel. Key skills include: React, Git, JavaScript, Testing, SQL, Python. This role offers hands-on experience in a dynamic environment and exposure to real business challenges. Tags: entry-level, career, junior, student. You will help maintain documentation, track metrics, and support regular check-ins with the team.","['student', 'junior', 'career', 'entry-level']"
2049,Junior Data Scientist (student part-time),data,Hybrid - Herzliya,student part-time,nonprofit,"['A/B Testing', 'SQL', 'Excel', 'Python', 'Pandas', 'Data Visualization', 'Statistics']","Junior Data Scientist (student part-time) role in the data domain (student part-time) at a nonprofit organization. Location: Hybrid - Herzliya. You will support day-to-day execution, coordinate stakeholders, and contribute to process improvements. You should be reliable, collaborative, and able to manage multiple tasks in parallel. Key skills include: Statistics, Pandas, Python, Data Visualization, Excel, SQL. You will work in a fast-paced setting with room to take initiative and make an impact. Tags: student, entry-level, career, junior. You will help maintain documentation, track metrics, and support regular check-ins with the team.","['student', 'junior', 'career', 'entry-level']"
6680,QA Engineer (internship),tech,Hybrid - Tel Aviv,internship,SMB,"['Linux', 'Docker', 'Git', 'SQL', 'Testing', 'Python', 'Cloud']","QA Engineer (internship) role in the tech domain (internship) at a SMB organization. Location: Hybrid - Tel Aviv. You will take ownership of tasks, communicate progress clearly, and help deliver high-quality outcomes on time. We value problem-solving, ownership, and the ability to work independently when needed. Key skills include: Git, Testing, Python, Linux, Cloud, SQL. You will work in a fast-paced setting with room to take initiative and make an impact. Tags: student, career, entry-level, junior. You will help maintain documentation, track metrics, and support regular check-ins with the team.","['student', 'junior', 'career', 'entry-level']"
2818,Data Analyst (contract),data,On-site - Tel Aviv,contract,startup,"['Data Visualization', 'Python', 'Machine Learning', 'Pandas', 'Statistics', 'A/B Testing', 'NumPy']","Data Analyst (contract) role in the data domain (contract) at a startup organization. Location: On-site - Tel Aviv. You will work closely with cross-functional teams, analyze needs, and translate them into actionable steps. We are looking for a proactive, detail-oriented candidate with strong communication skills. Key skills include: Data Visualization, Statistics, A/B Testing, Python, Pandas, NumPy. This role offers hands-on experience in a dynamic environment and exposure to real business challenges. Tags: junior, student, career, entry-level. You will help maintain documentation, track metrics, and support regular check-ins with the team.","['student', 'junior', 'career', 'entry-level']"
4242,BI Analyst (student part-time),data,Remote (EU time),student part-time,nonprofit,"['Python', 'ETL', 'SQL', 'Pandas', 'NumPy', 'Excel', 'Statistics']","BI Analyst (student part-time) role in the data domain (student part-time) at a nonprofit organization. Location: Remote (EU time). You will take ownership of tasks, communicate progress clearly, and help deliver high-quality outcomes on time. We value problem-solving, ownership, and the ability to work independently when needed. Key skills include: NumPy, Statistics, Python, SQL, Pandas, Excel. You will work in a fast-paced setting with room to take initiative and make an impact. Tags: career, student, entry-level, junior. You will help maintain documentation, track metrics, and support regular check-ins with the team.","['student', 'junior', 'career', 'entry-level']"
1438,BI Analyst (contract),data,Hybrid - Herzliya,contract,startup,"['SQL', 'Excel', 'A/B Testing', 'Data Visualization', 'Machine Learning', 'Python', 'ETL']","BI Analyst (contract) role in the data domain (contract) at a startup organization. Location: Hybrid - Herzliya. You will help run operations, document workflows, and drive continuous improvement initiatives. The ideal candidate is organized, curious, and comfortable learning new tools quickly. Key skills include: A/B Testing, Python, SQL, Data Visualization, ETL, Excel. You will work in a fast-paced setting with room to take initiative and make an impact. Tags: entry-level, junior, career, student. You will help maintain documentation, track metrics, and support regular check-ins with the team.","['student', 'junior', 'career', 'entry-level']"
6000,Software Engineer (contract),tech,Remote,contract,corporate,"['Git', 'Docker', 'Linux', 'JavaScript', 'Cloud', 'Python', 'APIs']","Software Engineer (contract) role in the tech domain (contract) at a corporate organization. Location: Remote. You will take ownership of tasks, communicate progress clearly, and help deliver high-quality outcomes on time. We are looking for a proactive, detail-oriented candidate with strong communication skills. Key skills include: Linux, JavaScript, Docker, Python, Cloud, APIs. You will gain practical experience and build a strong foundation for your career. Tags: entry-level, junior, student, career. You will help maintain documentation, track metrics, and support regular check-ins with the team.","['student', 'junior', 'career', 'entry-level']"
931,BI Analyst (junior full-time),data,Hybrid - Herzliya,junior full-time,startup,"['SQL', 'Pandas', 'ETL', 'A/B Testing', 'NumPy', 'Data Visualization', 'Machine Learning']","BI Analyst (junior full-time) role in the data domain (junior full-time) at a startup organization. Location: Hybrid - Herzliya. You will help run operations, document workflows, and drive continuous improvement initiatives. The ideal candidate is organized, curious, and comfortable learning new tools quickly. Key skills include: A/B Testing, ETL, Machine Learning, Pandas, Data Visualization, SQL. You will join a supportive team with opportunities to learn and grow. Tags: career, entry-level, student, junior. You will help maintain documentation, track metrics, and support regular check-ins with the team.","['student', 'junior', 'career', 'entry-level']"
469,Software Engineer (junior full-time),tech,On-site - Jerusalem,junior full-time,SMB,"['Python', 'JavaScript', 'Git', 'Cloud', 'Testing', 'Linux', 'Docker']","Software Engineer (junior full-time) role in the tech domain (junior full-time) at a SMB organization. Location: On-site - Jerusalem. You will work closely with cross-functional teams, analyze needs, and translate them into actionable steps. We value problem-solving, ownership, and the ability to work independently when needed. Key skills include: Docker, JavaScript, Cloud, Linux, Testing, Python. You will gain practical experience and build a strong foundation for your career. Tags: entry-level, student, career, junior. You will help maintain documentation, track metrics, and support regular check-ins with the team.","['student', 'junior', 'career', 'entry-level']"
7058,Junior Data Scientist (internship),data,Hybrid - Tel Aviv,internship,agency,"['Data Visualization', 'Python', 'SQL', 'Statistics', 'A/B Testing', 'Machine Learning', 'Excel']","Junior Data Scientist (internship) role in the data domain (internship) at a agency organization. Location: Hybrid - Tel Aviv. You will work closely with cross-functional teams, analyze needs, and translate them into actionable steps. You should be reliable, collaborative, and able to manage multiple tasks in parallel. Key skills include: Excel, A/B Testing, Data Visualization, Machine Learning, Statistics, Python. You will gain practical experience and build a strong foundation for your career. Tags: entry-level, student, junior, career. You will help maintain documentation, track metrics, and support regular check-ins with the team.","['student', 'junior', 'career', 'entry-level']"
129,QA Engineer (junior full-time),tech,Remote,junior full-time,nonprofit,"['JavaScript', 'Cloud', 'Docker', 'SQL', 'Git', 'APIs', 'Python']","QA Engineer (junior full-time) role in the tech domain (junior full-time) at a nonprofit organization. Location: Remote. You will assist with planning and reporting, and ensure smooth collaboration across teams. We are looking for a proactive, detail-oriented candidate with strong communication skills. Key skills include: APIs, Python, JavaScript, Git, Cloud, SQL. You will work in a fast-paced setting with room to take initiative and make an impact. Tags: career, entry-level, junior, student. You will help maintain documentation, track metrics, and support regular check-ins with the team.","['student', 'junior', 'career', 'entry-level']"
1121,Frontend Developer (junior full-time),tech,On-site - Tel Aviv,junior full-time,corporate,"['Git', 'React', 'APIs', 'SQL', 'JavaScript', 'Linux', 'Testing']","Frontend Developer (junior full-time) role in the tech domain (junior full-time) at a corporate organization. Location: On-site - Tel Aviv. You will assist with planning and reporting, and ensure smooth collaboration across teams. We value problem-solving, ownership, and the ability to work independently when needed. Key skills include: Git, Testing, SQL, APIs, JavaScript, React. You will join a supportive team with opportunities to learn and grow. Tags: career, student, junior, entry-level. You will help maintain documentation, track metrics, and support regular check-ins with the team.","['student', 'junior', 'career', 'entry-level']"
5814,Frontend Developer (student part-time),tech,On-site - Jerusalem,student part-time,SMB,"['Linux', 'SQL', 'APIs', 'JavaScript', 'Cloud', 'React', 'Git']","Frontend Developer (student part-time) role in the tech domain (student part-time) at a SMB organization. Location: On-site - Jerusalem. You will take ownership of tasks, communicate progress clearly, and help deliver high-quality outcomes on time. We value problem-solving, ownership, and the ability to work independently when needed. Key skills include: Cloud, APIs, Git, React, SQL, Linux. You will gain practical experience and build a strong foundation for your career. Tags: career, student, entry-level, junior. You will help maintain documentation, track metrics, and support regular check-ins with the team.","['student', 'junior', 'career', 'entry-level']"
9079,Backend Developer (contract),tech,On-site - Jerusalem,contract,corporate,"['APIs', 'JavaScript', 'Cloud', 'Git', 'Python', 'Linux', 'SQL']","Backend Developer (contract) role in the tech domain (contract) at a corporate organization. Location: On-site - Jerusalem. You will help run operations, document workflows, and drive continuous improvement initiatives. We value problem-solving, ownership, and the ability to work independently when needed. Key skills include: Git, Cloud, Linux, SQL, Python, APIs. This role offers hands-on experience in a dynamic environment and exposure to real business challenges. Tags: student, entry-level, career, junior. You will help maintain documentation, track metrics, and support regular check-ins with the team.","['student', 'junior', 'career', 'entry-level']"
5693,QA Engineer (contract),tech,Remote,contract,corporate,"['React', 'JavaScript', 'Cloud', 'Testing', 'Linux', 'Docker', 'SQL']","QA Engineer (contract) role in the tech domain (contract) at a corporate organization. Location: Remote. You will support day-to-day execution, coordinate stakeholders, and contribute to process improvements. We value problem-solving, ownership, and the ability to work independently when needed. Key skills include: Linux, Docker, Cloud, SQL, React, Testing. You will work in a fast-paced setting with room to take initiative and make an impact. Tags: student, career, entry-level, junior. You will help maintain documentation, track metrics, and support regular check-ins with the team.","['student', 'junior', 'career', 'entry-level']"
3230,Software Engineer (student part-time),tech,On-site - Jerusalem,student part-time,corporate,"['JavaScript', 'Docker', 'Linux', 'React', 'Testing', 'Cloud', 'SQL']","Software Engineer (student part-time) role in the tech domain (student part-time) at a corporate organization. Location: On-site - Jerusalem. You will assist with planning and reporting, and ensure smooth collaboration across teams. You should be reliable, collaborative, and able to manage multiple tasks in parallel. Key skills include: Docker, Cloud, React, Linux, SQL, Testing. You will work in a fast-paced setting with room to take initiative and make an impact. Tags: career, entry-level, junior, student. You will help maintain documentation, track metrics, and support regular check-ins with the team.","['student', 'junior', 'career', 'entry-level']"
8227,Backend Developer (internship),tech,Hybrid - Herzliya,internship,agency,"['JavaScript', 'Linux', 'Python', 'Git', 'React', 'SQL', 'APIs']","Backend Developer (internship) role in the tech domain (internship) at a agency organization. Location: Hybrid - Herzliya. You will take ownership of tasks, communicate progress clearly, and help deliver high-quality outcomes on time. We are looking for a proactive, detail-oriented candidate with strong communication skills. Key skills include: Linux, JavaScript, Python, Git, APIs, React. You will gain practical experience and build a strong foundation for your career. Tags: entry-level, career, student, junior. You will help maintain documentation, track metrics, and support regular check-ins with the team.","['student', 'junior', 'career', 'entry-level']"
1938,QA Engineer (contract),tech,Hybrid - Herzliya,contract,corporate,"['APIs', 'JavaScript', 'Cloud', 'Testing', 'Python', 'SQL', 'React']","QA Engineer (contract) role in the tech domain (contract) at a corporate organization. Location: Hybrid - Herzliya. You will assist with planning and reporting, and ensure smooth collaboration across teams. We value problem-solving, ownership, and the ability to work independently when needed. Key skills include: Testing, APIs, Python, SQL, React, JavaScript. This role offers hands-on experience in a dynamic environment and exposure to real business challenges. Tags: career, entry-level, junior, student. You will help maintain documentation, track metrics, and support regular check-ins with the team.","['student', 'junior', 'career', 'entry-level']"
5842,Backend Developer (junior full-time),tech,Hybrid - Tel Aviv,junior full-time,nonprofit,"['JavaScript', 'React', 'Testing', 'SQL', 'Docker', 'Cloud', 'APIs']","Backend Developer (junior full-time) role in the tech domain (junior full-time) at a nonprofit organization. Location: Hybrid - Tel Aviv. You will help run operations, document workflows, and drive continuous improvement initiatives. The ideal candidate is organized, curious, and comfortable learning new tools quickly. Key skills include: Docker, APIs, Cloud, JavaScript, SQL, Testing. You will gain practical experience and build a strong foundation for your career. Tags: student, career, entry-level, junior. You will help maintain documentation, track metrics, and support regular check-ins with the team.","['student', 'junior', 'career', 'entry-level']"
8677,BI Analyst (student part-time),data,Hybrid - Tel Aviv,student part-time,SMB,"['ETL', 'Statistics', 'Machine Learning', 'Python', 'Data Visualization', 'NumPy', 'Pandas']","BI Analyst (student part-time) role in the data domain (student part-time) at a SMB organization. Location: Hybrid - Tel Aviv. You will work closely with cross-functional teams, analyze needs, and translate them into actionable steps. You should be reliable, collaborative, and able to manage multiple tasks in parallel. Key skills include: Data Visualization, Python, NumPy, ETL, Machine Learning, Pandas. You will join a supportive team with opportunities to learn and grow. Tags: student, entry-level, career, junior. You will help maintain documentation, track metrics, and support regular check-ins with the team.","['student', 'junior', 'career', 'entry-level']"
7140,Backend Developer (internship),tech,Remote,internship,startup,"['SQL', 'JavaScript', 'APIs', 'React', 'Git', 'Python', 'Docker']","Backend Developer (internship) role in the tech domain (internship) at a startup organization. Location: Remote. You will take ownership of tasks, communicate progress clearly, and help deliver high-quality outcomes on time. We are looking for a proactive, detail-oriented candidate with strong communication skills. Key skills include: Python, React, APIs, JavaScript, Git, SQL. You will work in a fast-paced setting with room to take initiative and make an impact. Tags: career, entry-level, student, junior. You will help maintain documentation, track metrics, and support regular check-ins with the team.","['student', 'junior', 'career', 'entry-level']"
31,Software Engineer (junior full-time),tech,Remote,junior full-time,corporate,"['Git', 'React', 'Linux', 'Cloud', 'APIs', 'SQL', 'Python']","Software Engineer (junior full-time) role in the tech domain (junior full-time) at a corporate organization. Location: Remote. You will support day-to-day execution, coordinate stakeholders, and contribute to process improvements. You should be reliable, collaborative, and able to manage multiple tasks in parallel. Key skills include: Cloud, Python, SQL, APIs, Linux, Git. You will gain practical experience and build a strong foundation for your career. Tags: entry-level, student, career, junior. You will help maintain documentation, track metrics, and support regular check-ins with the team.","['student', 'junior', 'career', 'entry-level']"
5650,Frontend Developer (internship),tech,Hybrid - Tel Aviv,internship,SMB,"['Python', 'APIs', 'SQL', 'Testing', 'JavaScript', 'Git', 'Linux']","Frontend Developer (internship) role in the tech domain (internship) at a SMB organization. Location: Hybrid - Tel Aviv. You will work closely with cross-functional teams, analyze needs, and translate them into actionable steps. You should be reliable, collaborative, and able to manage multiple tasks in parallel. Key skills include: Linux, Git, Testing, JavaScript, APIs, SQL. This role offers hands-on experience in a dynamic environment and exposure to real business challenges. Tags: student, career, junior, entry-level. You will help maintain documentation, track metrics, and support regular check-ins with the team.","['student', 'junior', 'career', 'entry-level']"
4646,Backend Developer (junior full-time),tech,On-site - Jerusalem,junior full-time,startup,"['Linux', 'Docker', 'Testing', 'React', 'Python', 'SQL', 'APIs']","Backend Developer (junior full-time) role in the tech domain (junior full-time) at a startup organization. Location: On-site - Jerusalem. You will support day-to-day execution, coordinate stakeholders, and contribute to process improvements. The ideal candidate is organized, curious, and comfortable learning new tools quickly. Key skills include: React, Linux, APIs, SQL, Docker, Testing. You will work in a fast-paced setting with room to take initiative and make an impact. Tags: career, student, junior, entry-level. You will help maintain documentation, track metrics, and support regular check-ins with the team.","['student', 'junior', 'career', 'entry-level']"
7356,Data Analyst (junior full-time),data,On-site - Jerusalem,junior full-time,nonprofit,"['Pandas', 'Data Visualization', 'SQL', 'Statistics', 'Excel', 'Machine Learning', 'A/B Testing']","Data Analyst (junior full-time) role in the data domain (junior full-time) at a nonprofit organization. Location: On-site - Jerusalem. You will take ownership of tasks, communicate progress clearly, and help deliver high-quality outcomes on time. We are looking for a proactive, detail-oriented candidate with strong communication skills. Key skills include: A/B Testing, Pandas, Statistics, Machine Learning, Data Visualization, SQL. This role offers hands-on experience in a dynamic environment and exposure to real business challenges. Tags: entry-level, student, career, junior. You will help maintain documentation, track metrics, and support regular check-ins with the team.","['student', 'junior', 'career', 'entry-level']"
4278,Junior Data Scientist (internship),data,Remote (EU time),internship,agency,"['ETL', 'A/B Testing', 'Machine Learning', 'Python', 'NumPy', 'Statistics', 'SQL']","Junior Data Scientist (internship) role in the data domain (internship) at a agency organization. Location: Remote (EU time). You will support day-to-day execution, coordinate stakeholders, and contribute to process improvements. The ideal candidate is organized, curious, and comfortable learning new tools quickly. Key skills include: NumPy, Machine Learning, SQL, A/B Testing, Python, Statistics. You will gain practical experience and build a strong foundation for your career. Tags: career, junior, student, entry-level. You will help maintain documentation, track metrics, and support regular check-ins with the team.","['student', 'junior', 'career', 'entry-level']"
3011,Junior Data Scientist (junior full-time),data,Hybrid - Herzliya,junior full-time,startup,"['Statistics', 'Pandas', 'Machine Learning', 'A/B Testing', 'Data Visualization', 'Excel', 'NumPy']","Junior Data Scientist (junior full-time) role in the data domain (junior full-time) at a startup organization. Location: Hybrid - Herzliya. You will assist with planning and reporting, and ensure smooth collaboration across teams. We value problem-solving, ownership, and the ability to work independently when needed. Key skills include: Pandas, Data Visualization, A/B Testing, Excel, Machine Learning, Statistics. You will gain practical experience and build a strong foundation for your career. Tags: career, student, junior, entry-level. You will help maintain documentation, track metrics, and support regular check-ins with the team.","['student', 'junior', 'career', 'entry-level']"
9549,Backend Developer (internship),tech,On-site - Tel Aviv,internship,nonprofit,"['JavaScript', 'Cloud', 'Docker', 'Git', 'SQL', 'APIs', 'Python']","Backend Developer (internship) role in the tech domain (internship) at a nonprofit organization. Location: On-site - Tel Aviv. You will assist with planning and reporting, and ensure smooth collaboration across teams. You should be reliable, collaborative, and able to manage multiple tasks in parallel. Key skills include: Git, SQL, Python, Cloud, JavaScript, Docker. You will join a supportive team with opportunities to learn and grow. Tags: junior, student, career, entry-level. You will help maintain documentation, track metrics, and support regular check-ins with the team.","['student', 'junior', 'career', 'entry-level']"
163,Data Analyst (student part-time),data,Hybrid - Tel Aviv,student part-time,agency,"['A/B Testing', 'Python', 'SQL', 'Statistics', 'ETL', 'Pandas', 'Machine Learning']","Data Analyst (student part-time) role in the data domain (student part-time) at a agency organization. Location: Hybrid - Tel Aviv. You will work closely with cross-functional teams, analyze needs, and translate them into actionable steps. We value problem-solving, ownership, and the ability to work independently when needed. Key skills include: Python, SQL, Pandas, ETL, Statistics, Machine Learning. You will gain practical experience and build a strong foundation for your career. Tags: junior, entry-level, student, career. You will help maintain documentation, track metrics, and support regular check-ins with the team.","['student', 'junior', 'career', 'entry-level']"
5441,BI Analyst (student part-time),data,Remote,student part-time,corporate,"['Data Visualization', 'ETL', 'SQL', 'Pandas', 'Statistics', 'Excel', 'Python']","BI Analyst (student part-time) role in the data domain (student part-time) at a corporate organization. Location: Remote. You will support day-to-day execution, coordinate stakeholders, and contribute to process improvements. We are looking for a proactive, detail-oriented candidate with strong communication skills. Key skills include: SQL, Pandas, ETL, Python, Excel, Statistics. You will work in a fast-paced setting with room to take initiative and make an impact. Tags: career, entry-level, student, junior. You will help maintain documentation, track metrics, and support regular check-ins with the team.","['student', 'junior', 'career', 'entry-level']"
1394,BI Analyst (junior full-time),data,Remote (EU time),junior full-time,corporate,"['ETL', 'Machine Learning', 'NumPy', 'Excel', 'Data Visualization', 'Pandas', 'A/B Testing']","BI Analyst (junior full-time) role in the data domain (junior full-time) at a corporate organization. Location: Remote (EU time). You will assist with planning and reporting, and ensure smooth collaboration across teams. The ideal candidate is organized, curious, and comfortable learning new tools quickly. Key skills include: Machine Learning, NumPy, Excel, A/B Testing, Data Visualization, ETL. You will gain practical experience and build a strong foundation for your career. Tags: career, student, entry-level, junior. You will help maintain documentation, track metrics, and support regular check-ins with the team.","['student', 'junior', 'career', 'entry-level']"
5305,Software Engineer (junior full-time),tech,On-site - Tel Aviv,junior full-time,corporate,"['Python', 'SQL', 'Git', 'React', 'Testing', 'APIs', 'Docker']","Software Engineer (junior full-time) role in the tech domain (junior full-time) at a corporate organization. Location: On-site - Tel Aviv. You will support day-to-day execution, coordinate stakeholders, and contribute to process improvements. We value problem-solving, ownership, and the ability to work independently when needed. Key skills include: Python, APIs, Testing, Git, Docker, SQL. This role offers hands-on experience in a dynamic environment and exposure to real business challenges. Tags: entry-level, student, career, junior. You will help maintain documentation, track metrics, and support regular check-ins with the team.","['student', 'junior', 'career', 'entry-level']"
1373,Junior Data Scientist (internship),data,On-site - Tel Aviv,internship,startup,"['Pandas', 'Python', 'ETL', 'A/B Testing', 'Statistics', 'SQL', 'NumPy']","Junior Data Scientist (internship) role in the data domain (internship) at a startup organization. Location: On-site - Tel Aviv. You will assist with planning and reporting, and ensure smooth collaboration across teams. We are looking for a proactive, detail-oriented candidate with strong communication skills. Key skills include: ETL, Python, A/B Testing, NumPy, Pandas, Statistics. This role offers hands-on experience in a dynamic environment and exposure to real business challenges. Tags: junior, entry-level, student, career. You will help maintain documentation, track metrics, and support regular check-ins with the team.","['student', 'junior', 'career', 'entry-level']"
4321,Junior Data Scientist (internship),data,On-site - Jerusalem,internship,startup,"['Excel', 'SQL', 'Statistics', 'Data Visualization', 'ETL', 'Pandas', 'NumPy']","Junior Data Scientist (internship) role in the data domain (internship) at a startup organization. Location: On-site - Jerusalem. You will support day-to-day execution, coordinate stakeholders, and contribute to process improvements. The ideal candidate is organized, curious, and comfortable learning new tools quickly. Key skills include: Excel, Statistics, Pandas, NumPy, SQL, ETL. You will join a supportive team with opportunities to learn and grow. Tags: student, career, junior, entry-level. You will help maintain documentation, track metrics, and support regular check-ins with the team.","['student', 'junior', 'career', 'entry-level']"
4231,Software Engineer (junior full-time),tech,Remote,junior full-time,SMB,"['JavaScript', 'APIs', 'Docker', 'Python', 'React', 'SQL', 'Git']","Software Engineer (junior full-time) role in the tech domain (junior full-time) at a SMB organization. Location: Remote. You will work closely with cross-functional teams, analyze needs, and translate them into actionable steps. The ideal candidate is organized, curious, and comfortable learning new tools quickly. Key skills include: Python, React, JavaScript, Git, APIs, SQL. You will join a supportive team with opportunities to learn and grow. Tags: junior, entry-level, career, student. You will help maintain documentation, track metrics, and support regular check-ins with the team.","['student', 'junior', 'career', 'entry-level']"
106,Software Engineer (student part-time),tech,Hybrid - Herzliya,student part-time,SMB,"['APIs', 'Python', 'React', 'Linux', 'Testing', 'JavaScript', 'SQL']","Software Engineer (student part-time) role in the tech domain (student part-time) at a SMB organization. Location: Hybrid - Herzliya. You will support day-to-day execution, coordinate stakeholders, and contribute to process improvements. We value problem-solving, ownership, and the ability to work independently when needed. Key skills include: APIs, Linux, Testing, Python, SQL, React. This role offers hands-on experience in a dynamic environment and exposure to real business challenges. Tags: junior, career, entry-level, student. You will help maintain documentation, track metrics, and support regular check-ins with the team.","['student', 'junior', 'career', 'entry-level']"
3512,QA Engineer (junior full-time),tech,Hybrid - Tel Aviv,junior full-time,startup,"['Cloud', 'SQL', 'Docker', 'APIs', 'Testing', 'JavaScript', 'React']","QA Engineer (junior full-time) role in the tech domain (junior full-time) at a startup organization. Location: Hybrid - Tel Aviv. You will support day-to-day execution, coordinate stakeholders, and contribute to process improvements. We value problem-solving, ownership, and the ability to work independently when needed. Key skills include: SQL, JavaScript, Cloud, React, Testing, APIs. You will gain practical experience and build a strong foundation for your career. Tags: junior, student, career, entry-level. You will help maintain documentation, track metrics, and support regular check-ins with the team.","['student', 'junior', 'career', 'entry-level']"
7577,Junior Data Scientist (contract),data,Hybrid - Tel Aviv,contract,corporate,"['Data Visualization', 'Statistics', 'Excel', 'Machine Learning', 'Python', 'Pandas', 'A/B Testing']","Junior Data Scientist (contract) role in the data domain (contract) at a corporate organization. Location: Hybrid - Tel Aviv. You will help run operations, document workflows, and drive continuous improvement initiatives. You should be reliable, collaborative, and able to manage multiple tasks in parallel. Key skills include: Statistics, Python, Data Visualization, Pandas, Machine Learning, A/B Testing. You will gain practical experience and build a strong foundation for your career. Tags: junior, career, student, entry-level. You will help maintain documentation, track metrics, and support regular check-ins with the team.","['student', 'junior', 'career', 'entry-level']"
1693,QA Engineer (contract),tech,Remote,contract,corporate,"['React', 'JavaScript', 'Cloud', 'Testing', 'Linux', 'Docker', 'SQL']","QA Engineer (contract) role in the tech domain (contract) at a corporate organization. Location: Remote. You will take ownership of tasks, communicate progress clearly, and help deliver high-quality outcomes on time. The ideal candidate is organized, curious, and comfortable learning new tools quickly. Key skills include: Testing, Cloud, Linux, SQL, React, JavaScript. You will join a supportive team with opportunities to learn and grow. Tags: career, entry-level, junior, student. You will help maintain documentation, track metrics, and support regular check-ins with the team.","['student', 'junior', 'career', 'entry-level']"
9965,Data Analyst (junior full-time),data,Hybrid - Tel Aviv,junior full-time,nonprofit,"['Pandas', 'ETL', 'Python', 'Data Visualization', 'Statistics', 'Machine Learning', 'SQL']","Data Analyst (junior full-time) role in the data domain (junior full-time) at a nonprofit organization. Location: Hybrid - Tel Aviv. You will take ownership of tasks, communicate progress clearly, and help deliver high-quality outcomes on time. We value problem-solving, ownership, and the ability to work independently when needed. Key skills include: Python, Machine Learning, SQL, Pandas, Statistics, ETL. You will gain practical experience and build a strong foundation for your career. Tags: junior, career, entry-level, student. You will help maintain documentation, track metrics, and support regular check-ins with the team.","['student', 'junior', 'career', 'entry-level']"
5837,QA Engineer (contract),tech,Hybrid - Tel Aviv,contract,SMB,"['Linux', 'Docker', 'Git', 'React', 'Cloud', 'SQL', 'APIs']","QA Engineer (contract) role in the tech domain (contract) at a SMB organization. Location: Hybrid - Tel Aviv. You will help run operations, document workflows, and drive continuous improvement initiatives. The ideal candidate is organized, curious, and comfortable learning new tools quickly. Key skills include: React, Git, SQL, Cloud, Linux, APIs. This role offers hands-on experience in a dynamic environment and exposure to real business challenges. Tags: student, career, junior, entry-level. You will help maintain documentation, track metrics, and support regular check-ins with the team.","['student', 'junior', 'career', 'entry-level']"
3048,Data Analyst (contract),data,On-site - Tel Aviv,contract,SMB,"['NumPy', 'Excel', 'SQL', 'Machine Learning', 'Pandas', 'Python', 'ETL']","Data Analyst (contract) role in the data domain (contract) at a SMB organization. Location: On-site - Tel Aviv. You will work closely with cross-functional teams, analyze needs, and translate them into actionable steps. We value problem-solving, ownership, and the ability to work independently when needed. Key skills include: NumPy, Pandas, Machine Learning, Excel, Python, ETL. You will join a supportive team with opportunities to learn and grow. Tags: student, junior, entry-level, career. You will help maintain documentation, track metrics, and support regular check-ins with the team.","['student', 'junior', 'career', 'entry-level']"
7667,Junior Data Scientist (student part-time),data,On-site - Tel Aviv,student part-time,nonprofit,"['Python', 'Machine Learning', 'Excel', 'NumPy', 'A/B Testing', 'SQL', 'Statistics']","Junior Data Scientist (student part-time) role in the data domain (student part-time) at a nonprofit organization. Location: On-site - Tel Aviv. You will assist with planning and reporting, and ensure smooth collaboration across teams. We are looking for a proactive, detail-oriented candidate with strong communication skills. Key skills include: Machine Learning, Excel, A/B Testing, Statistics, Python, NumPy. This role offers hands-on experience in a dynamic environment and exposure to real business challenges. Tags: junior, career, student, entry-level. You will help maintain documentation, track metrics, and support regular check-ins with the team.","['student', 'junior', 'career', 'entry-level']"
5408,Software Engineer (junior full-time),tech,On-site - Tel Aviv,junior full-time,nonprofit,"['Docker', 'Python', 'Linux', 'SQL', 'APIs', 'Cloud', 'Git']","Software Engineer (junior full-time) role in the tech domain (junior full-time) at a nonprofit organization. Location: On-site - Tel Aviv. You will work closely with cross-functional teams, analyze needs, and translate them into actionable steps. We are looking for a proactive, detail-oriented candidate with strong communication skills. Key skills include: APIs, Cloud, Docker, Linux, Python, Git. You will join a supportive team with opportunities to learn and grow. Tags: junior, career, student, entry-level. You will help maintain documentation, track metrics, and support regular check-ins with the team.","['student', 'junior', 'career', 'entry-level']"
2367,Data Analyst (contract),data,On-site - Jerusalem,contract,startup,"['Data Visualization', 'SQL', 'Python', 'NumPy', 'Pandas', 'Excel', 'Statistics']","Data Analyst (contract) role in the data domain (contract) at a startup organization. Location: On-site - Jerusalem. You will support day-to-day execution, coordinate stakeholders, and contribute to process improvements. We are looking for a proactive, detail-oriented candidate with strong communication skills. Key skills include: Pandas, Excel, Data Visualization, Statistics, NumPy, SQL. You will work in a fast-paced setting with room to take initiative and make an impact. Tags: career, junior, student, entry-level. You will help maintain documentation, track metrics, and support regular check-ins with the team.","['student', 'junior', 'career', 'entry-level']"
5828,BI Analyst (junior full-time),data,Remote (EU time),junior full-time,nonprofit,"['Data Visualization', 'Statistics', 'Python', 'A/B Testing', 'Machine Learning', 'ETL', 'NumPy']","BI Analyst (junior full-time) role in the data domain (junior full-time) at a nonprofit organization. Location: Remote (EU time). You will work closely with cross-functional teams, analyze needs, and translate them into actionable steps. We value problem-solving, ownership, and the ability to work independently when needed. Key skills include: Statistics, NumPy, Machine Learning, Python, ETL, Data Visualization. This role offers hands-on experience in a dynamic environment and exposure to real business challenges. Tags: entry-level, student, career, junior. You will help maintain documentation, track metrics, and support regular check-ins with the team.","['student', 'junior', 'career', 'entry-level']"
700,Data Analyst (junior full-time),data,On-site - Jerusalem,junior full-time,startup,"['ETL', 'Data Visualization', 'Excel', 'Statistics', 'A/B Testing', 'Machine Learning', 'NumPy']","Data Analyst (junior full-time) role in the data domain (junior full-time) at a startup organization. Location: On-site - Jerusalem. You will take ownership of tasks, communicate progress clearly, and help deliver high-quality outcomes on time. The ideal candidate is organized, curious, and comfortable learning new tools quickly. Key skills include: ETL, A/B Testing, Machine Learning, NumPy, Statistics, Data Visualization. You will gain practical experience and build a strong foundation for your career. Tags: junior, career, entry-level, student. You will help maintain documentation, track metrics, and support regular check-ins with the team.","['student', 'junior', 'career', 'entry-level']"
8997,Backend Developer (internship),tech,Hybrid - Herzliya,internship,nonprofit,"['Cloud', 'Python', 'APIs', 'Linux', 'React', 'SQL', 'Git']","Backend Developer (internship) role in the tech domain (internship) at a nonprofit organization. Location: Hybrid - Herzliya. You will help run operations, document workflows, and drive continuous improvement initiatives. We are looking for a proactive, detail-oriented candidate with strong communication skills. Key skills include: Python, SQL, React, Git, Linux, APIs. You will work in a fast-paced setting with room to take initiative and make an impact. Tags: entry-level, career, junior, student. You will help maintain documentation, track metrics, and support regular check-ins with the team.","['student', 'junior', 'career', 'entry-level']"
5394,BI Analyst (junior full-time),data,Remote (EU time),junior full-time,corporate,"['ETL', 'Machine Learning', 'NumPy', 'Excel', 'Data Visualization', 'Pandas', 'A/B Testing']","BI Analyst (junior full-time) role in the data domain (junior full-time) at a corporate organization. Location: Remote (EU time). You will assist with planning and reporting, and ensure smooth collaboration across teams. You should be reliable, collaborative, and able to manage multiple tasks in parallel. Key skills include: Pandas, Data Visualization, ETL, NumPy, Excel, A/B Testing. You will join a supportive team with opportunities to learn and grow. Tags: student, career, junior, entry-level. You will help maintain documentation, track metrics, and support regular check-ins with the team.","['student', 'junior', 'career', 'entry-level']"
4885,Backend Developer (junior full-time),tech,Remote (EU time),junior full-time,corporate,"['Git', 'Linux', 'Cloud', 'Testing', 'Python', 'SQL', 'JavaScript']","Backend Developer (junior full-time) role in the tech domain (junior full-time) at a corporate organization. Location: Remote (EU time). You will assist with planning and reporting, and ensure smooth collaboration across teams. We are looking for a proactive, detail-oriented candidate with strong communication skills. Key skills include: SQL, Git, Python, Linux, Cloud, Testing. This role offers hands-on experience in a dynamic environment and exposure to real business challenges. Tags: career, junior, student, entry-level. You will help maintain documentation, track metrics, and support regular check-ins with the team.","['student', 'junior', 'career', 'entry-level']"
2033,Data Analyst (internship),data,On-site - Jerusalem,internship,startup,"['SQL', 'Statistics', 'Python', 'ETL', 'Excel', 'Pandas', 'NumPy']","Data Analyst (internship) role in the data domain (internship) at a startup organization. Location: On-site - Jerusalem. You will support day-to-day execution, coordinate stakeholders, and contribute to process improvements. We value problem-solving, ownership, and the ability to work independently when needed. Key skills include: Pandas, Python, NumPy, Statistics, Excel, SQL. This role offers hands-on experience in a dynamic environment and exposure to real business challenges. Tags: career, entry-level, student, junior. You will help maintain documentation, track metrics, and support regular check-ins with the team.","['student', 'junior', 'career', 'entry-level']"
8960,BI Analyst (contract),data,On-site - Tel Aviv,contract,SMB,"['NumPy', 'Excel', 'A/B Testing', 'SQL', 'Statistics', 'Data Visualization', 'Machine Learning']","BI Analyst (contract) role in the data domain (contract) at a SMB organization. Location: On-site - Tel Aviv. You will assist with planning and reporting, and ensure smooth collaboration across teams. We are looking for a proactive, detail-oriented candidate with strong communication skills. Key skills include: Data Visualization, Statistics, Excel, SQL, NumPy, Machine Learning. You will work in a fast-paced setting with room to take initiative and make an impact. Tags: career, student, entry-level, junior. You will help maintain documentation, track metrics, and support regular check-ins with the team.","['student', 'junior', 'career', 'entry-level']"
2249,QA Engineer (internship),tech,Hybrid - Tel Aviv,internship,nonprofit,"['Testing', 'React', 'APIs', 'Git', 'Cloud', 'Docker', 'Python']","QA Engineer (internship) role in the tech domain (internship) at a nonprofit organization. Location: Hybrid - Tel Aviv. You will take ownership of tasks, communicate progress clearly, and help deliver high-quality outcomes on time. We are looking for a proactive, detail-oriented candidate with strong communication skills. Key skills include: Docker, Git, React, APIs, Testing, Cloud. You will join a supportive team with opportunities to learn and grow. Tags: student, career, junior, entry-level. You will help maintain documentation, track metrics, and support regular check-ins with the team.","['student', 'junior', 'career', 'entry-level']"
6008,Data Analyst (junior full-time),data,On-site - Jerusalem,junior full-time,nonprofit,"['Excel', 'Statistics', 'Data Visualization', 'NumPy', 'ETL', 'SQL', 'Python']","Data Analyst (junior full-time) role in the data domain (junior full-time) at a nonprofit organization. Location: On-site - Jerusalem. You will assist with planning and reporting, and ensure smooth collaboration across teams. We value problem-solving, ownership, and the ability to work independently when needed. Key skills include: Statistics, SQL, NumPy, Data Visualization, ETL, Excel. You will join a supportive team with opportunities to learn and grow. Tags: junior, career, entry-level, student. You will help maintain documentation, track metrics, and support regular check-ins with the team.","['student', 'junior', 'career', 'entry-level']"
9778,Frontend Developer (student part-time),tech,Remote (EU time),student part-time,corporate,"['SQL', 'Docker', 'React', 'Cloud', 'Python', 'Testing', 'Linux']","Frontend Developer (student part-time) role in the tech domain (student part-time) at a corporate organization. Location: Remote (EU time). You will work closely with cross-functional teams, analyze needs, and translate them into actionable steps. We are looking for a proactive, detail-oriented candidate with strong communication skills. Key skills include: Linux, SQL, React, Python, Cloud, Docker. This role offers hands-on experience in a dynamic environment and exposure to real business challenges. Tags: entry-level, junior, career, student. You will help maintain documentation, track metrics, and support regular check-ins with the team.","['student', 'junior', 'career', 'entry-level']"
9282,QA Engineer (junior full-time),tech,Remote,junior full-time,SMB,"['Cloud', 'JavaScript', 'React', 'SQL', 'Linux', 'Testing', 'APIs']","QA Engineer (junior full-time) role in the tech domain (junior full-time) at a SMB organization. Location: Remote. You will help run operations, document workflows, and drive continuous improvement initiatives. You should be reliable, collaborative, and able to manage multiple tasks in parallel. Key skills include: SQL, APIs, Cloud, React, Testing, Linux. You will join a supportive team with opportunities to learn and grow. Tags: career, junior, student, entry-level. You will help maintain documentation, track metrics, and support regular check-ins with the team.","['student', 'junior', 'career', 'entry-level']"
8029,Junior Data Scientist (junior full-time),data,Hybrid - Herzliya,junior full-time,agency,"['Data Visualization', 'A/B Testing', 'Python', 'ETL', 'SQL', 'Machine Learning', 'Pandas']","Junior Data Scientist (junior full-time) role in the data domain (junior full-time) at a agency organization. Location: Hybrid - Herzliya. You will assist with planning and reporting, and ensure smooth collaboration across teams. We value problem-solving, ownership, and the ability to work independently when needed. Key skills include: Data Visualization, ETL, Pandas, Machine Learning, Python, SQL. You will gain practical experience and build a strong foundation for your career. Tags: entry-level, career, junior, student. You will help maintain documentation, track metrics, and support regular check-ins with the team.","['student', 'junior', 'career', 'entry-level']"
5042,QA Engineer (internship),tech,On-site - Tel Aviv,internship,nonprofit,"['Git', 'Docker', 'Cloud', 'Testing', 'Python', 'APIs', 'React']","QA Engineer (internship) role in the tech domain (internship) at a nonprofit organization. Location: On-site - Tel Aviv. You will help run operations, document workflows, and drive continuous improvement initiatives. The ideal candidate is organized, curious, and comfortable learning new tools quickly. Key skills include: Testing, Docker, Git, APIs, Cloud, React. This role offers hands-on experience in a dynamic environment and exposure to real business challenges. Tags: student, career, junior, entry-level. You will help maintain documentation, track metrics, and support regular check-ins with the team.","['student', 'junior', 'career', 'entry-level']"
3840,QA Engineer (junior full-time),tech,Hybrid - Herzliya,junior full-time,corporate,"['Cloud', 'Testing', 'Python', 'React', 'APIs', 'Git', 'SQL']","QA Engineer (junior full-time) role in the tech domain (junior full-time) at a corporate organization. Location: Hybrid - Herzliya. You will support day-to-day execution, coordinate stakeholders, and contribute to process improvements. The ideal candidate is organized, curious, and comfortable learning new tools quickly. Key skills include: SQL, Testing, Git, React, Cloud, Python. You will work in a fast-paced setting with room to take initiative and make an impact. Tags: student, entry-level, career, junior. You will help maintain documentation, track metrics, and support regular check-ins with the team.","['student', 'junior', 'career', 'entry-level']"
5517,BI Analyst (internship),data,On-site - Tel Aviv,internship,SMB,"['Python', 'ETL', 'Excel', 'NumPy', 'SQL', 'Machine Learning', 'Data Visualization']","BI Analyst (internship) role in the data domain (internship) at a SMB organization. Location: On-site - Tel Aviv. You will take ownership of tasks, communicate progress clearly, and help deliver high-quality outcomes on time. We are looking for a proactive, detail-oriented candidate with strong communication skills. Key skills include: Python, ETL, SQL, NumPy, Machine Learning, Excel. You will work in a fast-paced setting with room to take initiative and make an impact. Tags: student, junior, entry-level, career. You will help maintain documentation, track metrics, and support regular check-ins with the team.","['student', 'junior', 'career', 'entry-level']"
2047,Software Engineer (junior full-time),tech,Remote,junior full-time,startup,"['Docker', 'JavaScript', 'Python', 'React', 'Testing', 'Linux', 'APIs']","Software Engineer (junior full-time) role in the tech domain (junior full-time) at a startup organization. Location: Remote. You will help run operations, document workflows, and drive continuous improvement initiatives. You should be reliable, collaborative, and able to manage multiple tasks in parallel. Key skills include: Testing, Docker, APIs, React, JavaScript, Python. You will join a supportive team with opportunities to learn and grow. Tags: junior, career, entry-level, student. You will help maintain documentation, track metrics, and support regular check-ins with the team.","['student', 'junior', 'career', 'entry-level']"
222,Software Engineer (contract),tech,Remote,contract,agency,"['Docker', 'Testing', 'Linux', 'Python', 'APIs', 'Cloud', 'JavaScript']","Software Engineer (contract) role in the tech domain (contract) at a agency organization. Location: Remote. You will work closely with cross-functional teams, analyze needs, and translate them into actionable steps. We value problem-solving, ownership, and the ability to work independently when needed. Key skills include: Docker, Cloud, Python, Testing, APIs, JavaScript. You will join a supportive team with opportunities to learn and grow. Tags: student, career, entry-level, junior. You will help maintain documentation, track metrics, and support regular check-ins with the team.","['student', 'junior', 'career', 'entry-level']"
990,Junior Data Scientist (internship),data,Hybrid - Herzliya,internship,startup,"['Pandas', 'A/B Testing', 'ETL', 'Machine Learning', 'Excel', 'SQL', 'Statistics']","Junior Data Scientist (internship) role in the data domain (internship) at a startup organization. Location: Hybrid - Herzliya. You will support day-to-day execution, coordinate stakeholders, and contribute to process improvements. We are looking for a proactive, detail-oriented candidate with strong communication skills. Key skills include: Machine Learning, SQL, Pandas, Statistics, A/B Testing, Excel. You will work in a fast-paced setting with room to take initiative and make an impact. Tags: junior, student, career, entry-level. You will help maintain documentation, track metrics, and support regular check-ins with the team.","['student', 'junior', 'career', 'entry-level']"
868,Frontend Developer (contract),tech,Remote (EU time),contract,SMB,"['APIs', 'SQL', 'Python', 'Git', 'Testing', 'JavaScript', 'Docker']","Frontend Developer (contract) role in the tech domain (contract) at a SMB organization. Location: Remote (EU time). You will help run operations, document workflows, and drive continuous improvement initiatives. We value problem-solving, ownership, and the ability to work independently when needed. Key skills include: SQL, Python, Git, Testing, APIs, JavaScript. This role offers hands-on experience in a dynamic environment and exposure to real business challenges. Tags: entry-level, junior, student, career. You will help maintain documentation, track metrics, and support regular check-ins with the team.","['student', 'junior', 'career', 'entry-level']"
8103,Junior Data Scientist (internship),data,On-site - Jerusalem,internship,nonprofit,"['A/B Testing', 'Statistics', 'NumPy', 'Pandas', 'Machine Learning', 'Data Visualization', 'ETL']","Junior Data Scientist (internship) role in the data domain (internship) at a nonprofit organization. Location: On-site - Jerusalem. You will work closely with cross-functional teams, analyze needs, and translate them into actionable steps. We are looking for a proactive, detail-oriented candidate with strong communication skills. Key skills include: Machine Learning, NumPy, A/B Testing, Pandas, ETL, Data Visualization. You will gain practical experience and build a strong foundation for your career. Tags: junior, entry-level, student, career. You will help maintain documentation, track metrics, and support regular check-ins with the team.","['student', 'junior', 'career', 'entry-level']"
1034,QA Engineer (student part-time),tech,Remote,student part-time,SMB,"['Cloud', 'Docker', 'Python', 'Git', 'SQL', 'Linux', 'APIs']","QA Engineer (student part-time) role in the tech domain (student part-time) at a SMB organization. Location: Remote. You will assist with planning and reporting, and ensure smooth collaboration across teams. The ideal candidate is organized, curious, and comfortable learning new tools quickly. Key skills include: SQL, Git, Docker, APIs, Cloud, Linux. This role offers hands-on experience in a dynamic environment and exposure to real business challenges. Tags: entry-level, student, career, junior. You will help maintain documentation, track metrics, and support regular check-ins with the team.","['student', 'junior', 'career', 'entry-level']"
3130,Backend Developer (junior full-time),tech,Hybrid - Herzliya,junior full-time,SMB,"['Docker', 'React', 'Python', 'SQL', 'Cloud', 'APIs', 'Linux']","Backend Developer (junior full-time) role in the tech domain (junior full-time) at a SMB organization. Location: Hybrid - Herzliya. You will work closely with cross-functional teams, analyze needs, and translate them into actionable steps. We are looking for a proactive, detail-oriented candidate with strong communication skills. Key skills include: APIs, Linux, React, Docker, Python, Cloud. You will join a supportive team with opportunities to learn and grow. Tags: junior, entry-level, student, career. You will help maintain documentation, track metrics, and support regular check-ins with the team.","['student', 'junior', 'career', 'entry-level']"
6677,QA Engineer (internship),tech,Hybrid - Tel Aviv,internship,SMB,"['SQL', 'Linux', 'Docker', 'Git', 'React', 'Python', 'APIs']","QA Engineer (internship) role in the tech domain (internship) at a SMB organization. Location: Hybrid - Tel Aviv. You will help run operations, document workflows, and drive continuous improvement initiatives. The ideal candidate is organized, curious, and comfortable learning new tools quickly. Key skills include: React, Python, APIs, SQL, Git, Linux. You will work in a fast-paced setting with room to take initiative and make an impact. Tags: junior, entry-level, student, career. You will help maintain documentation, track metrics, and support regular check-ins with the team.","['student', 'junior', 'career', 'entry-level']"
6989,Frontend Developer (junior full-time),tech,Hybrid - Herzliya,junior full-time,agency,"['Cloud', 'Docker', 'Testing', 'APIs', 'Git', 'JavaScript', 'Linux']","Frontend Developer (junior full-time) role in the tech domain (junior full-time) at a agency organization. Location: Hybrid - Herzliya. You will assist with planning and reporting, and ensure smooth collaboration across teams. We value problem-solving, ownership, and the ability to work independently when needed. Key skills include: Docker, Cloud, Linux, APIs, JavaScript, Git. You will join a supportive team with opportunities to learn and grow. Tags: entry-level, junior, student, career. You will help maintain documentation, track metrics, and support regular check-ins with the team.","['student', 'junior', 'career', 'entry-level']"
8520,BI Analyst (junior full-time),data,On-site - Tel Aviv,junior full-time,nonprofit,"['NumPy', 'SQL', 'Python', 'A/B Testing', 'Data Visualization', 'Statistics', 'Pandas']","BI Analyst (junior full-time) role in the data domain (junior full-time) at a nonprofit organization. Location: On-site - Tel Aviv. You will support day-to-day execution, coordinate stakeholders, and contribute to process improvements. We are looking for a proactive, detail-oriented candidate with strong communication skills. Key skills include: Statistics, A/B Testing, Data Visualization, Python, NumPy, SQL. You will gain practical experience and build a strong foundation for your career. Tags: career, entry-level, student, junior. You will help maintain documentation, track metrics, and support regular check-ins with the team.","['student', 'junior', 'career', 'entry-level']"
6469,BI Analyst (contract),data,Hybrid - Herzliya,contract,agency,"['Statistics', 'Python', 'Data Visualization', 'Excel', 'NumPy', 'SQL', 'Pandas']","BI Analyst (contract) role in the data domain (contract) at a agency organization. Location: Hybrid - Herzliya. You will assist with planning and reporting, and ensure smooth collaboration across teams. The ideal candidate is organized, curious, and comfortable learning new tools quickly. Key skills include: Data Visualization, NumPy, SQL, Pandas, Excel, Statistics. You will join a supportive team with opportunities to learn and grow. Tags: junior, student, entry-level, career. You will help maintain documentation, track metrics, and support regular check-ins with the team.","['student', 'junior', 'career', 'entry-level']"
4420,Software Engineer (student part-time),tech,On-site - Jerusalem,student part-time,SMB,"['React', 'Python', 'APIs', 'JavaScript', 'Linux', 'Testing', 'Docker']","Software Engineer (student part-time) role in the tech domain (student part-time) at a SMB organization. Location: On-site - Jerusalem. You will support day-to-day execution, coordinate stakeholders, and contribute to process improvements. We value problem-solving, ownership, and the ability to work independently when needed. Key skills include: Docker, JavaScript, Linux, React, Testing, Python. You will gain practical experience and build a strong foundation for your career. Tags: junior, entry-level, student, career. You will help maintain documentation, track metrics, and support regular check-ins with the team.","['student', 'junior', 'career', 'entry-level']"
12,Software Engineer (internship),tech,Remote (EU time),internship,SMB,"['Git', 'APIs', 'JavaScript', 'React', 'SQL', 'Linux', 'Testing']","Software Engineer (internship) role in the tech domain (internship) at a SMB organization. Location: Remote (EU time). You will assist with planning and reporting, and ensure smooth collaboration across teams. The ideal candidate is organized, curious, and comfortable learning new tools quickly. Key skills include: Testing, SQL, Linux, JavaScript, Git, React. You will join a supportive team with opportunities to learn and grow. Tags: entry-level, junior, career, student. You will help maintain documentation, track metrics, and support regular check-ins with the team.","['student', 'junior', 'career', 'entry-level']"
9625,BI Analyst (junior full-time),data,Remote,junior full-time,agency,"['SQL', 'Excel', 'Python', 'Pandas', 'Machine Learning', 'A/B Testing', 'NumPy']","BI Analyst (junior full-time) role in the data domain (junior full-time) at a agency organization. Location: Remote. You will help run operations, document workflows, and drive continuous improvement initiatives. We are looking for a proactive, detail-oriented candidate with strong communication skills. Key skills include: Pandas, Python, Excel, A/B Testing, Machine Learning, SQL. You will join a supportive team with opportunities to learn and grow. Tags: student, junior, career, entry-level. You will help maintain documentation, track metrics, and support regular check-ins with the team.","['student', 'junior', 'career', 'entry-level']"
1476,Frontend Developer (junior full-time),tech,Remote (EU time),junior full-time,SMB,"['SQL', 'Linux', 'Cloud', 'Python', 'Testing', 'JavaScript', 'APIs']","Frontend Developer (junior full-time) role in the tech domain (junior full-time) at a SMB organization. Location: Remote (EU time). You will take ownership of tasks, communicate progress clearly, and help deliver high-quality outcomes on time. We value problem-solving, ownership, and the ability to work independently when needed. Key skills include: Python, Cloud, SQL, JavaScript, Linux, APIs. You will gain practical experience and build a strong foundation for your career. Tags: career, entry-level, student, junior. You will help maintain documentation, track metrics, and support regular check-ins with the team.","['student', 'junior', 'career', 'entry-level']"
6276,Software Engineer (contract),tech,Remote,contract,corporate,"['React', 'APIs', 'Linux', 'JavaScript', 'SQL', 'Git', 'Docker']","Software Engineer (contract) role in the tech domain (contract) at a corporate organization. Location: Remote. You will support day-to-day execution, coordinate stakeholders, and contribute to process improvements. The ideal candidate is organized, curious, and comfortable learning new tools quickly. Key skills include: Git, SQL, Linux, JavaScript, APIs, Docker. You will join a supportive team with opportunities to learn and grow. Tags: student, career, entry-level, junior. You will help maintain documentation, track metrics, and support regular check-ins with the team. You may assist with basic analysis, preparing summaries, and improving internal workflows.","['student', 'junior', 'career', 'entry-level']"
2257,BI Analyst (contract),data,Hybrid - Herzliya,contract,SMB,"['A/B Testing', 'Python', 'Data Visualization', 'SQL', 'ETL', 'Machine Learning', 'NumPy']","BI Analyst (contract) role in the data domain (contract) at a SMB organization. Location: Hybrid - Herzliya. You will help run operations, document workflows, and drive continuous improvement initiatives. We value problem-solving, ownership, and the ability to work independently when needed. Key skills include: A/B Testing, ETL, Data Visualization, Python, NumPy, Machine Learning. You will join a supportive team with opportunities to learn and grow. Tags: student, entry-level, junior, career. You will help maintain documentation, track metrics, and support regular check-ins with the team.","['student', 'junior', 'career', 'entry-level']"
9804,QA Engineer (contract),tech,Remote,contract,agency,"['Testing', 'Linux', 'React', 'SQL', 'Docker', 'Python', 'Cloud']","QA Engineer (contract) role in the tech domain (contract) at a agency organization. Location: Remote. You will help run operations, document workflows, and drive continuous improvement initiatives. We value problem-solving, ownership, and the ability to work independently when needed. Key skills include: Cloud, React, Linux, Python, Docker, SQL. You will join a supportive team with opportunities to learn and grow. Tags: student, career, junior, entry-level. You will help maintain documentation, track metrics, and support regular check-ins with the team. You may assist with basic analysis, preparing summaries, and improving internal workflows.","['student', 'junior', 'career', 'entry-level']"
9459,BI Analyst (internship),data,Hybrid - Tel Aviv,internship,agency,"['ETL', 'NumPy', 'Data Visualization', 'Excel', 'Python', 'Pandas', 'SQL']","BI Analyst (internship) role in the data domain (internship) at a agency organization. Location: Hybrid - Tel Aviv. You will assist with planning and reporting, and ensure smooth collaboration across teams. The ideal candidate is organized, curious, and comfortable learning new tools quickly. Key skills include: Pandas, Data Visualization, Python, NumPy, ETL, SQL. You will gain practical experience and build a strong foundation for your career. Tags: junior, career, student, entry-level. You will help maintain documentation, track metrics, and support regular check-ins with the team.","['student', 'junior', 'career', 'entry-level']"
5044,Software Engineer (junior full-time),tech,Remote (EU time),junior full-time,startup,"['Testing', 'APIs', 'Python', 'Git', 'React', 'Cloud', 'JavaScript']","Software Engineer (junior full-time) role in the tech domain (junior full-time) at a startup organization. Location: Remote (EU time). You will assist with planning and reporting, and ensure smooth collaboration across teams. You should be reliable, collaborative, and able to manage multiple tasks in parallel. Key skills include: Cloud, Git, React, JavaScript, Python, Testing. You will gain practical experience and build a strong foundation for your career. Tags: career, junior, student, entry-level. You will help maintain documentation, track metrics, and support regular check-ins with the team.","['student', 'junior', 'career', 'entry-level']"
7945,Software Engineer (contract),tech,Hybrid - Tel Aviv,contract,agency,"['Cloud', 'JavaScript', 'Linux', 'Python', 'Testing', 'SQL', 'APIs']","Software Engineer (contract) role in the tech domain (contract) at a agency organization. Location: Hybrid - Tel Aviv. You will support day-to-day execution, coordinate stakeholders, and contribute to process improvements. You should be reliable, collaborative, and able to manage multiple tasks in parallel. Key skills include: Python, JavaScript, Linux, Cloud, SQL, Testing. You will work in a fast-paced setting with room to take initiative and make an impact. Tags: student, career, junior, entry-level. You will help maintain documentation, track metrics, and support regular check-ins with the team.","['student', 'junior', 'career', 'entry-level']"
7100,Frontend Developer (contract),tech,Remote,contract,nonprofit,"['Docker', 'React', 'Linux', 'APIs', 'SQL', 'Testing', 'Python']","Frontend Developer (contract) role in the tech domain (contract) at a nonprofit organization. Location: Remote. You will support day-to-day execution, coordinate stakeholders, and contribute to process improvements. We are looking for a proactive, detail-oriented candidate with strong communication skills. Key skills include: Linux, SQL, Testing, React, Docker, APIs. This role offers hands-on experience in a dynamic environment and exposure to real business challenges. Tags: student, career, entry-level, junior. You will help maintain documentation, track metrics, and support regular check-ins with the team.","['student', 'junior', 'career', 'entry-level']"
2874,Backend Developer (student part-time),tech,On-site - Tel Aviv,student part-time,agency,"['Cloud', 'Git', 'Testing', 'Docker', 'React', 'APIs', 'SQL']","Backend Developer (student part-time) role in the tech domain (student part-time) at a agency organization. Location: On-site - Tel Aviv. You will support day-to-day execution, coordinate stakeholders, and contribute to process improvements. We value problem-solving, ownership, and the ability to work independently when needed. Key skills include: Cloud, Git, APIs, SQL, React, Docker. You will join a supportive team with opportunities to learn and grow. Tags: career, entry-level, student, junior. You will help maintain documentation, track metrics, and support regular check-ins with the team.","['student', 'junior', 'career', 'entry-level']"
2503,Junior Data Scientist (student part-time),data,Remote,student part-time,nonprofit,"['Machine Learning', 'Python', 'Pandas', 'Statistics', 'ETL', 'Data Visualization', 'NumPy']","Junior Data Scientist (student part-time) role in the data domain (student part-time) at a nonprofit organization. Location: Remote. You will take ownership of tasks, communicate progress clearly, and help deliver high-quality outcomes on time. We value problem-solving, ownership, and the ability to work independently when needed. Key skills include: Python, Pandas, NumPy, ETL, Statistics, Data Visualization. You will gain practical experience and build a strong foundation for your career. Tags: junior, student, entry-level, career. You will help maintain documentation, track metrics, and support regular check-ins with the team.","['student', 'junior', 'career', 'entry-level']"
5589,BI Analyst (junior full-time),data,Remote,junior full-time,agency,"['Pandas', 'Statistics', 'SQL', 'Machine Learning', 'Data Visualization', 'Excel', 'ETL']","BI Analyst (junior full-time) role in the data domain (junior full-time) at a agency organization. Location: Remote. You will work closely with cross-functional teams, analyze needs, and translate them into actionable steps. We are looking for a proactive, detail-oriented candidate with strong communication skills. Key skills include: ETL, SQL, Machine Learning, Pandas, Statistics, Data Visualization. This role offers hands-on experience in a dynamic environment and exposure to real business challenges. Tags: junior, career, entry-level, student. You will help maintain documentation, track metrics, and support regular check-ins with the team.","['student', 'junior', 'career', 'entry-level']"
826,Software Engineer (student part-time),tech,On-site - Jerusalem,student part-time,agency,"['Linux', 'JavaScript', 'Python', 'Cloud', 'React', 'Docker', 'Git']","Software Engineer (student part-time) role in the tech domain (student part-time) at a agency organization. Location: On-site - Jerusalem. You will assist with planning and reporting, and ensure smooth collaboration across teams. The ideal candidate is organized, curious, and comfortable learning new tools quickly. Key skills include: Cloud, Git, Python, Docker, Linux, React. You will gain practical experience and build a strong foundation for your career. Tags: career, junior, student, entry-level. You will help maintain documentation, track metrics, and support regular check-ins with the team.","['student', 'junior', 'career', 'entry-level']"
9163,Backend Developer (junior full-time),tech,On-site - Jerusalem,junior full-time,startup,"['JavaScript', 'Python', 'SQL', 'APIs', 'React', 'Linux', 'Cloud']","Backend Developer (junior full-time) role in the tech domain (junior full-time) at a startup organization. Location: On-site - Jerusalem. You will take ownership of tasks, communicate progress clearly, and help deliver high-quality outcomes on time. We value problem-solving, ownership, and the ability to work independently when needed. Key skills include: Cloud, SQL, JavaScript, Python, Linux, React. This role offers hands-on experience in a dynamic environment and exposure to real business challenges. Tags: career, student, junior, entry-level. You will help maintain documentation, track metrics, and support regular check-ins with the team.","['student', 'junior', 'career', 'entry-level']"
6002,BI Analyst (student part-time),data,Remote (EU time),student part-time,corporate,"['Pandas', 'ETL', 'NumPy', 'A/B Testing', 'Machine Learning', 'Statistics', 'Data Visualization']","BI Analyst (student part-time) role in the data domain (student part-time) at a corporate organization. Location: Remote (EU time). You will help run operations, document workflows, and drive continuous improvement initiatives. You should be reliable, collaborative, and able to manage multiple tasks in parallel. Key skills include: Machine Learning, ETL, A/B Testing, NumPy, Pandas, Statistics. You will join a supportive team with opportunities to learn and grow. Tags: junior, student, entry-level, career. You will help maintain documentation, track metrics, and support regular check-ins with the team.","['student', 'junior', 'career', 'entry-level']"
5598,Data Analyst (internship),data,On-site - Jerusalem,internship,SMB,"['A/B Testing', 'ETL', 'Python', 'Statistics', 'Machine Learning', 'SQL', 'NumPy']","Data Analyst (internship) role in the data domain (internship) at a SMB organization. Location: On-site - Jerusalem. You will take ownership of tasks, communicate progress clearly, and help deliver high-quality outcomes on time. The ideal candidate is organized, curious, and comfortable learning new tools quickly. Key skills include: A/B Testing, SQL, Statistics, Machine Learning, NumPy, ETL. You will work in a fast-paced setting with room to take initiative and make an impact. Tags: junior, student, career, entry-level. You will help maintain documentation, track metrics, and support regular check-ins with the team.","['student', 'junior', 'career', 'entry-level']"
819,BI Analyst (student part-time),data,On-site - Tel Aviv,student part-time,nonprofit,"['NumPy', 'Pandas', 'Python', 'ETL', 'Data Visualization', 'Excel', 'Statistics']","BI Analyst (student part-time) role in the data domain (student part-time) at a nonprofit organization. Location: On-site - Tel Aviv. You will support day-to-day execution, coordinate stakeholders, and contribute to process improvements. We are looking for a proactive, detail-oriented candidate with strong communication skills. Key skills include: Data Visualization, NumPy, Excel, Statistics, Python, Pandas. You will gain practical experience and build a strong foundation for your career. Tags: career, entry-level, student, junior. You will help maintain documentation, track metrics, and support regular check-ins with the team.","['student', 'junior', 'career', 'entry-level']"
4219,Backend Developer (contract),tech,On-site - Jerusalem,contract,agency,"['Python', 'Cloud', 'Docker', 'Testing', 'Linux', 'Git', 'React']","Backend Developer (contract) role in the tech domain (contract) at a agency organization. Location: On-site - Jerusalem. You will support day-to-day execution, coordinate stakeholders, and contribute to process improvements. We value problem-solving, ownership, and the ability to work independently when needed. Key skills include: Python, Docker, Testing, Cloud, React, Linux. This role offers hands-on experience in a dynamic environment and exposure to real business challenges. Tags: career, entry-level, student, junior. You will help maintain documentation, track metrics, and support regular check-ins with the team.","['student', 'junior', 'career', 'entry-level']"
503,Software Engineer (junior full-time),tech,Hybrid - Tel Aviv,junior full-time,agency,"['Docker', 'Git', 'Testing', 'SQL', 'JavaScript', 'Cloud', 'React']","Software Engineer (junior full-time) role in the tech domain (junior full-time) at a agency organization. Location: Hybrid - Tel Aviv. You will support day-to-day execution, coordinate stakeholders, and contribute to process improvements. We value problem-solving, ownership, and the ability to work independently when needed. Key skills include: Testing, SQL, Git, Docker, JavaScript, React. You will work in a fast-paced setting with room to take initiative and make an impact. Tags: entry-level, junior, career, student. You will help maintain documentation, track metrics, and support regular check-ins with the team.","['student', 'junior', 'career', 'entry-level']"
9392,Frontend Developer (contract),tech,On-site - Tel Aviv,contract,nonprofit,"['Docker', 'Git', 'Testing', 'Python', 'JavaScript', 'Cloud', 'React']","Frontend Developer (contract) role in the tech domain (contract) at a nonprofit organization. Location: On-site - Tel Aviv. You will work closely with cross-functional teams, analyze needs, and translate them into actionable steps. We value problem-solving, ownership, and the ability to work independently when needed. Key skills include: React, JavaScript, Git, Testing, Python, Docker. You will join a supportive team with opportunities to learn and grow. Tags: career, entry-level, student, junior. You will help maintain documentation, track metrics, and support regular check-ins with the team.","['student', 'junior', 'career', 'entry-level']"
2868,Frontend Developer (junior full-time),tech,On-site - Jerusalem,junior full-time,SMB,"['Cloud', 'Linux', 'Python', 'Docker', 'Testing', 'React', 'JavaScript']","Frontend Developer (junior full-time) role in the tech domain (junior full-time) at a SMB organization. Location: On-site - Jerusalem. You will work closely with cross-functional teams, analyze needs, and translate them into actionable steps. We are looking for a proactive, detail-oriented candidate with strong communication skills. Key skills include: JavaScript, Linux, Docker, React, Cloud, Python. This role offers hands-on experience in a dynamic environment and exposure to real business challenges. Tags: junior, entry-level, career, student. You will help maintain documentation, track metrics, and support regular check-ins with the team.","['student', 'junior', 'career', 'entry-level']"
7476,Frontend Developer (student part-time),tech,On-site - Jerusalem,student part-time,corporate,"['JavaScript', 'Testing', 'SQL', 'Git', 'Python', 'APIs', 'Linux']","Frontend Developer (student part-time) role in the tech domain (student part-time) at a corporate organization. Location: On-site - Jerusalem. You will support day-to-day execution, coordinate stakeholders, and contribute to process improvements. You should be reliable, collaborative, and able to manage multiple tasks in parallel. Key skills include: Python, JavaScript, APIs, Git, Linux, SQL. You will gain practical experience and build a strong foundation for your career. Tags: student, career, entry-level, junior. You will help maintain documentation, track metrics, and support regular check-ins with the team.","['student', 'junior', 'career', 'entry-level']"
6244,QA Engineer (student part-time),tech,On-site - Jerusalem,student part-time,startup,"['Cloud', 'Git', 'JavaScript', 'Linux', 'React', 'Testing', 'Python']","QA Engineer (student part-time) role in the tech domain (student part-time) at a startup organization. Location: On-site - Jerusalem. You will take ownership of tasks, communicate progress clearly, and help deliver high-quality outcomes on time. We are looking for a proactive, detail-oriented candidate with strong communication skills. Key skills include: React, Testing, Python, Linux, Git, JavaScript. You will join a supportive team with opportunities to learn and grow. Tags: junior, entry-level, career, student. You will help maintain documentation, track metrics, and support regular check-ins with the team.","['student', 'junior', 'career', 'entry-level']"
7315,QA Engineer (internship),tech,Hybrid - Herzliya,internship,agency,"['SQL', 'Linux', 'React', 'JavaScript', 'Docker', 'Testing', 'APIs']","QA Engineer (internship) role in the tech domain (internship) at a agency organization. Location: Hybrid - Herzliya. You will assist with planning and reporting, and ensure smooth collaboration across teams. You should be reliable, collaborative, and able to manage multiple tasks in parallel. Key skills include: Docker, SQL, React, APIs, Testing, JavaScript. You will work in a fast-paced setting with room to take initiative and make an impact. Tags: student, junior, entry-level, career. You will help maintain documentation, track metrics, and support regular check-ins with the team.","['student', 'junior', 'career', 'entry-level']"
7979,QA Engineer (contract),tech,Remote (EU time),contract,corporate,"['Linux', 'Cloud', 'React', 'Git', 'APIs', 'JavaScript', 'SQL']","QA Engineer (contract) role in the tech domain (contract) at a corporate organization. Location: Remote (EU time). You will help run operations, document workflows, and drive continuous improvement initiatives. You should be reliable, collaborative, and able to manage multiple tasks in parallel. Key skills include: SQL, JavaScript, React, Cloud, APIs, Git. You will gain practical experience and build a strong foundation for your career. Tags: career, student, entry-level, junior. You will help maintain documentation, track metrics, and support regular check-ins with the team.","['student', 'junior', 'career', 'entry-level']"
1781,Frontend Developer (student part-time),tech,Remote (EU time),student part-time,startup,"['React', 'Python', 'SQL', 'Testing', 'Cloud', 'JavaScript', 'Git']","Frontend Developer (student part-time) role in the tech domain (student part-time) at a startup organization. Location: Remote (EU time). You will help run operations, document workflows, and drive continuous improvement initiatives. You should be reliable, collaborative, and able to manage multiple tasks in parallel. Key skills include: Git, React, Cloud, Testing, SQL, JavaScript. This role offers hands-on experience in a dynamic environment and exposure to real business challenges. Tags: career, entry-level, junior, student. You will help maintain documentation, track metrics, and support regular check-ins with the team.","['student', 'junior', 'career', 'entry-level']"
3041,Data Analyst (student part-time),data,Hybrid - Herzliya,student part-time,corporate,"['Statistics', 'Python', 'NumPy', 'Machine Learning', 'ETL', 'A/B Testing', 'Pandas']","Data Analyst (student part-time) role in the data domain (student part-time) at a corporate organization. Location: Hybrid - Herzliya. You will work closely with cross-functional teams, analyze needs, and translate them into actionable steps. The ideal candidate is organized, curious, and comfortable learning new tools quickly. Key skills include: Statistics, A/B Testing, Python, ETL, NumPy, Pandas. You will work in a fast-paced setting with room to take initiative and make an impact. Tags: student, career, junior, entry-level. You will help maintain documentation, track metrics, and support regular check-ins with the team.","['student', 'junior', 'career', 'entry-level']"
4542,Backend Developer (junior full-time),tech,Remote,junior full-time,startup,"['Git', 'Python', 'SQL', 'Linux', 'APIs', 'Cloud', 'Docker']","Backend Developer (junior full-time) role in the tech domain (junior full-time) at a startup organization. Location: Remote. You will assist with planning and reporting, and ensure smooth collaboration across teams. We value problem-solving, ownership, and the ability to work independently when needed. Key skills include: APIs, SQL, Docker, Python, Git, Linux. This role offers hands-on experience in a dynamic environment and exposure to real business challenges. Tags: junior, career, student, entry-level. You will help maintain documentation, track metrics, and support regular check-ins with the team.","['student', 'junior', 'career', 'entry-level']"
7235,Software Engineer (contract),tech,Hybrid - Tel Aviv,contract,nonprofit,"['JavaScript', 'Python', 'Testing', 'React', 'APIs', 'SQL', 'Git']","Software Engineer (contract) role in the tech domain (contract) at a nonprofit organization. Location: Hybrid - Tel Aviv. You will work closely with cross-functional teams, analyze needs, and translate them into actionable steps. We are looking for a proactive, detail-oriented candidate with strong communication skills. Key skills include: APIs, Python, React, Testing, JavaScript, Git. This role offers hands-on experience in a dynamic environment and exposure to real business challenges. Tags: career, student, entry-level, junior. You will help maintain documentation, track metrics, and support regular check-ins with the team.","['student', 'junior', 'career', 'entry-level']"
234,Junior Data Scientist (contract),data,Hybrid - Tel Aviv,contract,startup,"['Pandas', 'Statistics', 'Python', 'NumPy', 'Excel', 'A/B Testing', 'Data Visualization']","Junior Data Scientist (contract) role in the data domain (contract) at a startup organization. Location: Hybrid - Tel Aviv. You will work closely with cross-functional teams, analyze needs, and translate them into actionable steps. You should be reliable, collaborative, and able to manage multiple tasks in parallel. Key skills include: Pandas, Statistics, Data Visualization, Python, Excel, NumPy. You will gain practical experience and build a strong foundation for your career. Tags: junior, student, career, entry-level. You will help maintain documentation, track metrics, and support regular check-ins with the team.","['student', 'junior', 'career', 'entry-level']"
1180,Data Analyst (junior full-time),data,Hybrid - Herzliya,junior full-time,startup,"['NumPy', 'SQL', 'Pandas', 'Statistics', 'ETL', 'Python', 'A/B Testing']","Data Analyst (junior full-time) role in the data domain (junior full-time) at a startup organization. Location: Hybrid - Herzliya. You will work closely with cross-functional teams, analyze needs, and translate them into actionable steps. We are looking for a proactive, detail-oriented candidate with strong communication skills. Key skills include: A/B Testing, Statistics, SQL, ETL, Pandas, NumPy. This role offers hands-on experience in a dynamic environment and exposure to real business challenges. Tags: student, junior, career, entry-level. You will help maintain documentation, track metrics, and support regular check-ins with the team.","['student', 'junior', 'career', 'entry-level']"
1196,BI Analyst (student part-time),data,Hybrid - Herzliya,student part-time,SMB,"['SQL', 'ETL', 'NumPy', 'Pandas', 'Statistics', 'Machine Learning', 'Data Visualization']","BI Analyst (student part-time) role in the data domain (student part-time) at a SMB organization. Location: Hybrid - Herzliya. You will help run operations, document workflows, and drive continuous improvement initiatives. We value problem-solving, ownership, and the ability to work independently when needed. Key skills include: Machine Learning, SQL, Pandas, NumPy, ETL, Statistics. You will gain practical experience and build a strong foundation for your career. Tags: career, student, junior, entry-level. You will help maintain documentation, track metrics, and support regular check-ins with the team.","['student', 'junior', 'career', 'entry-level']"
9964,Data Analyst (student part-time),data,Hybrid - Tel Aviv,student part-time,startup,"['Python', 'NumPy', 'Data Visualization', 'A/B Testing', 'Machine Learning', 'Pandas', 'Excel']","Data Analyst (student part-time) role in the data domain (student part-time) at a startup organization. Location: Hybrid - Tel Aviv. You will work closely with cross-functional teams, analyze needs, and translate them into actionable steps. You should be reliable, collaborative, and able to manage multiple tasks in parallel. Key skills include: Data Visualization, Pandas, A/B Testing, Machine Learning, Excel, Python. You will join a supportive team with opportunities to learn and grow. Tags: career, entry-level, junior, student. You will help maintain documentation, track metrics, and support regular check-ins with the team.","['student', 'junior', 'career', 'entry-level']"
2314,BI Analyst (contract),data,On-site - Tel Aviv,contract,startup,"['Pandas', 'Statistics', 'Data Visualization', 'NumPy', 'SQL', 'Excel', 'Machine Learning']","BI Analyst (contract) role in the data domain (contract) at a startup organization. Location: On-site - Tel Aviv. You will help run operations, document workflows, and drive continuous improvement initiatives. We are looking for a proactive, detail-oriented candidate with strong communication skills. Key skills include: Machine Learning, Data Visualization, SQL, NumPy, Pandas, Excel. This role offers hands-on experience in a dynamic environment and exposure to real business challenges. Tags: student, career, junior, entry-level. You will help maintain documentation, track metrics, and support regular check-ins with the team.","['student', 'junior', 'career', 'entry-level']"
1093,Data Analyst (contract),data,Remote,contract,corporate,"['ETL', 'Machine Learning', 'Excel', 'Statistics', 'Python', 'Pandas', 'Data Visualization']","Data Analyst (contract) role in the data domain (contract) at a corporate organization. Location: Remote. You will assist with planning and reporting, and ensure smooth collaboration across teams. We value problem-solving, ownership, and the ability to work independently when needed. Key skills include: Python, Pandas, Machine Learning, Excel, Data Visualization, ETL. You will join a supportive team with opportunities to learn and grow. Tags: career, entry-level, junior, student. You will help maintain documentation, track metrics, and support regular check-ins with the team.","['student', 'junior', 'career', 'entry-level']"
4527,BI Analyst (student part-time),data,Hybrid - Herzliya,student part-time,nonprofit,"['NumPy', 'Excel', 'Statistics', 'Pandas', 'ETL', 'Data Visualization', 'A/B Testing']","BI Analyst (student part-time) role in the data domain (student part-time) at a nonprofit organization. Location: Hybrid - Herzliya. You will work closely with cross-functional teams, analyze needs, and translate them into actionable steps. You should be reliable, collaborative, and able to manage multiple tasks in parallel. Key skills include: Data Visualization, ETL, Statistics, NumPy, Pandas, A/B Testing. You will gain practical experience and build a strong foundation for your career. Tags: career, entry-level, junior, student. You will help maintain documentation, track metrics, and support regular check-ins with the team.","['student', 'junior', 'career', 'entry-level']"
8757,BI Analyst (internship),data,On-site - Tel Aviv,internship,nonprofit,"['SQL', 'Pandas', 'Machine Learning', 'A/B Testing', 'Data Visualization', 'Statistics', 'Excel']","BI Analyst (internship) role in the data domain (internship) at a nonprofit organization. Location: On-site - Tel Aviv. You will work closely with cross-functional teams, analyze needs, and translate them into actionable steps. The ideal candidate is organized, curious, and comfortable learning new tools quickly. Key skills include: Machine Learning, A/B Testing, Excel, SQL, Statistics, Data Visualization. You will work in a fast-paced setting with room to take initiative and make an impact. Tags: entry-level, student, junior, career. You will help maintain documentation, track metrics, and support regular check-ins with the team.","['student', 'junior', 'career', 'entry-level']"
2804,Backend Developer (internship),tech,On-site - Tel Aviv,internship,corporate,"['React', 'Docker', 'Linux', 'Cloud', 'JavaScript', 'Python', 'Git']","Backend Developer (internship) role in the tech domain (internship) at a corporate organization. Location: On-site - Tel Aviv. You will help run operations, document workflows, and drive continuous improvement initiatives. We are looking for a proactive, detail-oriented candidate with strong communication skills. Key skills include: Cloud, Git, React, JavaScript, Docker, Linux. You will gain practical experience and build a strong foundation for your career. Tags: junior, student, career, entry-level. You will help maintain documentation, track metrics, and support regular check-ins with the team.","['student', 'junior', 'career', 'entry-level']"
1391,BI Analyst (student part-time),data,On-site - Jerusalem,student part-time,nonprofit,"['Machine Learning', 'NumPy', 'A/B Testing', 'Pandas', 'Data Visualization', 'SQL', 'Excel']","BI Analyst (student part-time) role in the data domain (student part-time) at a nonprofit organization. Location: On-site - Jerusalem. You will support day-to-day execution, coordinate stakeholders, and contribute to process improvements. The ideal candidate is organized, curious, and comfortable learning new tools quickly. Key skills include: Excel, Data Visualization, Machine Learning, A/B Testing, SQL, NumPy. This role offers hands-on experience in a dynamic environment and exposure to real business challenges. Tags: junior, student, entry-level, career. You will help maintain documentation, track metrics, and support regular check-ins with the team.","['student', 'junior', 'career', 'entry-level']"
237,BI Analyst (student part-time),data,Hybrid - Tel Aviv,student part-time,SMB,"['Python', 'ETL', 'NumPy', 'A/B Testing', 'Pandas', 'Excel', 'Data Visualization']","BI Analyst (student part-time) role in the data domain (student part-time) at a SMB organization. Location: Hybrid - Tel Aviv. You will help run operations, document workflows, and drive continuous improvement initiatives. The ideal candidate is organized, curious, and comfortable learning new tools quickly. Key skills include: Python, Excel, Data Visualization, Pandas, ETL, NumPy. You will join a supportive team with opportunities to learn and grow. Tags: career, entry-level, junior, student. You will help maintain documentation, track metrics, and support regular check-ins with the team.","['student', 'junior', 'career', 'entry-level']"
9909,Software Engineer (student part-time),tech,On-site - Jerusalem,student part-time,corporate,"['Testing', 'JavaScript', 'React', 'SQL', 'Cloud', 'Linux', 'Python']","Software Engineer (student part-time) role in the tech domain (student part-time) at a corporate organization. Location: On-site - Jerusalem. You will support day-to-day execution, coordinate stakeholders, and contribute to process improvements. We value problem-solving, ownership, and the ability to work independently when needed. Key skills include: Testing, Cloud, SQL, React, Python, JavaScript. You will gain practical experience and build a strong foundation for your career. Tags: entry-level, career, student, junior. You will help maintain documentation, track metrics, and support regular check-ins with the team.","['student', 'junior', 'career', 'entry-level']"
2991,Junior Data Scientist (internship),data,On-site - Tel Aviv,internship,nonprofit,"['Python', 'A/B Testing', 'Data Visualization', 'SQL', 'ETL', 'Machine Learning', 'Statistics']","Junior Data Scientist (internship) role in the data domain (internship) at a nonprofit organization. Location: On-site - Tel Aviv. You will help run operations, document workflows, and drive continuous improvement initiatives. The ideal candidate is organized, curious, and comfortable learning new tools quickly. Key skills include: A/B Testing, SQL, Machine Learning, Data Visualization, Statistics, Python. You will join a supportive team with opportunities to learn and grow. Tags: entry-level, junior, student, career. You will help maintain documentation, track metrics, and support regular check-ins with the team.","['student', 'junior', 'career', 'entry-level']"
3570,Junior Data Scientist (junior full-time),data,Remote (EU time),junior full-time,startup,"['SQL', 'Statistics', 'Data Visualization', 'NumPy', 'Python', 'A/B Testing', 'Excel']","Junior Data Scientist (junior full-time) role in the data domain (junior full-time) at a startup organization. Location: Remote (EU time). You will take ownership of tasks, communicate progress clearly, and help deliver high-quality outcomes on time. The ideal candidate is organized, curious, and comfortable learning new tools quickly. Key skills include: Statistics, SQL, Excel, Data Visualization, Python, NumPy. You will work in a fast-paced setting with room to take initiative and make an impact. Tags: student, entry-level, career, junior. You will help maintain documentation, track metrics, and support regular check-ins with the team.","['student', 'junior', 'career', 'entry-level']"
2613,Frontend Developer (student part-time),tech,On-site - Jerusalem,student part-time,nonprofit,"['Linux', 'JavaScript', 'Python', 'Cloud', 'React', 'Git', 'Testing']","Frontend Developer (student part-time) role in the tech domain (student part-time) at a nonprofit organization. Location: On-site - Jerusalem. You will help run operations, document workflows, and drive continuous improvement initiatives. The ideal candidate is organized, curious, and comfortable learning new tools quickly. Key skills include: Linux, Python, Testing, React, JavaScript, Git. This role offers hands-on experience in a dynamic environment and exposure to real business challenges. Tags: entry-level, career, student, junior. You will help maintain documentation, track metrics, and support regular check-ins with the team.","['student', 'junior', 'career', 'entry-level']"
8877,Frontend Developer (junior full-time),tech,Hybrid - Herzliya,junior full-time,agency,"['Git', 'SQL', 'Cloud', 'Testing', 'React', 'JavaScript', 'Docker']","Frontend Developer (junior full-time) role in the tech domain (junior full-time) at a agency organization. Location: Hybrid - Herzliya. You will help run operations, document workflows, and drive continuous improvement initiatives. We are looking for a proactive, detail-oriented candidate with strong communication skills. Key skills include: React, Git, JavaScript, Docker, SQL, Cloud. This role offers hands-on experience in a dynamic environment and exposure to real business challenges. Tags: entry-level, career, student, junior. You will help maintain documentation, track metrics, and support regular check-ins with the team.","['student', 'junior', 'career', 'entry-level']"
9575,Data Analyst (student part-time),data,Hybrid - Herzliya,student part-time,SMB,"['NumPy', 'SQL', 'Data Visualization', 'Python', 'Excel', 'Machine Learning', 'Statistics']","Data Analyst (student part-time) role in the data domain (student part-time) at a SMB organization. Location: Hybrid - Herzliya. You will help run operations, document workflows, and drive continuous improvement initiatives. You should be reliable, collaborative, and able to manage multiple tasks in parallel. Key skills include: Statistics, NumPy, Data Visualization, SQL, Python, Excel. You will work in a fast-paced setting with room to take initiative and make an impact. Tags: career, junior, entry-level, student. You will help maintain documentation, track metrics, and support regular check-ins with the team.","['student', 'junior', 'career', 'entry-level']"
2003,Junior Data Scientist (contract),data,Remote,contract,startup,"['A/B Testing', 'Machine Learning', 'Statistics', 'ETL', 'Python', 'Data Visualization', 'NumPy']","Junior Data Scientist (contract) role in the data domain (contract) at a startup organization. Location: Remote. You will support day-to-day execution, coordinate stakeholders, and contribute to process improvements. You should be reliable, collaborative, and able to manage multiple tasks in parallel. Key skills include: NumPy, Data Visualization, ETL, A/B Testing, Machine Learning, Statistics. You will join a supportive team with opportunities to learn and grow. Tags: career, entry-level, student, junior. You will help maintain documentation, track metrics, and support regular check-ins with the team.","['student', 'junior', 'career', 'entry-level']"
8536,Frontend Developer (student part-time),tech,Hybrid - Herzliya,student part-time,nonprofit,"['Linux', 'Docker', 'Python', 'APIs', 'JavaScript', 'SQL', 'Git']","Frontend Developer (student part-time) role in the tech domain (student part-time) at a nonprofit organization. Location: Hybrid - Herzliya. You will work closely with cross-functional teams, analyze needs, and translate them into actionable steps. We value problem-solving, ownership, and the ability to work independently when needed. Key skills include: SQL, APIs, Docker, Linux, JavaScript, Python. This role offers hands-on experience in a dynamic environment and exposure to real business challenges. Tags: entry-level, career, junior, student. You will help maintain documentation, track metrics, and support regular check-ins with the team.","['student', 'junior', 'career', 'entry-level']"
7585,Software Engineer (junior full-time),tech,On-site - Jerusalem,junior full-time,nonprofit,"['SQL', 'Docker', 'Python', 'Cloud', 'JavaScript', 'APIs', 'Git']","Software Engineer (junior full-time) role in the tech domain (junior full-time) at a nonprofit organization. Location: On-site - Jerusalem. You will assist with planning and reporting, and ensure smooth collaboration across teams. You should be reliable, collaborative, and able to manage multiple tasks in parallel. Key skills include: Docker, APIs, JavaScript, Git, SQL, Python. You will join a supportive team with opportunities to learn and grow. Tags: student, career, junior, entry-level. You will help maintain documentation, track metrics, and support regular check-ins with the team.","['student', 'junior', 'career', 'entry-level']"
6602,Frontend Developer (internship),tech,Remote (EU time),internship,corporate,"['Testing', 'JavaScript', 'Git', 'Docker', 'SQL', 'Cloud', 'React']","Frontend Developer (internship) role in the tech domain (internship) at a corporate organization. Location: Remote (EU time). You will help run operations, document workflows, and drive continuous improvement initiatives. You should be reliable, collaborative, and able to manage multiple tasks in parallel. Key skills include: JavaScript, Testing, Cloud, Docker, React, Git. You will join a supportive team with opportunities to learn and grow. Tags: junior, career, entry-level, student. You will help maintain documentation, track metrics, and support regular check-ins with the team.","['student', 'junior', 'career', 'entry-level']"
2284,QA Engineer (junior full-time),tech,Remote (EU time),junior full-time,SMB,"['SQL', 'Linux', 'Testing', 'React', 'Python', 'JavaScript', 'Git']","QA Engineer (junior full-time) role in the tech domain (junior full-time) at a SMB organization. Location: Remote (EU time). You will help run operations, document workflows, and drive continuous improvement initiatives. You should be reliable, collaborative, and able to manage multiple tasks in parallel. Key skills include: SQL, Testing, Python, JavaScript, React, Linux. You will gain practical experience and build a strong foundation for your career. Tags: junior, entry-level, student, career. You will help maintain documentation, track metrics, and support regular check-ins with the team.","['student', 'junior', 'career', 'entry-level']"
8849,Frontend Developer (junior full-time),tech,Hybrid - Tel Aviv,junior full-time,nonprofit,"['Git', 'Docker', 'APIs', 'React', 'Python', 'JavaScript', 'Testing']","Frontend Developer (junior full-time) role in the tech domain (junior full-time) at a nonprofit organization. Location: Hybrid - Tel Aviv. You will support day-to-day execution, coordinate stakeholders, and contribute to process improvements. We value problem-solving, ownership, and the ability to work independently when needed. Key skills include: JavaScript, Testing, Git, Python, APIs, Docker. You will gain practical experience and build a strong foundation for your career. Tags: student, junior, career, entry-level. You will help maintain documentation, track metrics, and support regular check-ins with the team.","['student', 'junior', 'career', 'entry-level']"
2171,Data Analyst (contract),data,Hybrid - Herzliya,contract,startup,"['Python', 'Excel', 'ETL', 'NumPy', 'Data Visualization', 'SQL', 'Statistics']","Data Analyst (contract) role in the data domain (contract) at a startup organization. Location: Hybrid - Herzliya. You will assist with planning and reporting, and ensure smooth collaboration across teams. We value problem-solving, ownership, and the ability to work independently when needed. Key skills include: Data Visualization, Excel, SQL, Statistics, NumPy, Python. You will gain practical experience and build a strong foundation for your career. Tags: junior, student, entry-level, career. You will help maintain documentation, track metrics, and support regular check-ins with the team.","['student', 'junior', 'career', 'entry-level']"
7540,Software Engineer (contract),tech,On-site - Jerusalem,contract,corporate,"['APIs', 'Git', 'Linux', 'SQL', 'Python', 'Docker', 'React']","Software Engineer (contract) role in the tech domain (contract) at a corporate organization. Location: On-site - Jerusalem. You will take ownership of tasks, communicate progress clearly, and help deliver high-quality outcomes on time. The ideal candidate is organized, curious, and comfortable learning new tools quickly. Key skills include: APIs, Git, Docker, Python, React, SQL. You will work in a fast-paced setting with room to take initiative and make an impact. Tags: student, junior, entry-level, career. You will help maintain documentation, track metrics, and support regular check-ins with the team.","['student', 'junior', 'career', 'entry-level']"
9107,BI Analyst (junior full-time),data,On-site - Jerusalem,junior full-time,startup,"['SQL', 'Excel', 'NumPy', 'Machine Learning', 'Statistics', 'Data Visualization', 'ETL']","BI Analyst (junior full-time) role in the data domain (junior full-time) at a startup organization. Location: On-site - Jerusalem. You will help run operations, document workflows, and drive continuous improvement initiatives. We are looking for a proactive, detail-oriented candidate with strong communication skills. Key skills include: Statistics, Data Visualization, NumPy, Machine Learning, ETL, SQL. You will work in a fast-paced setting with room to take initiative and make an impact. Tags: career, junior, student, entry-level. You will help maintain documentation, track metrics, and support regular check-ins with the team.","['student', 'junior', 'career', 'entry-level']"
6015,Frontend Developer (student part-time),tech,Remote,student part-time,SMB,"['SQL', 'Testing', 'React', 'Cloud', 'Python', 'APIs', 'Git']","Frontend Developer (student part-time) role in the tech domain (student part-time) at a SMB organization. Location: Remote. You will support day-to-day execution, coordinate stakeholders, and contribute to process improvements. We are looking for a proactive, detail-oriented candidate with strong communication skills. Key skills include: Testing, Git, SQL, Python, React, APIs. This role offers hands-on experience in a dynamic environment and exposure to real business challenges. Tags: junior, student, entry-level, career. You will help maintain documentation, track metrics, and support regular check-ins with the team.","['student', 'junior', 'career', 'entry-level']"
9643,Junior Data Scientist (junior full-time),data,Hybrid - Tel Aviv,junior full-time,SMB,"['Python', 'Statistics', 'SQL', 'A/B Testing', 'Machine Learning', 'Pandas', 'ETL']","Junior Data Scientist (junior full-time) role in the data domain (junior full-time) at a SMB organization. Location: Hybrid - Tel Aviv. You will help run operations, document workflows, and drive continuous improvement initiatives. The ideal candidate is organized, curious, and comfortable learning new tools quickly. Key skills include: SQL, ETL, Pandas, Statistics, Machine Learning, A/B Testing. You will work in a fast-paced setting with room to take initiative and make an impact. Tags: junior, entry-level, student, career. You will help maintain documentation, track metrics, and support regular check-ins with the team.","['student', 'junior', 'career', 'entry-level']"
2412,Junior Data Scientist (internship),data,Remote (EU time),internship,startup,"['NumPy', 'Pandas', 'Statistics', 'ETL', 'A/B Testing', 'Python', 'SQL']","Junior Data Scientist (internship) role in the data domain (internship) at a startup organization. Location: Remote (EU time). You will take ownership of tasks, communicate progress clearly, and help deliver high-quality outcomes on time. We value problem-solving, ownership, and the ability to work independently when needed. Key skills include: Statistics, A/B Testing, Python, SQL, Pandas, ETL. This role offers hands-on experience in a dynamic environment and exposure to real business challenges. Tags: student, entry-level, junior, career. You will help maintain documentation, track metrics, and support regular check-ins with the team.","['student', 'junior', 'career', 'entry-level']"
7488,BI Analyst (student part-time),data,Remote (EU time),student part-time,corporate,"['Statistics', 'SQL', 'NumPy', 'A/B Testing', 'Machine Learning', 'Pandas', 'Data Visualization']","BI Analyst (student part-time) role in the data domain (student part-time) at a corporate organization. Location: Remote (EU time). You will help run operations, document workflows, and drive continuous improvement initiatives. We are looking for a proactive, detail-oriented candidate with strong communication skills. Key skills include: Statistics, Pandas, Data Visualization, Machine Learning, SQL, A/B Testing. You will join a supportive team with opportunities to learn and grow. Tags: student, junior, career, entry-level. You will help maintain documentation, track metrics, and support regular check-ins with the team.","['student', 'junior', 'career', 'entry-level']"
1046,Data Analyst (junior full-time),data,Remote (EU time),junior full-time,corporate,"['Data Visualization', 'ETL', 'NumPy', 'SQL', 'Python', 'Pandas', 'Statistics']","Data Analyst (junior full-time) role in the data domain (junior full-time) at a corporate organization. Location: Remote (EU time). You will assist with planning and reporting, and ensure smooth collaboration across teams. We value problem-solving, ownership, and the ability to work independently when needed. Key skills include: Statistics, ETL, Data Visualization, SQL, Python, Pandas. You will work in a fast-paced setting with room to take initiative and make an impact. Tags: student, entry-level, career, junior. You will help maintain documentation, track metrics, and support regular check-ins with the team.","['student', 'junior', 'career', 'entry-level']"
2320,Junior Data Scientist (junior full-time),data,On-site - Jerusalem,junior full-time,corporate,"['Pandas', 'Statistics', 'NumPy', 'Machine Learning', 'ETL', 'Data Visualization', 'SQL']","Junior Data Scientist (junior full-time) role in the data domain (junior full-time) at a corporate organization. Location: On-site - Jerusalem. You will take ownership of tasks, communicate progress clearly, and help deliver high-quality outcomes on time. We value problem-solving, ownership, and the ability to work independently when needed. Key skills include: Machine Learning, Statistics, Data Visualization, ETL, Pandas, SQL. You will work in a fast-paced setting with room to take initiative and make an impact. Tags: career, entry-level, student, junior.","['student', 'junior', 'career', 'entry-level']"
6837,Frontend Developer (junior full-time),tech,Hybrid - Tel Aviv,junior full-time,SMB,"['JavaScript', 'React', 'Python', 'APIs', 'Docker', 'Testing', 'SQL']","Frontend Developer (junior full-time) role in the tech domain (junior full-time) at a SMB organization. Location: Hybrid - Tel Aviv. You will take ownership of tasks, communicate progress clearly, and help deliver high-quality outcomes on time. We are looking for a proactive, detail-oriented candidate with strong communication skills. Key skills include: Docker, Python, JavaScript, Testing, React, SQL. You will join a supportive team with opportunities to learn and grow. Tags: entry-level, student, junior, career. You will help maintain documentation, track metrics, and support regular check-ins with the team.","['student', 'junior', 'career', 'entry-level']"
9694,BI Analyst (student part-time),data,Hybrid - Tel Aviv,student part-time,agency,"['SQL', 'Data Visualization', 'A/B Testing', 'ETL', 'Excel', 'Statistics', 'Python']","BI Analyst (student part-time) role in the data domain (student part-time) at a agency organization. Location: Hybrid - Tel Aviv. You will support day-to-day execution, coordinate stakeholders, and contribute to process improvements. We are looking for a proactive, detail-oriented candidate with strong communication skills. Key skills include: A/B Testing, Excel, Statistics, SQL, Python, ETL. You will gain practical experience and build a strong foundation for your career. Tags: junior, student, career, entry-level. You will help maintain documentation, track metrics, and support regular check-ins with the team.","['student', 'junior', 'career', 'entry-level']"
4106,Software Engineer (student part-time),tech,Hybrid - Herzliya,student part-time,SMB,"['APIs', 'Python', 'React', 'Linux', 'Testing', 'JavaScript', 'SQL']","Software Engineer (student part-time) role in the tech domain (student part-time) at a SMB organization. Location: Hybrid - Herzliya. You will work closely with cross-functional teams, analyze needs, and translate them into actionable steps. We value problem-solving, ownership, and the ability to work independently when needed. Key skills include: SQL, Linux, JavaScript, Python, Testing, React. You will work in a fast-paced setting with room to take initiative and make an impact. Tags: entry-level, career, junior, student. You will help maintain documentation, track metrics, and support regular check-ins with the team.","['student', 'junior', 'career', 'entry-level']"
6341,Backend Developer (internship),tech,Hybrid - Tel Aviv,internship,nonprofit,"['JavaScript', 'Cloud', 'React', 'Docker', 'Git', 'SQL', 'Linux']","Backend Developer (internship) role in the tech domain (internship) at a nonprofit organization. Location: Hybrid - Tel Aviv. You will support day-to-day execution, coordinate stakeholders, and contribute to process improvements. The ideal candidate is organized, curious, and comfortable learning new tools quickly. Key skills include: React, Docker, Cloud, JavaScript, SQL, Git. You will gain practical experience and build a strong foundation for your career. Tags: junior, entry-level, career, student. You will help maintain documentation, track metrics, and support regular check-ins with the team.","['student', 'junior', 'career', 'entry-level']"
8221,Backend Developer (junior full-time),tech,On-site - Jerusalem,junior full-time,nonprofit,"['Python', 'JavaScript', 'Git', 'Testing', 'Linux', 'APIs', 'Docker']","Backend Developer (junior full-time) role in the tech domain (junior full-time) at a nonprofit organization. Location: On-site - Jerusalem. You will assist with planning and reporting, and ensure smooth collaboration across teams. We value problem-solving, ownership, and the ability to work independently when needed. Key skills include: Python, APIs, JavaScript, Testing, Linux, Git. You will work in a fast-paced setting with room to take initiative and make an impact. Tags: career, junior, entry-level, student. You will help maintain documentation, track metrics, and support regular check-ins with the team.","['student', 'junior', 'career', 'entry-level']"
9834,Software Engineer (junior full-time),tech,Remote (EU time),junior full-time,agency,"['Cloud', 'Testing', 'JavaScript', 'Docker', 'Python', 'SQL', 'Linux']","Software Engineer (junior full-time) role in the tech domain (junior full-time) at a agency organization. Location: Remote (EU time). You will take ownership of tasks, communicate progress clearly, and help deliver high-quality outcomes on time. We value problem-solving, ownership, and the ability to work independently when needed. Key skills include: JavaScript, SQL, Linux, Python, Testing, Cloud. You will work in a fast-paced setting with room to take initiative and make an impact. Tags: entry-level, student, junior, career. You will help maintain documentation, track metrics, and support regular check-ins with the team.","['student', 'junior', 'career', 'entry-level']"
8837,Backend Developer (contract),tech,Hybrid - Tel Aviv,contract,agency,"['APIs', 'Testing', 'Python', 'SQL', 'Git', 'JavaScript', 'Cloud']","Backend Developer (contract) role in the tech domain (contract) at a agency organization. Location: Hybrid - Tel Aviv. You will work closely with cross-functional teams, analyze needs, and translate them into actionable steps. The ideal candidate is organized, curious, and comfortable learning new tools quickly. Key skills include: Python, SQL, Cloud, Git, Testing, JavaScript. You will work in a fast-paced setting with room to take initiative and make an impact. Tags: career, junior, student, entry-level. You will help maintain documentation, track metrics, and support regular check-ins with the team.","['student', 'junior', 'career', 'entry-level']"
6437,Data Analyst (internship),data,Remote,internship,nonprofit,"['Python', 'SQL', 'Excel', 'ETL', 'NumPy', 'A/B Testing', 'Machine Learning']","Data Analyst (internship) role in the data domain (internship) at a nonprofit organization. Location: Remote. You will assist with planning and reporting, and ensure smooth collaboration across teams. The ideal candidate is organized, curious, and comfortable learning new tools quickly. Key skills include: NumPy, SQL, Python, Excel, A/B Testing, Machine Learning. You will work in a fast-paced setting with room to take initiative and make an impact. Tags: entry-level, junior, student, career. You will help maintain documentation, track metrics, and support regular check-ins with the team.","['student', 'junior', 'career', 'entry-level']"
1709,Software Engineer (student part-time),tech,On-site - Jerusalem,student part-time,SMB,"['APIs', 'JavaScript', 'Linux', 'Git', 'Docker', 'Testing', 'SQL']","Software Engineer (student part-time) role in the tech domain (student part-time) at a SMB organization. Location: On-site - Jerusalem. You will work closely with cross-functional teams, analyze needs, and translate them into actionable steps. The ideal candidate is organized, curious, and comfortable learning new tools quickly. Key skills include: APIs, SQL, JavaScript, Git, Linux, Docker. You will work in a fast-paced setting with room to take initiative and make an impact. Tags: student, junior, career, entry-level. You will help maintain documentation, track metrics, and support regular check-ins with the team.","['student', 'junior', 'career', 'entry-level']"
539,QA Engineer (student part-time),tech,Remote,student part-time,corporate,"['Cloud', 'Python', 'React', 'APIs', 'JavaScript', 'SQL', 'Linux']","QA Engineer (student part-time) role in the tech domain (student part-time) at a corporate organization. Location: Remote. You will help run operations, document workflows, and drive continuous improvement initiatives. The ideal candidate is organized, curious, and comfortable learning new tools quickly. Key skills include: APIs, SQL, Python, Cloud, Linux, JavaScript. You will work in a fast-paced setting with room to take initiative and make an impact. Tags: entry-level, career, student, junior. You will help maintain documentation, track metrics, and support regular check-ins with the team.","['student', 'junior', 'career', 'entry-level']"
3954,QA Engineer (student part-time),tech,Remote,student part-time,nonprofit,"['JavaScript', 'Git', 'Python', 'React', 'APIs', 'Testing', 'Linux']","QA Engineer (student part-time) role in the tech domain (student part-time) at a nonprofit organization. Location: Remote. You will take ownership of tasks, communicate progress clearly, and help deliver high-quality outcomes on time. We value problem-solving, ownership, and the ability to work independently when needed. Key skills include: Python, JavaScript, React, Testing, Git, APIs. You will join a supportive team with opportunities to learn and grow. Tags: junior, career, entry-level, student. You will help maintain documentation, track metrics, and support regular check-ins with the team.","['student', 'junior', 'career', 'entry-level']"
1753,Frontend Developer (junior full-time),tech,On-site - Tel Aviv,junior full-time,corporate,"['APIs', 'Git', 'JavaScript', 'Cloud', 'Linux', 'Python', 'Testing']","Frontend Developer (junior full-time) role in the tech domain (junior full-time) at a corporate organization. Location: On-site - Tel Aviv. You will assist with planning and reporting, and ensure smooth collaboration across teams. You should be reliable, collaborative, and able to manage multiple tasks in parallel. Key skills include: JavaScript, APIs, Linux, Python, Git, Testing. You will gain practical experience and build a strong foundation for your career. Tags: entry-level, career, junior, student. You will help maintain documentation, track metrics, and support regular check-ins with the team.","['student', 'junior', 'career', 'entry-level']"
8594,Frontend Developer (internship),tech,Remote,internship,nonprofit,"['Testing', 'APIs', 'Git', 'Cloud', 'Docker', 'Python', 'JavaScript']","Frontend Developer (internship) role in the tech domain (internship) at a nonprofit organization. Location: Remote. You will help run operations, document workflows, and drive continuous improvement initiatives. You should be reliable, collaborative, and able to manage multiple tasks in parallel. Key skills include: JavaScript, Python, Git, Cloud, Docker, Testing. You will work in a fast-paced setting with room to take initiative and make an impact. Tags: career, student, entry-level, junior. You will help maintain documentation, track metrics, and support regular check-ins with the team.","['student', 'junior', 'career', 'entry-level']"
2336,Software Engineer (student part-time),tech,Hybrid - Herzliya,student part-time,startup,"['React', 'Testing', 'Docker', 'Linux', 'SQL', 'Python', 'APIs']","Software Engineer (student part-time) role in the tech domain (student part-time) at a startup organization. Location: Hybrid - Herzliya. You will take ownership of tasks, communicate progress clearly, and help deliver high-quality outcomes on time. We are looking for a proactive, detail-oriented candidate with strong communication skills. Key skills include: React, Testing, Python, Linux, Docker, SQL. This role offers hands-on experience in a dynamic environment and exposure to real business challenges. Tags: career, junior, student, entry-level. You will help maintain documentation, track metrics, and support regular check-ins with the team.","['student', 'junior', 'career', 'entry-level']"
5784,Data Analyst (contract),data,Hybrid - Tel Aviv,contract,agency,"['ETL', 'Machine Learning', 'Data Visualization', 'Statistics', 'Python', 'Excel', 'SQL']","Data Analyst (contract) role in the data domain (contract) at a agency organization. Location: Hybrid - Tel Aviv. You will work closely with cross-functional teams, analyze needs, and translate them into actionable steps. We value problem-solving, ownership, and the ability to work independently when needed. Key skills include: Data Visualization, ETL, SQL, Machine Learning, Statistics, Excel. This role offers hands-on experience in a dynamic environment and exposure to real business challenges. Tags: entry-level, student, career, junior. You will help maintain documentation, track metrics, and support regular check-ins with the team.","['student', 'junior', 'career', 'entry-level']"
8923,Software Engineer (student part-time),tech,Hybrid - Tel Aviv,student part-time,corporate,"['Docker', 'Linux', 'Testing', 'SQL', 'React', 'APIs', 'Python']","Software Engineer (student part-time) role in the tech domain (student part-time) at a corporate organization. Location: Hybrid - Tel Aviv. You will work closely with cross-functional teams, analyze needs, and translate them into actionable steps. We are looking for a proactive, detail-oriented candidate with strong communication skills. Key skills include: Testing, Python, Docker, Linux, SQL, React. You will join a supportive team with opportunities to learn and grow. Tags: student, career, junior, entry-level. You will help maintain documentation, track metrics, and support regular check-ins with the team.","['student', 'junior', 'career', 'entry-level']"
4166,QA Engineer (internship),tech,Remote,internship,startup,"['Cloud', 'Git', 'SQL', 'Docker', 'Testing', 'Linux', 'Python']","QA Engineer (internship) role in the tech domain (internship) at a startup organization. Location: Remote. You will help run operations, document workflows, and drive continuous improvement initiatives. We value problem-solving, ownership, and the ability to work independently when needed. Key skills include: SQL, Git, Docker, Python, Cloud, Linux. This role offers hands-on experience in a dynamic environment and exposure to real business challenges. Tags: junior, career, student, entry-level. You will help maintain documentation, track metrics, and support regular check-ins with the team.","['student', 'junior', 'career', 'entry-level']"
7851,Data Analyst (contract),data,On-site - Jerusalem,contract,agency,"['Pandas', 'Python', 'NumPy', 'Data Visualization', 'Statistics', 'SQL', 'ETL']","Data Analyst (contract) role in the data domain (contract) at a agency organization. Location: On-site - Jerusalem. You will work closely with cross-functional teams, analyze needs, and translate them into actionable steps. You should be reliable, collaborative, and able to manage multiple tasks in parallel. Key skills include: Pandas, Statistics, Python, ETL, NumPy, Data Visualization. You will join a supportive team with opportunities to learn and grow. Tags: student, career, junior, entry-level. You will help maintain documentation, track metrics, and support regular check-ins with the team.","['student', 'junior', 'career', 'entry-level']"
1842,Backend Developer (junior full-time),tech,Hybrid - Tel Aviv,junior full-time,nonprofit,"['JavaScript', 'React', 'Testing', 'SQL', 'Docker', 'Cloud', 'APIs']","Backend Developer (junior full-time) role in the tech domain (junior full-time) at a nonprofit organization. Location: Hybrid - Tel Aviv. You will take ownership of tasks, communicate progress clearly, and help deliver high-quality outcomes on time. You should be reliable, collaborative, and able to manage multiple tasks in parallel. Key skills include: Cloud, Testing, JavaScript, Docker, SQL, React. This role offers hands-on experience in a dynamic environment and exposure to real business challenges. Tags: student, junior, entry-level, career. You will help maintain documentation, track metrics, and support regular check-ins with the team.","['student', 'junior', 'career', 'entry-level']"
4257,Backend Developer (junior full-time),tech,On-site - Jerusalem,junior full-time,SMB,"['Git', 'Testing', 'React', 'Linux', 'APIs', 'Docker', 'Cloud']","Backend Developer (junior full-time) role in the tech domain (junior full-time) at a SMB organization. Location: On-site - Jerusalem. You will take ownership of tasks, communicate progress clearly, and help deliver high-quality outcomes on time. We are looking for a proactive, detail-oriented candidate with strong communication skills. Key skills include: Docker, Cloud, Linux, APIs, React, Testing. This role offers hands-on experience in a dynamic environment and exposure to real business challenges. Tags: student, entry-level, junior, career. You will help maintain documentation, track metrics, and support regular check-ins with the team.","['student', 'junior', 'career', 'entry-level']"
1408,Software Engineer (junior full-time),tech,On-site - Tel Aviv,junior full-time,nonprofit,"['Docker', 'Python', 'Linux', 'SQL', 'APIs', 'Cloud', 'Git']","Software Engineer (junior full-time) role in the tech domain (junior full-time) at a nonprofit organization. Location: On-site - Tel Aviv. You will assist with planning and reporting, and ensure smooth collaboration across teams. We value problem-solving, ownership, and the ability to work independently when needed. Key skills include: Docker, Git, Linux, Python, SQL, Cloud. You will work in a fast-paced setting with room to take initiative and make an impact. Tags: entry-level, junior, student, career. You will help maintain documentation, track metrics, and support regular check-ins with the team.","['student', 'junior', 'career', 'entry-level']"
1470,Backend Developer (junior full-time),tech,Hybrid - Herzliya,junior full-time,corporate,"['JavaScript', 'React', 'Cloud', 'Testing', 'Python', 'APIs', 'Docker']","Backend Developer (junior full-time) role in the tech domain (junior full-time) at a corporate organization. Location: Hybrid - Herzliya. You will support day-to-day execution, coordinate stakeholders, and contribute to process improvements. The ideal candidate is organized, curious, and comfortable learning new tools quickly. Key skills include: Python, JavaScript, Cloud, React, Docker, Testing. You will work in a fast-paced setting with room to take initiative and make an impact. Tags: entry-level, student, junior, career. You will help maintain documentation, track metrics, and support regular check-ins with the team.","['student', 'junior', 'career', 'entry-level']"
5836,Software Engineer (contract),tech,Hybrid - Herzliya,contract,agency,"['Git', 'Cloud', 'Linux', 'Docker', 'React', 'SQL', 'Python']","Software Engineer (contract) role in the tech domain (contract) at a agency organization. Location: Hybrid - Herzliya. You will take ownership of tasks, communicate progress clearly, and help deliver high-quality outcomes on time. We value problem-solving, ownership, and the ability to work independently when needed. Key skills include: SQL, React, Linux, Git, Docker, Cloud. You will join a supportive team with opportunities to learn and grow. Tags: entry-level, career, junior, student. You will help maintain documentation, track metrics, and support regular check-ins with the team.","['student', 'junior', 'career', 'entry-level']"
3852,Junior Data Scientist (junior full-time),data,On-site - Tel Aviv,junior full-time,corporate,"['Statistics', 'Pandas', 'ETL', 'Machine Learning', 'NumPy', 'Python', 'Data Visualization']","Junior Data Scientist (junior full-time) role in the data domain (junior full-time) at a corporate organization. Location: On-site - Tel Aviv. You will help run operations, document workflows, and drive continuous improvement initiatives. We value problem-solving, ownership, and the ability to work independently when needed. Key skills include: Machine Learning, NumPy, Pandas, Statistics, Data Visualization, Python. You will join a supportive team with opportunities to learn and grow. Tags: entry-level, career, student, junior. You will help maintain documentation, track metrics, and support regular check-ins with the team.","['student', 'junior', 'career', 'entry-level']"
4430,BI Analyst (contract),data,Hybrid - Herzliya,contract,corporate,"['A/B Testing', 'Statistics', 'Data Visualization', 'SQL', 'Excel', 'ETL', 'Python']","BI Analyst (contract) role in the data domain (contract) at a corporate organization. Location: Hybrid - Herzliya. You will take ownership of tasks, communicate progress clearly, and help deliver high-quality outcomes on time. You should be reliable, collaborative, and able to manage multiple tasks in parallel. Key skills include: Excel, ETL, SQL, Statistics, Python, Data Visualization. You will gain practical experience and build a strong foundation for your career. Tags: career, entry-level, student, junior. You will help maintain documentation, track metrics, and support regular check-ins with the team.","['student', 'junior', 'career', 'entry-level']"
2316,Junior Data Scientist (student part-time),data,On-site - Tel Aviv,student part-time,nonprofit,"['Data Visualization', 'SQL', 'Machine Learning', 'ETL', 'A/B Testing', 'NumPy', 'Statistics']","Junior Data Scientist (student part-time) role in the data domain (student part-time) at a nonprofit organization. Location: On-site - Tel Aviv. You will take ownership of tasks, communicate progress clearly, and help deliver high-quality outcomes on time. The ideal candidate is organized, curious, and comfortable learning new tools quickly. Key skills include: NumPy, Machine Learning, A/B Testing, SQL, Statistics, ETL. You will work in a fast-paced setting with room to take initiative and make an impact. Tags: student, entry-level, career, junior.","['student', 'junior', 'career', 'entry-level']"
3376,Junior Data Scientist (internship),data,Hybrid - Tel Aviv,internship,agency,"['Statistics', 'Machine Learning', 'A/B Testing', 'SQL', 'Excel', 'Data Visualization', 'NumPy']","Junior Data Scientist (internship) role in the data domain (internship) at a agency organization. Location: Hybrid - Tel Aviv. You will assist with planning and reporting, and ensure smooth collaboration across teams. We are looking for a proactive, detail-oriented candidate with strong communication skills. Key skills include: Machine Learning, NumPy, Statistics, A/B Testing, SQL, Data Visualization. You will join a supportive team with opportunities to learn and grow. Tags: student, career, junior, entry-level. You will help maintain documentation, track metrics, and support regular check-ins with the team.","['student', 'junior', 'career', 'entry-level']"
1589,BI Analyst (junior full-time),data,Remote,junior full-time,agency,"['Pandas', 'Statistics', 'SQL', 'Machine Learning', 'Data Visualization', 'Excel', 'ETL']","BI Analyst (junior full-time) role in the data domain (junior full-time) at a agency organization. Location: Remote. You will work closely with cross-functional teams, analyze needs, and translate them into actionable steps. We value problem-solving, ownership, and the ability to work independently when needed. Key skills include: Data Visualization, Statistics, ETL, Machine Learning, Pandas, Excel. This role offers hands-on experience in a dynamic environment and exposure to real business challenges. Tags: career, student, junior, entry-level. You will help maintain documentation, track metrics, and support regular check-ins with the team.","['student', 'junior', 'career', 'entry-level']"
1415,QA Engineer (student part-time),tech,Hybrid - Herzliya,student part-time,nonprofit,"['Testing', 'Python', 'Cloud', 'SQL', 'JavaScript', 'APIs', 'Linux']","QA Engineer (student part-time) role in the tech domain (student part-time) at a nonprofit organization. Location: Hybrid - Herzliya. You will work closely with cross-functional teams, analyze needs, and translate them into actionable steps. You should be reliable, collaborative, and able to manage multiple tasks in parallel. Key skills include: Linux, Python, Testing, Cloud, JavaScript, SQL. You will join a supportive team with opportunities to learn and grow. Tags: career, entry-level, junior, student. You will help maintain documentation, track metrics, and support regular check-ins with the team.","['student', 'junior', 'career', 'entry-level']"
3843,Software Engineer (junior full-time),tech,Hybrid - Tel Aviv,junior full-time,agency,"['Cloud', 'JavaScript', 'React', 'Git', 'Python', 'Linux', 'APIs']","Software Engineer (junior full-time) role in the tech domain (junior full-time) at a agency organization. Location: Hybrid - Tel Aviv. You will help run operations, document workflows, and drive continuous improvement initiatives. You should be reliable, collaborative, and able to manage multiple tasks in parallel. Key skills include: React, JavaScript, APIs, Git, Python, Linux. This role offers hands-on experience in a dynamic environment and exposure to real business challenges. Tags: junior, student, entry-level, career. You will help maintain documentation, track metrics, and support regular check-ins with the team.","['student', 'junior', 'career', 'entry-level']"
3330,Junior Data Scientist (internship),data,On-site - Jerusalem,internship,SMB,"['Excel', 'NumPy', 'ETL', 'Machine Learning', 'Data Visualization', 'SQL', 'Python']","Junior Data Scientist (internship) role in the data domain (internship) at a SMB organization. Location: On-site - Jerusalem. You will take ownership of tasks, communicate progress clearly, and help deliver high-quality outcomes on time. We value problem-solving, ownership, and the ability to work independently when needed. Key skills include: SQL, Data Visualization, Machine Learning, NumPy, ETL, Excel. You will join a supportive team with opportunities to learn and grow. Tags: career, junior, entry-level, student. You will help maintain documentation, track metrics, and support regular check-ins with the team.","['student', 'junior', 'career', 'entry-level']"
2410,Junior Data Scientist (internship),data,On-site - Tel Aviv,internship,SMB,"['Pandas', 'A/B Testing', 'Data Visualization', 'NumPy', 'Machine Learning', 'Python', 'SQL']","Junior Data Scientist (internship) role in the data domain (internship) at a SMB organization. Location: On-site - Tel Aviv. You will work closely with cross-functional teams, analyze needs, and translate them into actionable steps. We value problem-solving, ownership, and the ability to work independently when needed. Key skills include: Python, Data Visualization, Machine Learning, NumPy, Pandas, SQL. You will work in a fast-paced setting with room to take initiative and make an impact. Tags: student, junior, entry-level, career. You will help maintain documentation, track metrics, and support regular check-ins with the team.","['student', 'junior', 'career', 'entry-level']"
6563,QA Engineer (internship),tech,On-site - Tel Aviv,internship,startup,"['Git', 'Linux', 'JavaScript', 'Python', 'Docker', 'Testing', 'React']","QA Engineer (internship) role in the tech domain (internship) at a startup organization. Location: On-site - Tel Aviv. You will help run operations, document workflows, and drive continuous improvement initiatives. You should be reliable, collaborative, and able to manage multiple tasks in parallel. Key skills include: React, Git, Testing, Docker, Python, Linux. This role offers hands-on experience in a dynamic environment and exposure to real business challenges. Tags: entry-level, student, career, junior. You will help maintain documentation, track metrics, and support regular check-ins with the team.","['student', 'junior', 'career', 'entry-level']"
3432,Frontend Developer (contract),tech,Hybrid - Tel Aviv,contract,startup,"['Cloud', 'Python', 'APIs', 'Docker', 'Linux', 'JavaScript', 'Testing']","Frontend Developer (contract) role in the tech domain (contract) at a startup organization. Location: Hybrid - Tel Aviv. You will assist with planning and reporting, and ensure smooth collaboration across teams. You should be reliable, collaborative, and able to manage multiple tasks in parallel. Key skills include: JavaScript, Cloud, Docker, APIs, Linux, Testing. This role offers hands-on experience in a dynamic environment and exposure to real business challenges. Tags: junior, career, student, entry-level. You will help maintain documentation, track metrics, and support regular check-ins with the team.","['student', 'junior', 'career', 'entry-level']"
1355,Software Engineer (contract),tech,Remote (EU time),contract,startup,"['React', 'SQL', 'JavaScript', 'Testing', 'APIs', 'Docker', 'Python']","Software Engineer (contract) role in the tech domain (contract) at a startup organization. Location: Remote (EU time). You will help run operations, document workflows, and drive continuous improvement initiatives. We value problem-solving, ownership, and the ability to work independently when needed. Key skills include: JavaScript, APIs, Python, React, Docker, SQL. You will work in a fast-paced setting with room to take initiative and make an impact. Tags: student, entry-level, junior, career. You will help maintain documentation, track metrics, and support regular check-ins with the team.","['student', 'junior', 'career', 'entry-level']"
7749,Software Engineer (student part-time),tech,On-site - Jerusalem,student part-time,SMB,"['Git', 'SQL', 'Linux', 'Docker', 'Cloud', 'JavaScript', 'Testing']","Software Engineer (student part-time) role in the tech domain (student part-time) at a SMB organization. Location: On-site - Jerusalem. You will assist with planning and reporting, and ensure smooth collaboration across teams. You should be reliable, collaborative, and able to manage multiple tasks in parallel. Key skills include: Docker, Testing, Git, Cloud, JavaScript, SQL. You will gain practical experience and build a strong foundation for your career. Tags: student, entry-level, junior, career. You will help maintain documentation, track metrics, and support regular check-ins with the team.","['student', 'junior', 'career', 'entry-level']"
8750,Backend Developer (contract),tech,On-site - Tel Aviv,contract,SMB,"['Cloud', 'Docker', 'Git', 'Testing', 'React', 'Python', 'Linux']","Backend Developer (contract) role in the tech domain (contract) at a SMB organization. Location: On-site - Tel Aviv. You will work closely with cross-functional teams, analyze needs, and translate them into actionable steps. The ideal candidate is organized, curious, and comfortable learning new tools quickly. Key skills include: Testing, Python, Linux, Docker, Cloud, Git. You will join a supportive team with opportunities to learn and grow. Tags: career, junior, student, entry-level. You will help maintain documentation, track metrics, and support regular check-ins with the team.","['student', 'junior', 'career', 'entry-level']"
5781,Frontend Developer (student part-time),tech,Remote (EU time),student part-time,startup,"['React', 'Python', 'SQL', 'Testing', 'Cloud', 'JavaScript', 'Git']","Frontend Developer (student part-time) role in the tech domain (student part-time) at a startup organization. Location: Remote (EU time). You will work closely with cross-functional teams, analyze needs, and translate them into actionable steps. You should be reliable, collaborative, and able to manage multiple tasks in parallel. Key skills include: JavaScript, Testing, SQL, React, Python, Git. You will work in a fast-paced setting with room to take initiative and make an impact. Tags: career, student, junior, entry-level. You will help maintain documentation, track metrics, and support regular check-ins with the team.","['student', 'junior', 'career', 'entry-level']"
1399,BI Analyst (internship),data,Remote,internship,startup,"['Machine Learning', 'Statistics', 'A/B Testing', 'NumPy', 'SQL', 'Excel', 'ETL']","BI Analyst (internship) role in the data domain (internship) at a startup organization. Location: Remote. You will support day-to-day execution, coordinate stakeholders, and contribute to process improvements. You should be reliable, collaborative, and able to manage multiple tasks in parallel. Key skills include: Excel, ETL, NumPy, Statistics, A/B Testing, Machine Learning. You will join a supportive team with opportunities to learn and grow. Tags: junior, entry-level, student, career. You will help maintain documentation, track metrics, and support regular check-ins with the team.","['student', 'junior', 'career', 'entry-level']"
4129,QA Engineer (junior full-time),tech,Remote,junior full-time,nonprofit,"['JavaScript', 'Cloud', 'Docker', 'SQL', 'Git', 'APIs', 'Python']","QA Engineer (junior full-time) role in the tech domain (junior full-time) at a nonprofit organization. Location: Remote. You will support day-to-day execution, coordinate stakeholders, and contribute to process improvements. We are looking for a proactive, detail-oriented candidate with strong communication skills. Key skills include: Docker, Python, JavaScript, Cloud, APIs, Git. You will gain practical experience and build a strong foundation for your career. Tags: junior, entry-level, career, student. You will help maintain documentation, track metrics, and support regular check-ins with the team.","['student', 'junior', 'career', 'entry-level']"
2080,Junior Data Scientist (student part-time),data,Remote,student part-time,corporate,"['SQL', 'Machine Learning', 'Statistics', 'Data Visualization', 'Excel', 'ETL', 'Python']","Junior Data Scientist (student part-time) role in the data domain (student part-time) at a corporate organization. Location: Remote. You will support day-to-day execution, coordinate stakeholders, and contribute to process improvements. We are looking for a proactive, detail-oriented candidate with strong communication skills. Key skills include: Statistics, ETL, Machine Learning, Data Visualization, SQL, Python. This role offers hands-on experience in a dynamic environment and exposure to real business challenges. Tags: junior, career, student, entry-level. You will help maintain documentation, track metrics, and support regular check-ins with the team.","['student', 'junior', 'career', 'entry-level']"
6266,Junior Data Scientist (internship),data,Remote,internship,startup,"['ETL', 'Pandas', 'NumPy', 'Excel', 'SQL', 'Statistics', 'Machine Learning']","Junior Data Scientist (internship) role in the data domain (internship) at a startup organization. Location: Remote. You will help run operations, document workflows, and drive continuous improvement initiatives. We are looking for a proactive, detail-oriented candidate with strong communication skills. Key skills include: Pandas, NumPy, Statistics, Excel, ETL, SQL. You will work in a fast-paced setting with room to take initiative and make an impact. Tags: career, junior, entry-level, student. You will help maintain documentation, track metrics, and support regular check-ins with the team.","['student', 'junior', 'career', 'entry-level']"
3487,Junior Data Scientist (internship),data,Remote (EU time),internship,corporate,"['NumPy', 'Pandas', 'SQL', 'Excel', 'Machine Learning', 'Python', 'Statistics']","Junior Data Scientist (internship) role in the data domain (internship) at a corporate organization. Location: Remote (EU time). You will take ownership of tasks, communicate progress clearly, and help deliver high-quality outcomes on time. We are looking for a proactive, detail-oriented candidate with strong communication skills. Key skills include: SQL, Pandas, NumPy, Machine Learning, Python, Excel. You will gain practical experience and build a strong foundation for your career. Tags: junior, entry-level, student, career. You will help maintain documentation, track metrics, and support regular check-ins with the team.","['student', 'junior', 'career', 'entry-level']"
9826,Backend Developer (junior full-time),tech,Remote,junior full-time,SMB,"['Cloud', 'React', 'Testing', 'JavaScript', 'Linux', 'Git', 'Docker']","Backend Developer (junior full-time) role in the tech domain (junior full-time) at a SMB organization. Location: Remote. You will take ownership of tasks, communicate progress clearly, and help deliver high-quality outcomes on time. We are looking for a proactive, detail-oriented candidate with strong communication skills. Key skills include: JavaScript, Git, Testing, React, Docker, Cloud. You will work in a fast-paced setting with room to take initiative and make an impact. Tags: career, student, entry-level, junior. You will help maintain documentation, track metrics, and support regular check-ins with the team.","['student', 'junior', 'career', 'entry-level']"
8360,Software Engineer (junior full-time),tech,Remote (EU time),junior full-time,agency,"['Linux', 'React', 'APIs', 'Cloud', 'Git', 'SQL', 'Python']","Software Engineer (junior full-time) role in the tech domain (junior full-time) at a agency organization. Location: Remote (EU time). You will take ownership of tasks, communicate progress clearly, and help deliver high-quality outcomes on time. The ideal candidate is organized, curious, and comfortable learning new tools quickly. Key skills include: React, Git, SQL, Linux, APIs, Cloud. This role offers hands-on experience in a dynamic environment and exposure to real business challenges. Tags: career, entry-level, junior, student. You will help maintain documentation, track metrics, and support regular check-ins with the team.","['student', 'junior', 'career', 'entry-level']"
8615,BI Analyst (contract),data,Remote (EU time),contract,SMB,"['Excel', 'A/B Testing', 'ETL', 'Machine Learning', 'SQL', 'Pandas', 'NumPy']","BI Analyst (contract) role in the data domain (contract) at a SMB organization. Location: Remote (EU time). You will assist with planning and reporting, and ensure smooth collaboration across teams. We are looking for a proactive, detail-oriented candidate with strong communication skills. Key skills include: Excel, SQL, A/B Testing, Pandas, NumPy, Machine Learning. You will gain practical experience and build a strong foundation for your career. Tags: junior, student, career, entry-level. You will help maintain documentation, track metrics, and support regular check-ins with the team.","['student', 'junior', 'career', 'entry-level']"
2341,Backend Developer (internship),tech,Hybrid - Tel Aviv,internship,nonprofit,"['JavaScript', 'Cloud', 'React', 'Docker', 'Git', 'SQL', 'Linux']","Backend Developer (internship) role in the tech domain (internship) at a nonprofit organization. Location: Hybrid - Tel Aviv. You will help run operations, document workflows, and drive continuous improvement initiatives. We value problem-solving, ownership, and the ability to work independently when needed. Key skills include: React, JavaScript, Git, Docker, Cloud, SQL. You will gain practical experience and build a strong foundation for your career. Tags: career, entry-level, student, junior. You will help maintain documentation, track metrics, and support regular check-ins with the team.","['student', 'junior', 'career', 'entry-level']"
2554,Frontend Developer (student part-time),tech,On-site - Jerusalem,student part-time,nonprofit,"['React', 'Git', 'Cloud', 'Linux', 'Python', 'SQL', 'Testing']","Frontend Developer (student part-time) role in the tech domain (student part-time) at a nonprofit organization. Location: On-site - Jerusalem. You will help run operations, document workflows, and drive continuous improvement initiatives. You should be reliable, collaborative, and able to manage multiple tasks in parallel. Key skills include: Cloud, React, Testing, SQL, Python, Git. You will gain practical experience and build a strong foundation for your career. Tags: career, entry-level, student, junior. You will help maintain documentation, track metrics, and support regular check-ins with the team.","['student', 'junior', 'career', 'entry-level']"
6458,Junior Data Scientist (internship),data,On-site - Jerusalem,internship,corporate,"['Machine Learning', 'Excel', 'ETL', 'NumPy', 'Data Visualization', 'SQL', 'A/B Testing']","Junior Data Scientist (internship) role in the data domain (internship) at a corporate organization. Location: On-site - Jerusalem. You will take ownership of tasks, communicate progress clearly, and help deliver high-quality outcomes on time. We are looking for a proactive, detail-oriented candidate with strong communication skills. Key skills include: NumPy, A/B Testing, Data Visualization, Machine Learning, ETL, SQL. You will join a supportive team with opportunities to learn and grow. Tags: entry-level, career, junior, student. You will help maintain documentation, track metrics, and support regular check-ins with the team.","['student', 'junior', 'career', 'entry-level']"
9328,Frontend Developer (junior full-time),tech,On-site - Tel Aviv,junior full-time,agency,"['Cloud', 'Testing', 'JavaScript', 'Git', 'Docker', 'Linux', 'APIs']","Frontend Developer (junior full-time) role in the tech domain (junior full-time) at a agency organization. Location: On-site - Tel Aviv. You will assist with planning and reporting, and ensure smooth collaboration across teams. We value problem-solving, ownership, and the ability to work independently when needed. Key skills include: APIs, Linux, Git, JavaScript, Testing, Docker. This role offers hands-on experience in a dynamic environment and exposure to real business challenges. Tags: entry-level, student, junior, career. You will help maintain documentation, track metrics, and support regular check-ins with the team.","['student', 'junior', 'career', 'entry-level']"
7654,Frontend Developer (internship),tech,Hybrid - Tel Aviv,internship,startup,"['JavaScript', 'Docker', 'Testing', 'Cloud', 'SQL', 'APIs', 'Linux']","Frontend Developer (internship) role in the tech domain (internship) at a startup organization. Location: Hybrid - Tel Aviv. You will support day-to-day execution, coordinate stakeholders, and contribute to process improvements. We value problem-solving, ownership, and the ability to work independently when needed. Key skills include: JavaScript, Linux, Cloud, Docker, Testing, APIs. You will gain practical experience and build a strong foundation for your career. Tags: entry-level, student, junior, career. You will help maintain documentation, track metrics, and support regular check-ins with the team.","['student', 'junior', 'career', 'entry-level']"
8896,Backend Developer (student part-time),tech,On-site - Tel Aviv,student part-time,SMB,"['Testing', 'Linux', 'JavaScript', 'APIs', 'Docker', 'React', 'Git']","Backend Developer (student part-time) role in the tech domain (student part-time) at a SMB organization. Location: On-site - Tel Aviv. You will help run operations, document workflows, and drive continuous improvement initiatives. We value problem-solving, ownership, and the ability to work independently when needed. Key skills include: Testing, Docker, Linux, React, APIs, JavaScript. You will join a supportive team with opportunities to learn and grow. Tags: junior, student, career, entry-level. You will help maintain documentation, track metrics, and support regular check-ins with the team.","['student', 'junior', 'career', 'entry-level']"
9856,Junior Data Scientist (junior full-time),data,Remote (EU time),junior full-time,startup,"['NumPy', 'Excel', 'A/B Testing', 'Python', 'Machine Learning', 'ETL', 'Pandas']","Junior Data Scientist (junior full-time) role in the data domain (junior full-time) at a startup organization. Location: Remote (EU time). You will help run operations, document workflows, and drive continuous improvement initiatives. We value problem-solving, ownership, and the ability to work independently when needed. Key skills include: Pandas, Machine Learning, A/B Testing, Python, ETL, NumPy. You will work in a fast-paced setting with room to take initiative and make an impact. Tags: career, student, entry-level, junior. You will help maintain documentation, track metrics, and support regular check-ins with the team.","['student', 'junior', 'career', 'entry-level']"
5974,QA Engineer (internship),tech,Hybrid - Herzliya,internship,corporate,"['SQL', 'JavaScript', 'Python', 'APIs', 'Docker', 'React', 'Cloud']","QA Engineer (internship) role in the tech domain (internship) at a corporate organization. Location: Hybrid - Herzliya. You will assist with planning and reporting, and ensure smooth collaboration across teams. The ideal candidate is organized, curious, and comfortable learning new tools quickly. Key skills include: React, APIs, JavaScript, SQL, Docker, Python. You will gain practical experience and build a strong foundation for your career. Tags: junior, career, student, entry-level. You will help maintain documentation, track metrics, and support regular check-ins with the team.","['student', 'junior', 'career', 'entry-level']"
8265,Backend Developer (junior full-time),tech,Hybrid - Tel Aviv,junior full-time,agency,"['Linux', 'Python', 'React', 'Testing', 'SQL', 'Git', 'JavaScript']","Backend Developer (junior full-time) role in the tech domain (junior full-time) at a agency organization. Location: Hybrid - Tel Aviv. You will take ownership of tasks, communicate progress clearly, and help deliver high-quality outcomes on time. The ideal candidate is organized, curious, and comfortable learning new tools quickly. Key skills include: SQL, JavaScript, Python, Linux, Testing, Git. You will work in a fast-paced setting with room to take initiative and make an impact. Tags: entry-level, junior, career, student. You will help maintain documentation, track metrics, and support regular check-ins with the team.","['student', 'junior', 'career', 'entry-level']"
8980,Data Analyst (contract),data,On-site - Tel Aviv,contract,SMB,"['NumPy', 'A/B Testing', 'Python', 'Pandas', 'ETL', 'Data Visualization', 'Statistics']","Data Analyst (contract) role in the data domain (contract) at a SMB organization. Location: On-site - Tel Aviv. You will help run operations, document workflows, and drive continuous improvement initiatives. We are looking for a proactive, detail-oriented candidate with strong communication skills. Key skills include: Data Visualization, Statistics, ETL, NumPy, A/B Testing, Python. This role offers hands-on experience in a dynamic environment and exposure to real business challenges. Tags: junior, entry-level, career, student. You will help maintain documentation, track metrics, and support regular check-ins with the team.","['student', 'junior', 'career', 'entry-level']"
5476,Frontend Developer (junior full-time),tech,Remote (EU time),junior full-time,SMB,"['SQL', 'Linux', 'Cloud', 'Python', 'Testing', 'JavaScript', 'APIs']","Frontend Developer (junior full-time) role in the tech domain (junior full-time) at a SMB organization. Location: Remote (EU time). You will support day-to-day execution, coordinate stakeholders, and contribute to process improvements. You should be reliable, collaborative, and able to manage multiple tasks in parallel. Key skills include: Testing, JavaScript, APIs, Cloud, Python, SQL. You will work in a fast-paced setting with room to take initiative and make an impact. Tags: entry-level, junior, student, career. You will help maintain documentation, track metrics, and support regular check-ins with the team.","['student', 'junior', 'career', 'entry-level']"
2773,Junior Data Scientist (student part-time),data,On-site - Jerusalem,student part-time,agency,"['ETL', 'SQL', 'Statistics', 'NumPy', 'Data Visualization', 'Pandas', 'Python']","Junior Data Scientist (student part-time) role in the data domain (student part-time) at a agency organization. Location: On-site - Jerusalem. You will take ownership of tasks, communicate progress clearly, and help deliver high-quality outcomes on time. We value problem-solving, ownership, and the ability to work independently when needed. Key skills include: Python, Statistics, SQL, Data Visualization, NumPy, Pandas. You will join a supportive team with opportunities to learn and grow. Tags: junior, student, entry-level, career. You will help maintain documentation, track metrics, and support regular check-ins with the team.","['student', 'junior', 'career', 'entry-level']"
9389,Backend Developer (contract),tech,On-site - Jerusalem,contract,agency,"['SQL', 'APIs', 'Git', 'Linux', 'Testing', 'Cloud', 'JavaScript']","Backend Developer (contract) role in the tech domain (contract) at a agency organization. Location: On-site - Jerusalem. You will assist with planning and reporting, and ensure smooth collaboration across teams. We value problem-solving, ownership, and the ability to work independently when needed. Key skills include: Git, Testing, JavaScript, APIs, Cloud, SQL. You will join a supportive team with opportunities to learn and grow. Tags: entry-level, career, student, junior. You will help maintain documentation, track metrics, and support regular check-ins with the team.","['student', 'junior', 'career', 'entry-level']"
6596,QA Engineer (student part-time),tech,Remote (EU time),student part-time,corporate,"['Testing', 'Linux', 'SQL', 'Docker', 'React', 'Python', 'Cloud']","QA Engineer (student part-time) role in the tech domain (student part-time) at a corporate organization. Location: Remote (EU time). You will work closely with cross-functional teams, analyze needs, and translate them into actionable steps. We are looking for a proactive, detail-oriented candidate with strong communication skills. Key skills include: React, Cloud, Docker, SQL, Python, Linux. This role offers hands-on experience in a dynamic environment and exposure to real business challenges. Tags: entry-level, junior, career, student. You will help maintain documentation, track metrics, and support regular check-ins with the team.","['student', 'junior', 'career', 'entry-level']"
532,Data Analyst (internship),data,Hybrid - Tel Aviv,internship,agency,"['SQL', 'ETL', 'Statistics', 'Machine Learning', 'Data Visualization', 'NumPy', 'A/B Testing']","Data Analyst (internship) role in the data domain (internship) at a agency organization. Location: Hybrid - Tel Aviv. You will support day-to-day execution, coordinate stakeholders, and contribute to process improvements. We value problem-solving, ownership, and the ability to work independently when needed. Key skills include: Machine Learning, Statistics, SQL, ETL, Data Visualization, A/B Testing. You will work in a fast-paced setting with room to take initiative and make an impact. Tags: student, entry-level, junior, career. You will help maintain documentation, track metrics, and support regular check-ins with the team.","['student', 'junior', 'career', 'entry-level']"
6780,QA Engineer (junior full-time),tech,Hybrid - Herzliya,junior full-time,SMB,"['Python', 'Testing', 'Cloud', 'APIs', 'Git', 'Docker', 'JavaScript']","QA Engineer (junior full-time) role in the tech domain (junior full-time) at a SMB organization. Location: Hybrid - Herzliya. You will take ownership of tasks, communicate progress clearly, and help deliver high-quality outcomes on time. The ideal candidate is organized, curious, and comfortable learning new tools quickly. Key skills include: Cloud, Testing, Git, Docker, Python, JavaScript. You will work in a fast-paced setting with room to take initiative and make an impact. Tags: career, junior, entry-level, student. You will help maintain documentation, track metrics, and support regular check-ins with the team.","['student', 'junior', 'career', 'entry-level']"
3969,Data Analyst (student part-time),data,On-site - Tel Aviv,student part-time,agency,"['A/B Testing', 'Python', 'Machine Learning', 'SQL', 'Pandas', 'Data Visualization', 'ETL']","Data Analyst (student part-time) role in the data domain (student part-time) at a agency organization. Location: On-site - Tel Aviv. You will help run operations, document workflows, and drive continuous improvement initiatives. You should be reliable, collaborative, and able to manage multiple tasks in parallel. Key skills include: A/B Testing, Machine Learning, Pandas, SQL, ETL, Python. You will work in a fast-paced setting with room to take initiative and make an impact. Tags: entry-level, junior, student, career. You will help maintain documentation, track metrics, and support regular check-ins with the team.","['student', 'junior', 'career', 'entry-level']"
4222,Software Engineer (contract),tech,Remote,contract,agency,"['Docker', 'Testing', 'Linux', 'Python', 'APIs', 'Cloud', 'JavaScript']","Software Engineer (contract) role in the tech domain (contract) at a agency organization. Location: Remote. You will help run operations, document workflows, and drive continuous improvement initiatives. The ideal candidate is organized, curious, and comfortable learning new tools quickly. Key skills include: Testing, Docker, APIs, Python, Cloud, Linux. You will gain practical experience and build a strong foundation for your career. Tags: entry-level, student, career, junior. You will help maintain documentation, track metrics, and support regular check-ins with the team.","['student', 'junior', 'career', 'entry-level']"
8324,Junior Data Scientist (junior full-time),data,Hybrid - Tel Aviv,junior full-time,corporate,"['SQL', 'Python', 'Machine Learning', 'A/B Testing', 'Statistics', 'ETL', 'Pandas']","Junior Data Scientist (junior full-time) role in the data domain (junior full-time) at a corporate organization. Location: Hybrid - Tel Aviv. You will assist with planning and reporting, and ensure smooth collaboration across teams. We are looking for a proactive, detail-oriented candidate with strong communication skills. Key skills include: ETL, Machine Learning, Pandas, Python, SQL, A/B Testing. You will gain practical experience and build a strong foundation for your career. Tags: career, entry-level, student, junior. You will help maintain documentation, track metrics, and support regular check-ins with the team.","['student', 'junior', 'career', 'entry-level']"
8132,Backend Developer (student part-time),tech,Remote (EU time),student part-time,corporate,"['SQL', 'Python', 'Git', 'Docker', 'Cloud', 'JavaScript', 'Testing']","Backend Developer (student part-time) role in the tech domain (student part-time) at a corporate organization. Location: Remote (EU time). You will help run operations, document workflows, and drive continuous improvement initiatives. You should be reliable, collaborative, and able to manage multiple tasks in parallel. Key skills include: Testing, SQL, Docker, Cloud, JavaScript, Git. This role offers hands-on experience in a dynamic environment and exposure to real business challenges. Tags: entry-level, junior, career, student. You will help maintain documentation, track metrics, and support regular check-ins with the team.","['student', 'junior', 'career', 'entry-level']"
7711,Software Engineer (internship),tech,On-site - Tel Aviv,internship,nonprofit,"['APIs', 'Python', 'React', 'SQL', 'Testing', 'JavaScript', 'Linux']","Software Engineer (internship) role in the tech domain (internship) at a nonprofit organization. Location: On-site - Tel Aviv. You will take ownership of tasks, communicate progress clearly, and help deliver high-quality outcomes on time. You should be reliable, collaborative, and able to manage multiple tasks in parallel. Key skills include: Testing, SQL, React, Python, Linux, JavaScript. You will work in a fast-paced setting with room to take initiative and make an impact. Tags: student, career, junior, entry-level. You will help maintain documentation, track metrics, and support regular check-ins with the team.","['student', 'junior', 'career', 'entry-level']"
30,Junior Data Scientist (junior full-time),data,Hybrid - Tel Aviv,junior full-time,corporate,"['Statistics', 'A/B Testing', 'ETL', 'Pandas', 'Python', 'Machine Learning', 'NumPy']","Junior Data Scientist (junior full-time) role in the data domain (junior full-time) at a corporate organization. Location: Hybrid - Tel Aviv. You will work closely with cross-functional teams, analyze needs, and translate them into actionable steps. The ideal candidate is organized, curious, and comfortable learning new tools quickly. Key skills include: A/B Testing, ETL, NumPy, Statistics, Pandas, Machine Learning. You will gain practical experience and build a strong foundation for your career. Tags: entry-level, student, career, junior. You will help maintain documentation, track metrics, and support regular check-ins with the team.","['student', 'junior', 'career', 'entry-level']"
1149,Software Engineer (junior full-time),tech,Hybrid - Tel Aviv,junior full-time,startup,"['Docker', 'JavaScript', 'SQL', 'Git', 'React', 'APIs', 'Testing']","Software Engineer (junior full-time) role in the tech domain (junior full-time) at a startup organization. Location: Hybrid - Tel Aviv. You will work closely with cross-functional teams, analyze needs, and translate them into actionable steps. The ideal candidate is organized, curious, and comfortable learning new tools quickly. Key skills include: Testing, Docker, APIs, SQL, JavaScript, Git. This role offers hands-on experience in a dynamic environment and exposure to real business challenges. Tags: entry-level, career, student, junior. You will help maintain documentation, track metrics, and support regular check-ins with the team.","['student', 'junior', 'career', 'entry-level']"
2128,Frontend Developer (contract),tech,On-site - Tel Aviv,contract,agency,"['SQL', 'Python', 'Docker', 'Cloud', 'APIs', 'Testing', 'JavaScript']","Frontend Developer (contract) role in the tech domain (contract) at a agency organization. Location: On-site - Tel Aviv. You will help run operations, document workflows, and drive continuous improvement initiatives. You should be reliable, collaborative, and able to manage multiple tasks in parallel. Key skills include: APIs, SQL, Python, Testing, JavaScript, Docker. You will gain practical experience and build a strong foundation for your career. Tags: student, junior, entry-level, career. You will help maintain documentation, track metrics, and support regular check-ins with the team.","['student', 'junior', 'career', 'entry-level']"
7643,Junior Data Scientist (student part-time),data,Hybrid - Tel Aviv,student part-time,SMB,"['Statistics', 'SQL', 'Pandas', 'Machine Learning', 'A/B Testing', 'Data Visualization', 'Python']","Junior Data Scientist (student part-time) role in the data domain (student part-time) at a SMB organization. Location: Hybrid - Tel Aviv. You will work closely with cross-functional teams, analyze needs, and translate them into actionable steps. You should be reliable, collaborative, and able to manage multiple tasks in parallel. Key skills include: Machine Learning, Data Visualization, Statistics, Python, SQL, Pandas. You will join a supportive team with opportunities to learn and grow. Tags: student, career, junior, entry-level. You will help maintain documentation, track metrics, and support regular check-ins with the team.","['student', 'junior', 'career', 'entry-level']"
278,Junior Data Scientist (internship),data,Remote (EU time),internship,agency,"['ETL', 'A/B Testing', 'Machine Learning', 'Python', 'NumPy', 'Statistics', 'SQL']","Junior Data Scientist (internship) role in the data domain (internship) at a agency organization. Location: Remote (EU time). You will assist with planning and reporting, and ensure smooth collaboration across teams. We value problem-solving, ownership, and the ability to work independently when needed. Key skills include: Statistics, Python, NumPy, Machine Learning, ETL, A/B Testing. You will gain practical experience and build a strong foundation for your career. Tags: junior, career, student, entry-level. You will help maintain documentation, track metrics, and support regular check-ins with the team.","['student', 'junior', 'career', 'entry-level']"
5990,Software Engineer (student part-time),tech,Hybrid - Tel Aviv,student part-time,agency,"['APIs', 'Cloud', 'JavaScript', 'Linux', 'Docker', 'SQL', 'Git']","Software Engineer (student part-time) role in the tech domain (student part-time) at a agency organization. Location: Hybrid - Tel Aviv. You will work closely with cross-functional teams, analyze needs, and translate them into actionable steps. You should be reliable, collaborative, and able to manage multiple tasks in parallel. Key skills include: JavaScript, APIs, Cloud, SQL, Linux, Git. You will work in a fast-paced setting with room to take initiative and make an impact. Tags: junior, career, student, entry-level. You will help maintain documentation, track metrics, and support regular check-ins with the team.","['student', 'junior', 'career', 'entry-level']"
5300,Junior Data Scientist (student part-time),data,On-site - Tel Aviv,student part-time,SMB,"['A/B Testing', 'ETL', 'Statistics', 'Machine Learning', 'SQL', 'Python', 'Data Visualization']","Junior Data Scientist (student part-time) role in the data domain (student part-time) at a SMB organization. Location: On-site - Tel Aviv. You will take ownership of tasks, communicate progress clearly, and help deliver high-quality outcomes on time. We are looking for a proactive, detail-oriented candidate with strong communication skills. Key skills include: ETL, Machine Learning, SQL, Statistics, Data Visualization, A/B Testing. You will join a supportive team with opportunities to learn and grow. Tags: student, entry-level, career, junior. You will help maintain documentation, track metrics, and support regular check-ins with the team.","['student', 'junior', 'career', 'entry-level']"
6360,Backend Developer (contract),tech,On-site - Jerusalem,contract,SMB,"['SQL', 'Python', 'React', 'Git', 'Testing', 'APIs', 'Docker']","Backend Developer (contract) role in the tech domain (contract) at a SMB organization. Location: On-site - Jerusalem. You will assist with planning and reporting, and ensure smooth collaboration across teams. We are looking for a proactive, detail-oriented candidate with strong communication skills. Key skills include: SQL, Python, Git, Testing, Docker, React. This role offers hands-on experience in a dynamic environment and exposure to real business challenges. Tags: student, entry-level, junior, career. You will help maintain documentation, track metrics, and support regular check-ins with the team.","['student', 'junior', 'career', 'entry-level']"
5709,Software Engineer (student part-time),tech,On-site - Jerusalem,student part-time,SMB,"['APIs', 'JavaScript', 'Linux', 'Git', 'Docker', 'Testing', 'SQL']","Software Engineer (student part-time) role in the tech domain (student part-time) at a SMB organization. Location: On-site - Jerusalem. You will take ownership of tasks, communicate progress clearly, and help deliver high-quality outcomes on time. The ideal candidate is organized, curious, and comfortable learning new tools quickly. Key skills include: JavaScript, Linux, SQL, Git, Testing, APIs. You will work in a fast-paced setting with room to take initiative and make an impact. Tags: entry-level, student, career, junior. You will help maintain documentation, track metrics, and support regular check-ins with the team.","['student', 'junior', 'career', 'entry-level']"
7225,Data Analyst (internship),data,Remote (EU time),internship,nonprofit,"['Pandas', 'NumPy', 'A/B Testing', 'Statistics', 'Python', 'Machine Learning', 'ETL']","Data Analyst (internship) role in the data domain (internship) at a nonprofit organization. Location: Remote (EU time). You will assist with planning and reporting, and ensure smooth collaboration across teams. You should be reliable, collaborative, and able to manage multiple tasks in parallel. Key skills include: A/B Testing, NumPy, ETL, Machine Learning, Statistics, Pandas. You will work in a fast-paced setting with room to take initiative and make an impact. Tags: career, junior, entry-level, student. You will help maintain documentation, track metrics, and support regular check-ins with the team.","['student', 'junior', 'career', 'entry-level']"
4347,QA Engineer (internship),tech,Remote (EU time),internship,startup,"['Python', 'JavaScript', 'Docker', 'SQL', 'Linux', 'Cloud', 'React']","QA Engineer (internship) role in the tech domain (internship) at a startup organization. Location: Remote (EU time). You will help run operations, document workflows, and drive continuous improvement initiatives. The ideal candidate is organized, curious, and comfortable learning new tools quickly. Key skills include: Linux, JavaScript, SQL, Python, React, Docker. You will join a supportive team with opportunities to learn and grow. Tags: career, entry-level, student, junior. You will help maintain documentation, track metrics, and support regular check-ins with the team.","['student', 'junior', 'career', 'entry-level']"
2574,QA Engineer (contract),tech,Hybrid - Tel Aviv,contract,corporate,"['Git', 'Cloud', 'Testing', 'JavaScript', 'APIs', 'Linux', 'React']","QA Engineer (contract) role in the tech domain (contract) at a corporate organization. Location: Hybrid - Tel Aviv. You will support day-to-day execution, coordinate stakeholders, and contribute to process improvements. We are looking for a proactive, detail-oriented candidate with strong communication skills. Key skills include: JavaScript, Cloud, Linux, Git, React, APIs. You will work in a fast-paced setting with room to take initiative and make an impact. Tags: junior, student, career, entry-level. You will help maintain documentation, track metrics, and support regular check-ins with the team.","['student', 'junior', 'career', 'entry-level']"
7690,BI Analyst (junior full-time),data,Remote (EU time),junior full-time,corporate,"['Python', 'ETL', 'Pandas', 'Data Visualization', 'Excel', 'Statistics', 'NumPy']","BI Analyst (junior full-time) role in the data domain (junior full-time) at a corporate organization. Location: Remote (EU time). You will help run operations, document workflows, and drive continuous improvement initiatives. The ideal candidate is organized, curious, and comfortable learning new tools quickly. Key skills include: Excel, NumPy, Python, Pandas, ETL, Statistics. You will gain practical experience and build a strong foundation for your career. Tags: student, career, entry-level, junior. You will help maintain documentation, track metrics, and support regular check-ins with the team.","['student', 'junior', 'career', 'entry-level']"
5293,Data Analyst (contract),data,Hybrid - Herzliya,contract,SMB,"['Data Visualization', 'Machine Learning', 'Statistics', 'SQL', 'NumPy', 'Excel', 'A/B Testing']","Data Analyst (contract) role in the data domain (contract) at a SMB organization. Location: Hybrid - Herzliya. You will help run operations, document workflows, and drive continuous improvement initiatives. We value problem-solving, ownership, and the ability to work independently when needed. Key skills include: Data Visualization, A/B Testing, Excel, Statistics, Machine Learning, NumPy. You will gain practical experience and build a strong foundation for your career. Tags: junior, entry-level, student, career. You will help maintain documentation, track metrics, and support regular check-ins with the team.","['student', 'junior', 'career', 'entry-level']"
5578,Frontend Developer (junior full-time),tech,On-site - Jerusalem,junior full-time,corporate,"['Docker', 'Testing', 'Git', 'Cloud', 'Linux', 'Python', 'JavaScript']","Frontend Developer (junior full-time) role in the tech domain (junior full-time) at a corporate organization. Location: On-site - Jerusalem. You will take ownership of tasks, communicate progress clearly, and help deliver high-quality outcomes on time. We value problem-solving, ownership, and the ability to work independently when needed. Key skills include: Python, Cloud, Linux, Testing, Git, Docker. This role offers hands-on experience in a dynamic environment and exposure to real business challenges. Tags: entry-level, junior, career, student. You will help maintain documentation, track metrics, and support regular check-ins with the team.","['student', 'junior', 'career', 'entry-level']"
1627,Data Analyst (internship),data,Hybrid - Tel Aviv,internship,SMB,"['Data Visualization', 'ETL', 'SQL', 'A/B Testing', 'Machine Learning', 'Statistics', 'NumPy']","Data Analyst (internship) role in the data domain (internship) at a SMB organization. Location: Hybrid - Tel Aviv. You will assist with planning and reporting, and ensure smooth collaboration across teams. We value problem-solving, ownership, and the ability to work independently when needed. Key skills include: NumPy, Statistics, Machine Learning, ETL, A/B Testing, SQL. You will work in a fast-paced setting with room to take initiative and make an impact. Tags: entry-level, career, student, junior. You will help maintain documentation, track metrics, and support regular check-ins with the team.","['student', 'junior', 'career', 'entry-level']"
8732,Data Analyst (contract),data,On-site - Jerusalem,contract,corporate,"['Statistics', 'Python', 'Pandas', 'SQL', 'Excel', 'ETL', 'Data Visualization']","Data Analyst (contract) role in the data domain (contract) at a corporate organization. Location: On-site - Jerusalem. You will support day-to-day execution, coordinate stakeholders, and contribute to process improvements. You should be reliable, collaborative, and able to manage multiple tasks in parallel. Key skills include: SQL, Data Visualization, Excel, Pandas, ETL, Statistics. This role offers hands-on experience in a dynamic environment and exposure to real business challenges. Tags: entry-level, junior, career, student. You will help maintain documentation, track metrics, and support regular check-ins with the team.","['student', 'junior', 'career', 'entry-level']"
3886,Junior Data Scientist (student part-time),data,Remote (EU time),student part-time,corporate,"['Machine Learning', 'Pandas', 'Python', 'Data Visualization', 'NumPy', 'SQL', 'Statistics']","Junior Data Scientist (student part-time) role in the data domain (student part-time) at a corporate organization. Location: Remote (EU time). You will take ownership of tasks, communicate progress clearly, and help deliver high-quality outcomes on time. We value problem-solving, ownership, and the ability to work independently when needed. Key skills include: Data Visualization, Statistics, NumPy, Machine Learning, Python, SQL. You will gain practical experience and build a strong foundation for your career. Tags: junior, career, entry-level, student. You will help maintain documentation, track metrics, and support regular check-ins with the team.","['student', 'junior', 'career', 'entry-level']"
4329,Data Analyst (junior full-time),data,On-site - Jerusalem,junior full-time,nonprofit,"['Pandas', 'Statistics', 'SQL', 'Excel', 'Python', 'NumPy', 'Machine Learning']","Data Analyst (junior full-time) role in the data domain (junior full-time) at a nonprofit organization. Location: On-site - Jerusalem. You will take ownership of tasks, communicate progress clearly, and help deliver high-quality outcomes on time. You should be reliable, collaborative, and able to manage multiple tasks in parallel. Key skills include: Statistics, Pandas, SQL, Excel, NumPy, Python. This role offers hands-on experience in a dynamic environment and exposure to real business challenges. Tags: student, entry-level, junior, career. You will help maintain documentation, track metrics, and support regular check-ins with the team.","['student', 'junior', 'career', 'entry-level']"
6962,Software Engineer (junior full-time),tech,Remote (EU time),junior full-time,corporate,"['Python', 'JavaScript', 'React', 'APIs', 'Cloud', 'Testing', 'Git']","Software Engineer (junior full-time) role in the tech domain (junior full-time) at a corporate organization. Location: Remote (EU time). You will work closely with cross-functional teams, analyze needs, and translate them into actionable steps. We value problem-solving, ownership, and the ability to work independently when needed. Key skills include: Cloud, React, JavaScript, Git, Testing, Python. This role offers hands-on experience in a dynamic environment and exposure to real business challenges. Tags: entry-level, junior, career, student. You will help maintain documentation, track metrics, and support regular check-ins with the team.","['student', 'junior', 'career', 'entry-level']"
1770,Data Analyst (contract),data,Remote (EU time),contract,nonprofit,"['Pandas', 'Data Visualization', 'Python', 'SQL', 'A/B Testing', 'NumPy', 'Machine Learning']","Data Analyst (contract) role in the data domain (contract) at a nonprofit organization. Location: Remote (EU time). You will support day-to-day execution, coordinate stakeholders, and contribute to process improvements. The ideal candidate is organized, curious, and comfortable learning new tools quickly. Key skills include: SQL, NumPy, Pandas, A/B Testing, Data Visualization, Python. This role offers hands-on experience in a dynamic environment and exposure to real business challenges. Tags: entry-level, student, career, junior. You will help maintain documentation, track metrics, and support regular check-ins with the team.","['student', 'junior', 'career', 'entry-level']"
6590,BI Analyst (junior full-time),data,Remote,junior full-time,corporate,"['Machine Learning', 'Data Visualization', 'Excel', 'Statistics', 'A/B Testing', 'Pandas', 'Python']","BI Analyst (junior full-time) role in the data domain (junior full-time) at a corporate organization. Location: Remote. You will take ownership of tasks, communicate progress clearly, and help deliver high-quality outcomes on time. You should be reliable, collaborative, and able to manage multiple tasks in parallel. Key skills include: A/B Testing, Machine Learning, Data Visualization, Excel, Pandas, Statistics. You will gain practical experience and build a strong foundation for your career. Tags: career, student, entry-level, junior. You will help maintain documentation, track metrics, and support regular check-ins with the team.","['student', 'junior', 'career', 'entry-level']"
8730,Junior Data Scientist (contract),data,Remote (EU time),contract,startup,"['Pandas', 'Machine Learning', 'ETL', 'Statistics', 'Excel', 'SQL', 'A/B Testing']","Junior Data Scientist (contract) role in the data domain (contract) at a startup organization. Location: Remote (EU time). You will take ownership of tasks, communicate progress clearly, and help deliver high-quality outcomes on time. We are looking for a proactive, detail-oriented candidate with strong communication skills. Key skills include: Pandas, Excel, ETL, Machine Learning, Statistics, A/B Testing. You will gain practical experience and build a strong foundation for your career. Tags: entry-level, career, student, junior. You will help maintain documentation, track metrics, and support regular check-ins with the team.","['student', 'junior', 'career', 'entry-level']"
3795,Junior Data Scientist (junior full-time),data,On-site - Tel Aviv,junior full-time,nonprofit,"['ETL', 'Data Visualization', 'SQL', 'Statistics', 'Excel', 'NumPy', 'A/B Testing']","Junior Data Scientist (junior full-time) role in the data domain (junior full-time) at a nonprofit organization. Location: On-site - Tel Aviv. You will assist with planning and reporting, and ensure smooth collaboration across teams. You should be reliable, collaborative, and able to manage multiple tasks in parallel. Key skills include: Data Visualization, ETL, A/B Testing, SQL, Excel, Statistics. You will gain practical experience and build a strong foundation for your career. Tags: junior, entry-level, career, student. You will help maintain documentation, track metrics, and support regular check-ins with the team.","['student', 'junior', 'career', 'entry-level']"
4539,QA Engineer (student part-time),tech,Remote,student part-time,corporate,"['Cloud', 'Python', 'React', 'APIs', 'JavaScript', 'SQL', 'Linux']","QA Engineer (student part-time) role in the tech domain (student part-time) at a corporate organization. Location: Remote. You will assist with planning and reporting, and ensure smooth collaboration across teams. We value problem-solving, ownership, and the ability to work independently when needed. Key skills include: Python, Cloud, Linux, SQL, JavaScript, React. This role offers hands-on experience in a dynamic environment and exposure to real business challenges. Tags: student, entry-level, career, junior. You will help maintain documentation, track metrics, and support regular check-ins with the team.","['student', 'junior', 'career', 'entry-level']"
9810,Software Engineer (junior full-time),tech,Hybrid - Tel Aviv,junior full-time,corporate,"['Python', 'Docker', 'Linux', 'Testing', 'JavaScript', 'Cloud', 'SQL']","Software Engineer (junior full-time) role in the tech domain (junior full-time) at a corporate organization. Location: Hybrid - Tel Aviv. You will assist with planning and reporting, and ensure smooth collaboration across teams. We value problem-solving, ownership, and the ability to work independently when needed. Key skills include: SQL, Docker, Python, Linux, JavaScript, Testing. You will join a supportive team with opportunities to learn and grow. Tags: career, entry-level, junior, student. You will help maintain documentation, track metrics, and support regular check-ins with the team.","['student', 'junior', 'career', 'entry-level']"
4871,Data Analyst (student part-time),data,On-site - Tel Aviv,student part-time,nonprofit,"['A/B Testing', 'Python', 'ETL', 'Statistics', 'NumPy', 'Excel', 'Pandas']","Data Analyst (student part-time) role in the data domain (student part-time) at a nonprofit organization. Location: On-site - Tel Aviv. You will support day-to-day execution, coordinate stakeholders, and contribute to process improvements. We value problem-solving, ownership, and the ability to work independently when needed. Key skills include: Statistics, Python, Pandas, Excel, A/B Testing, ETL. You will join a supportive team with opportunities to learn and grow. Tags: student, entry-level, career, junior. You will help maintain documentation, track metrics, and support regular check-ins with the team.","['student', 'junior', 'career', 'entry-level']"
2688,Frontend Developer (junior full-time),tech,On-site - Tel Aviv,junior full-time,corporate,"['JavaScript', 'APIs', 'SQL', 'Python', 'Git', 'Cloud', 'Linux']","Frontend Developer (junior full-time) role in the tech domain (junior full-time) at a corporate organization. Location: On-site - Tel Aviv. You will take ownership of tasks, communicate progress clearly, and help deliver high-quality outcomes on time. We value problem-solving, ownership, and the ability to work independently when needed. Key skills include: Linux, SQL, Cloud, APIs, Git, Python. This role offers hands-on experience in a dynamic environment and exposure to real business challenges. Tags: student, career, junior, entry-level. You will help maintain documentation, track metrics, and support regular check-ins with the team.","['student', 'junior', 'career', 'entry-level']"
658,Junior Data Scientist (internship),data,Remote (EU time),internship,SMB,"['Excel', 'A/B Testing', 'Statistics', 'NumPy', 'Python', 'SQL', 'Machine Learning']","Junior Data Scientist (internship) role in the data domain (internship) at a SMB organization. Location: Remote (EU time). You will support day-to-day execution, coordinate stakeholders, and contribute to process improvements. We value problem-solving, ownership, and the ability to work independently when needed. Key skills include: Machine Learning, SQL, A/B Testing, Statistics, Python, NumPy. You will join a supportive team with opportunities to learn and grow. Tags: junior, entry-level, career, student. You will help maintain documentation, track metrics, and support regular check-ins with the team.","['student', 'junior', 'career', 'entry-level']"
8208,Frontend Developer (internship),tech,Hybrid - Tel Aviv,internship,nonprofit,"['Testing', 'Linux', 'JavaScript', 'Python', 'Cloud', 'SQL', 'React']","Frontend Developer (internship) role in the tech domain (internship) at a nonprofit organization. Location: Hybrid - Tel Aviv. You will support day-to-day execution, coordinate stakeholders, and contribute to process improvements. We are looking for a proactive, detail-oriented candidate with strong communication skills. Key skills include: Python, Cloud, Testing, React, SQL, Linux. You will join a supportive team with opportunities to learn and grow. Tags: entry-level, career, student, junior. You will help maintain documentation, track metrics, and support regular check-ins with the team.","['student', 'junior', 'career', 'entry-level']"
1082,Backend Developer (junior full-time),tech,On-site - Jerusalem,junior full-time,nonprofit,"['APIs', 'Docker', 'Testing', 'Linux', 'SQL', 'Cloud', 'Git']","Backend Developer (junior full-time) role in the tech domain (junior full-time) at a nonprofit organization. Location: On-site - Jerusalem. You will help run operations, document workflows, and drive continuous improvement initiatives. The ideal candidate is organized, curious, and comfortable learning new tools quickly. Key skills include: Git, SQL, Cloud, APIs, Testing, Docker. This role offers hands-on experience in a dynamic environment and exposure to real business challenges. Tags: student, career, entry-level, junior. You will help maintain documentation, track metrics, and support regular check-ins with the team.","['student', 'junior', 'career', 'entry-level']"
2375,Backend Developer (student part-time),tech,Hybrid - Tel Aviv,student part-time,corporate,"['React', 'APIs', 'Git', 'Cloud', 'JavaScript', 'Testing', 'Python']","Backend Developer (student part-time) role in the tech domain (student part-time) at a corporate organization. Location: Hybrid - Tel Aviv. You will take ownership of tasks, communicate progress clearly, and help deliver high-quality outcomes on time. The ideal candidate is organized, curious, and comfortable learning new tools quickly. Key skills include: Git, Cloud, React, APIs, Python, JavaScript. You will work in a fast-paced setting with room to take initiative and make an impact. Tags: junior, career, student, entry-level. You will help maintain documentation, track metrics, and support regular check-ins with the team.","['student', 'junior', 'career', 'entry-level']"
9733,Software Engineer (student part-time),tech,On-site - Tel Aviv,student part-time,SMB,"['Linux', 'SQL', 'Git', 'React', 'Python', 'JavaScript', 'Docker']","Software Engineer (student part-time) role in the tech domain (student part-time) at a SMB organization. Location: On-site - Tel Aviv. You will work closely with cross-functional teams, analyze needs, and translate them into actionable steps. We are looking for a proactive, detail-oriented candidate with strong communication skills. Key skills include: Docker, React, Linux, Python, SQL, Git. This role offers hands-on experience in a dynamic environment and exposure to real business challenges. Tags: student, entry-level, junior, career. You will help maintain documentation, track metrics, and support regular check-ins with the team.","['student', 'junior', 'career', 'entry-level']"
4207,BI Analyst (junior full-time),data,On-site - Jerusalem,junior full-time,corporate,"['Statistics', 'Pandas', 'NumPy', 'ETL', 'A/B Testing', 'Machine Learning', 'Python']","BI Analyst (junior full-time) role in the data domain (junior full-time) at a corporate organization. Location: On-site - Jerusalem. You will work closely with cross-functional teams, analyze needs, and translate them into actionable steps. We are looking for a proactive, detail-oriented candidate with strong communication skills. Key skills include: Statistics, ETL, Python, NumPy, A/B Testing, Machine Learning. You will join a supportive team with opportunities to learn and grow. Tags: student, career, junior, entry-level. You will help maintain documentation, track metrics, and support regular check-ins with the team.","['student', 'junior', 'career', 'entry-level']"
5130,Software Engineer (student part-time),tech,Hybrid - Tel Aviv,student part-time,nonprofit,"['Cloud', 'Testing', 'SQL', 'Git', 'JavaScript', 'APIs', 'React']","Software Engineer (student part-time) role in the tech domain (student part-time) at a nonprofit organization. Location: Hybrid - Tel Aviv. You will help run operations, document workflows, and drive continuous improvement initiatives. You should be reliable, collaborative, and able to manage multiple tasks in parallel. Key skills include: Testing, Cloud, React, JavaScript, Git, SQL. You will gain practical experience and build a strong foundation for your career. Tags: career, junior, student, entry-level. You will help maintain documentation, track metrics, and support regular check-ins with the team.","['student', 'junior', 'career', 'entry-level']"
9540,Backend Developer (student part-time),tech,Hybrid - Herzliya,student part-time,SMB,"['Docker', 'SQL', 'Cloud', 'JavaScript', 'Linux', 'Python', 'Testing']","Backend Developer (student part-time) role in the tech domain (student part-time) at a SMB organization. Location: Hybrid - Herzliya. You will take ownership of tasks, communicate progress clearly, and help deliver high-quality outcomes on time. We are looking for a proactive, detail-oriented candidate with strong communication skills. Key skills include: Testing, JavaScript, Cloud, Python, Docker, SQL. This role offers hands-on experience in a dynamic environment and exposure to real business challenges. Tags: junior, career, entry-level, student. You will help maintain documentation, track metrics, and support regular check-ins with the team.","['student', 'junior', 'career', 'entry-level']"
4841,BI Analyst (student part-time),data,On-site - Tel Aviv,student part-time,agency,"['Statistics', 'Data Visualization', 'Python', 'A/B Testing', 'Pandas', 'SQL', 'Excel']","BI Analyst (student part-time) role in the data domain (student part-time) at a agency organization. Location: On-site - Tel Aviv. You will help run operations, document workflows, and drive continuous improvement initiatives. The ideal candidate is organized, curious, and comfortable learning new tools quickly. Key skills include: Python, Statistics, Excel, Pandas, A/B Testing, SQL. You will work in a fast-paced setting with room to take initiative and make an impact. Tags: student, career, entry-level, junior. You will help maintain documentation, track metrics, and support regular check-ins with the team.","['student', 'junior', 'career', 'entry-level']"
6527,QA Engineer (junior full-time),tech,On-site - Tel Aviv,junior full-time,agency,"['Testing', 'Cloud', 'Git', 'Docker', 'Linux', 'SQL', 'React']","QA Engineer (junior full-time) role in the tech domain (junior full-time) at a agency organization. Location: On-site - Tel Aviv. You will take ownership of tasks, communicate progress clearly, and help deliver high-quality outcomes on time. We value problem-solving, ownership, and the ability to work independently when needed. Key skills include: React, Cloud, Testing, Git, Linux, Docker. You will work in a fast-paced setting with room to take initiative and make an impact. Tags: career, junior, student, entry-level. You will help maintain documentation, track metrics, and support regular check-ins with the team.","['student', 'junior', 'career', 'entry-level']"
855,Data Analyst (student part-time),data,On-site - Jerusalem,student part-time,startup,"['Python', 'NumPy', 'Excel', 'SQL', 'Data Visualization', 'Pandas', 'Machine Learning']","Data Analyst (student part-time) role in the data domain (student part-time) at a startup organization. Location: On-site - Jerusalem. You will take ownership of tasks, communicate progress clearly, and help deliver high-quality outcomes on time. You should be reliable, collaborative, and able to manage multiple tasks in parallel. Key skills include: NumPy, Machine Learning, Python, Pandas, Excel, Data Visualization. This role offers hands-on experience in a dynamic environment and exposure to real business challenges. Tags: entry-level, junior, student, career. You will help maintain documentation, track metrics, and support regular check-ins with the team.","['student', 'junior', 'career', 'entry-level']"
3061,Software Engineer (internship),tech,On-site - Jerusalem,internship,SMB,"['SQL', 'Linux', 'JavaScript', 'Cloud', 'React', 'APIs', 'Python']","Software Engineer (internship) role in the tech domain (internship) at a SMB organization. Location: On-site - Jerusalem. You will support day-to-day execution, coordinate stakeholders, and contribute to process improvements. The ideal candidate is organized, curious, and comfortable learning new tools quickly. Key skills include: Python, React, Linux, Cloud, APIs, JavaScript. You will gain practical experience and build a strong foundation for your career. Tags: career, entry-level, student, junior. You will help maintain documentation, track metrics, and support regular check-ins with the team.","['student', 'junior', 'career', 'entry-level']"
3311,Data Analyst (internship),data,Hybrid - Herzliya,internship,SMB,"['Statistics', 'A/B Testing', 'Excel', 'Machine Learning', 'Pandas', 'Data Visualization', 'SQL']","Data Analyst (internship) role in the data domain (internship) at a SMB organization. Location: Hybrid - Herzliya. You will help run operations, document workflows, and drive continuous improvement initiatives. The ideal candidate is organized, curious, and comfortable learning new tools quickly. Key skills include: A/B Testing, Excel, Machine Learning, Statistics, SQL, Pandas. This role offers hands-on experience in a dynamic environment and exposure to real business challenges. Tags: entry-level, career, student, junior. You will help maintain documentation, track metrics, and support regular check-ins with the team.","['student', 'junior', 'career', 'entry-level']"
5668,Software Engineer (internship),tech,Hybrid - Herzliya,internship,SMB,"['APIs', 'SQL', 'JavaScript', 'React', 'Python', 'Git', 'Testing']","Software Engineer (internship) role in the tech domain (internship) at a SMB organization. Location: Hybrid - Herzliya. You will help run operations, document workflows, and drive continuous improvement initiatives. The ideal candidate is organized, curious, and comfortable learning new tools quickly. Key skills include: JavaScript, Testing, APIs, Python, SQL, React. This role offers hands-on experience in a dynamic environment and exposure to real business challenges. Tags: entry-level, junior, student, career. You will help maintain documentation, track metrics, and support regular check-ins with the team.","['student', 'junior', 'career', 'entry-level']"
3277,BI Analyst (junior full-time),data,Hybrid - Tel Aviv,junior full-time,nonprofit,"['Excel', 'Pandas', 'SQL', 'Python', 'Data Visualization', 'Statistics', 'Machine Learning']","BI Analyst (junior full-time) role in the data domain (junior full-time) at a nonprofit organization. Location: Hybrid - Tel Aviv. You will work closely with cross-functional teams, analyze needs, and translate them into actionable steps. We value problem-solving, ownership, and the ability to work independently when needed. Key skills include: Data Visualization, Machine Learning, Excel, Statistics, SQL, Python. This role offers hands-on experience in a dynamic environment and exposure to real business challenges. Tags: entry-level, student, junior, career. You will help maintain documentation, track metrics, and support regular check-ins with the team.","['student', 'junior', 'career', 'entry-level']"
2680,QA Engineer (internship),tech,Hybrid - Tel Aviv,internship,SMB,"['Linux', 'Docker', 'Git', 'SQL', 'Testing', 'Python', 'Cloud']","QA Engineer (internship) role in the tech domain (internship) at a SMB organization. Location: Hybrid - Tel Aviv. You will assist with planning and reporting, and ensure smooth collaboration across teams. We value problem-solving, ownership, and the ability to work independently when needed. Key skills include: Git, Linux, Docker, Python, SQL, Testing. You will work in a fast-paced setting with room to take initiative and make an impact. Tags: career, entry-level, student, junior. You will help maintain documentation, track metrics, and support regular check-ins with the team.","['student', 'junior', 'career', 'entry-level']"
2914,QA Engineer (junior full-time),tech,On-site - Tel Aviv,junior full-time,startup,"['Git', 'SQL', 'Testing', 'Linux', 'Cloud', 'APIs', 'React']","QA Engineer (junior full-time) role in the tech domain (junior full-time) at a startup organization. Location: On-site - Tel Aviv. You will take ownership of tasks, communicate progress clearly, and help deliver high-quality outcomes on time. We are looking for a proactive, detail-oriented candidate with strong communication skills. Key skills include: Cloud, Linux, Git, SQL, Testing, APIs. This role offers hands-on experience in a dynamic environment and exposure to real business challenges. Tags: entry-level, junior, career, student. You will help maintain documentation, track metrics, and support regular check-ins with the team.","['student', 'junior', 'career', 'entry-level']"
206,Backend Developer (contract),tech,On-site - Tel Aviv,contract,corporate,"['Testing', 'SQL', 'Python', 'JavaScript', 'Git', 'React', 'Docker']","Backend Developer (contract) role in the tech domain (contract) at a corporate organization. Location: On-site - Tel Aviv. You will support day-to-day execution, coordinate stakeholders, and contribute to process improvements. We are looking for a proactive, detail-oriented candidate with strong communication skills. Key skills include: Python, Docker, React, JavaScript, Git, SQL. You will gain practical experience and build a strong foundation for your career. Tags: student, junior, career, entry-level. You will help maintain documentation, track metrics, and support regular check-ins with the team.","['student', 'junior', 'career', 'entry-level']"
8205,QA Engineer (internship),tech,On-site - Jerusalem,internship,agency,"['APIs', 'Python', 'Linux', 'React', 'Testing', 'Git', 'JavaScript']","QA Engineer (internship) role in the tech domain (internship) at a agency organization. Location: On-site - Jerusalem. You will help run operations, document workflows, and drive continuous improvement initiatives. We are looking for a proactive, detail-oriented candidate with strong communication skills. Key skills include: APIs, React, Python, Testing, Git, JavaScript. You will work in a fast-paced setting with room to take initiative and make an impact. Tags: career, entry-level, junior, student. You will help maintain documentation, track metrics, and support regular check-ins with the team.","['student', 'junior', 'career', 'entry-level']"
6961,Junior Data Scientist (junior full-time),data,Hybrid - Herzliya,junior full-time,SMB,"['Excel', 'Statistics', 'Pandas', 'NumPy', 'ETL', 'Python', 'Data Visualization']","Junior Data Scientist (junior full-time) role in the data domain (junior full-time) at a SMB organization. Location: Hybrid - Herzliya. You will help run operations, document workflows, and drive continuous improvement initiatives. The ideal candidate is organized, curious, and comfortable learning new tools quickly. Key skills include: Data Visualization, NumPy, Excel, Statistics, Pandas, Python. This role offers hands-on experience in a dynamic environment and exposure to real business challenges. Tags: student, junior, entry-level, career. You will help maintain documentation, track metrics, and support regular check-ins with the team.","['student', 'junior', 'career', 'entry-level']"
7142,Software Engineer (contract),tech,Remote (EU time),contract,startup,"['Docker', 'Git', 'Linux', 'APIs', 'Testing', 'Python', 'React']","Software Engineer (contract) role in the tech domain (contract) at a startup organization. Location: Remote (EU time). You will assist with planning and reporting, and ensure smooth collaboration across teams. We are looking for a proactive, detail-oriented candidate with strong communication skills. Key skills include: APIs, Python, Git, Linux, Testing, React. This role offers hands-on experience in a dynamic environment and exposure to real business challenges. Tags: career, entry-level, junior, student. You will help maintain documentation, track metrics, and support regular check-ins with the team.","['student', 'junior', 'career', 'entry-level']"
2002,BI Analyst (student part-time),data,Remote (EU time),student part-time,corporate,"['Pandas', 'ETL', 'NumPy', 'A/B Testing', 'Machine Learning', 'Statistics', 'Data Visualization']","BI Analyst (student part-time) role in the data domain (student part-time) at a corporate organization. Location: Remote (EU time). You will take ownership of tasks, communicate progress clearly, and help deliver high-quality outcomes on time. We value problem-solving, ownership, and the ability to work independently when needed. Key skills include: Statistics, NumPy, A/B Testing, ETL, Machine Learning, Data Visualization. You will join a supportive team with opportunities to learn and grow. Tags: student, career, entry-level, junior. You will help maintain documentation, track metrics, and support regular check-ins with the team.","['student', 'junior', 'career', 'entry-level']"
130,BI Analyst (student part-time),data,Remote (EU time),student part-time,nonprofit,"['Excel', 'ETL', 'Pandas', 'Python', 'NumPy', 'Data Visualization', 'A/B Testing']","BI Analyst (student part-time) role in the data domain (student part-time) at a nonprofit organization. Location: Remote (EU time). You will help run operations, document workflows, and drive continuous improvement initiatives. We are looking for a proactive, detail-oriented candidate with strong communication skills. Key skills include: Data Visualization, Pandas, Excel, Python, ETL, NumPy. You will gain practical experience and build a strong foundation for your career. Tags: entry-level, student, career, junior. You will help maintain documentation, track metrics, and support regular check-ins with the team.","['student', 'junior', 'career', 'entry-level']"
5832,Frontend Developer (contract),tech,On-site - Jerusalem,contract,corporate,"['JavaScript', 'React', 'Docker', 'SQL', 'Linux', 'Cloud', 'Python']","Frontend Developer (contract) role in the tech domain (contract) at a corporate organization. Location: On-site - Jerusalem. You will assist with planning and reporting, and ensure smooth collaboration across teams. We are looking for a proactive, detail-oriented candidate with strong communication skills. Key skills include: Cloud, JavaScript, Docker, React, SQL, Python. You will gain practical experience and build a strong foundation for your career. Tags: student, career, entry-level, junior. You will help maintain documentation, track metrics, and support regular check-ins with the team.","['student', 'junior', 'career', 'entry-level']"
9785,QA Engineer (student part-time),tech,Hybrid - Tel Aviv,student part-time,SMB,"['JavaScript', 'Git', 'Docker', 'React', 'SQL', 'Testing', 'Python']","QA Engineer (student part-time) role in the tech domain (student part-time) at a SMB organization. Location: Hybrid - Tel Aviv. You will support day-to-day execution, coordinate stakeholders, and contribute to process improvements. The ideal candidate is organized, curious, and comfortable learning new tools quickly. Key skills include: Docker, JavaScript, Testing, Python, React, SQL. You will gain practical experience and build a strong foundation for your career. Tags: career, junior, entry-level, student. You will help maintain documentation, track metrics, and support regular check-ins with the team.","['student', 'junior', 'career', 'entry-level']"
5354,Backend Developer (student part-time),tech,On-site - Tel Aviv,student part-time,startup,"['JavaScript', 'Cloud', 'SQL', 'Linux', 'Git', 'APIs', 'React']","Backend Developer (student part-time) role in the tech domain (student part-time) at a startup organization. Location: On-site - Tel Aviv. You will support day-to-day execution, coordinate stakeholders, and contribute to process improvements. The ideal candidate is organized, curious, and comfortable learning new tools quickly. Key skills include: Git, JavaScript, React, Linux, Cloud, APIs. You will work in a fast-paced setting with room to take initiative and make an impact. Tags: career, student, entry-level, junior. You will help maintain documentation, track metrics, and support regular check-ins with the team.","['student', 'junior', 'career', 'entry-level']"
8033,Data Analyst (junior full-time),data,On-site - Tel Aviv,junior full-time,SMB,"['Data Visualization', 'NumPy', 'Excel', 'ETL', 'Python', 'SQL', 'Pandas']","Data Analyst (junior full-time) role in the data domain (junior full-time) at a SMB organization. Location: On-site - Tel Aviv. You will help run operations, document workflows, and drive continuous improvement initiatives. We are looking for a proactive, detail-oriented candidate with strong communication skills. Key skills include: Excel, SQL, Data Visualization, Python, ETL, Pandas. You will work in a fast-paced setting with room to take initiative and make an impact. Tags: entry-level, junior, student, career. You will help maintain documentation, track metrics, and support regular check-ins with the team.","['student', 'junior', 'career', 'entry-level']"
1904,Software Engineer (junior full-time),tech,On-site - Tel Aviv,junior full-time,SMB,"['React', 'Python', 'JavaScript', 'Docker', 'APIs', 'Cloud', 'Linux']","Software Engineer (junior full-time) role in the tech domain (junior full-time) at a SMB organization. Location: On-site - Tel Aviv. You will take ownership of tasks, communicate progress clearly, and help deliver high-quality outcomes on time. We value problem-solving, ownership, and the ability to work independently when needed. Key skills include: JavaScript, Linux, Python, APIs, Cloud, React. You will gain practical experience and build a strong foundation for your career. Tags: career, entry-level, student, junior. You will help maintain documentation, track metrics, and support regular check-ins with the team.","['student', 'junior', 'career', 'entry-level']"
7820,Backend Developer (junior full-time),tech,On-site - Jerusalem,junior full-time,startup,"['Linux', 'APIs', 'Testing', 'Docker', 'JavaScript', 'Git', 'Python']","Backend Developer (junior full-time) role in the tech domain (junior full-time) at a startup organization. Location: On-site - Jerusalem. You will assist with planning and reporting, and ensure smooth collaboration across teams. We are looking for a proactive, detail-oriented candidate with strong communication skills. Key skills include: Linux, JavaScript, Testing, Python, Git, Docker. You will gain practical experience and build a strong foundation for your career. Tags: student, career, entry-level, junior. You will help maintain documentation, track metrics, and support regular check-ins with the team.","['student', 'junior', 'career', 'entry-level']"
578,Junior Data Scientist (student part-time),data,On-site - Tel Aviv,student part-time,startup,"['ETL', 'SQL', 'Python', 'Excel', 'A/B Testing', 'Data Visualization', 'Pandas']","Junior Data Scientist (student part-time) role in the data domain (student part-time) at a startup organization. Location: On-site - Tel Aviv. You will support day-to-day execution, coordinate stakeholders, and contribute to process improvements. We are looking for a proactive, detail-oriented candidate with strong communication skills. Key skills include: SQL, Excel, A/B Testing, Data Visualization, Pandas, ETL. You will gain practical experience and build a strong foundation for your career. Tags: career, student, entry-level, junior. You will help maintain documentation, track metrics, and support regular check-ins with the team.","['student', 'junior', 'career', 'entry-level']"
9527,Frontend Developer (contract),tech,Remote (EU time),contract,agency,"['React', 'Linux', 'SQL', 'JavaScript', 'Cloud', 'APIs', 'Docker']","Frontend Developer (contract) role in the tech domain (contract) at a agency organization. Location: Remote (EU time). You will take ownership of tasks, communicate progress clearly, and help deliver high-quality outcomes on time. We value problem-solving, ownership, and the ability to work independently when needed. Key skills include: Docker, React, APIs, SQL, JavaScript, Cloud. This role offers hands-on experience in a dynamic environment and exposure to real business challenges. Tags: student, career, entry-level, junior. You will help maintain documentation, track metrics, and support regular check-ins with the team.","['student', 'junior', 'career', 'entry-level']"
9986,Junior Data Scientist (contract),data,On-site - Jerusalem,contract,SMB,"['Statistics', 'ETL', 'Machine Learning', 'NumPy', 'Data Visualization', 'Pandas', 'A/B Testing']","Junior Data Scientist (contract) role in the data domain (contract) at a SMB organization. Location: On-site - Jerusalem. You will assist with planning and reporting, and ensure smooth collaboration across teams. The ideal candidate is organized, curious, and comfortable learning new tools quickly. Key skills include: A/B Testing, Statistics, Machine Learning, Pandas, ETL, NumPy. You will gain practical experience and build a strong foundation for your career. Tags: student, career, junior, entry-level. You will help maintain documentation, track metrics, and support regular check-ins with the team.","['student', 'junior', 'career', 'entry-level']"
2265,Junior Data Scientist (contract),data,Remote (EU time),contract,startup,"['A/B Testing', 'Pandas', 'Python', 'Machine Learning', 'NumPy', 'ETL', 'Data Visualization']","Junior Data Scientist (contract) role in the data domain (contract) at a startup organization. Location: Remote (EU time). You will assist with planning and reporting, and ensure smooth collaboration across teams. The ideal candidate is organized, curious, and comfortable learning new tools quickly. Key skills include: ETL, NumPy, Pandas, Machine Learning, Data Visualization, Python. You will gain practical experience and build a strong foundation for your career. Tags: career, entry-level, junior, student. You will help maintain documentation, track metrics, and support regular check-ins with the team.","['student', 'junior', 'career', 'entry-level']"
7251,Frontend Developer (junior full-time),tech,On-site - Jerusalem,junior full-time,agency,"['React', 'Python', 'Linux', 'Git', 'APIs', 'Cloud', 'SQL']","Frontend Developer (junior full-time) role in the tech domain (junior full-time) at a agency organization. Location: On-site - Jerusalem. You will work closely with cross-functional teams, analyze needs, and translate them into actionable steps. We value problem-solving, ownership, and the ability to work independently when needed. Key skills include: Linux, Cloud, React, APIs, Python, Git. This role offers hands-on experience in a dynamic environment and exposure to real business challenges. Tags: career, junior, entry-level, student. You will help maintain documentation, track metrics, and support regular check-ins with the team.","['student', 'junior', 'career', 'entry-level']"
7118,Backend Developer (internship),tech,Remote (EU time),internship,startup,"['Docker', 'JavaScript', 'Git', 'React', 'Cloud', 'Testing', 'SQL']","Backend Developer (internship) role in the tech domain (internship) at a startup organization. Location: Remote (EU time). You will assist with planning and reporting, and ensure smooth collaboration across teams. We are looking for a proactive, detail-oriented candidate with strong communication skills. Key skills include: JavaScript, Git, React, Cloud, Testing, SQL. This role offers hands-on experience in a dynamic environment and exposure to real business challenges. Tags: junior, career, entry-level, student. You will help maintain documentation, track metrics, and support regular check-ins with the team.","['student', 'junior', 'career', 'entry-level']"
7153,Backend Developer (student part-time),tech,Hybrid - Herzliya,student part-time,agency,"['Linux', 'React', 'Python', 'Git', 'APIs', 'Testing', 'SQL']","Backend Developer (student part-time) role in the tech domain (student part-time) at a agency organization. Location: Hybrid - Herzliya. You will support day-to-day execution, coordinate stakeholders, and contribute to process improvements. We value problem-solving, ownership, and the ability to work independently when needed. Key skills include: Python, Git, SQL, APIs, Linux, React. You will work in a fast-paced setting with room to take initiative and make an impact. Tags: junior, career, student, entry-level. You will help maintain documentation, track metrics, and support regular check-ins with the team.","['student', 'junior', 'career', 'entry-level']"
6710,Frontend Developer (student part-time),tech,On-site - Tel Aviv,student part-time,nonprofit,"['SQL', 'React', 'Cloud', 'JavaScript', 'APIs', 'Docker', 'Python']","Frontend Developer (student part-time) role in the tech domain (student part-time) at a nonprofit organization. Location: On-site - Tel Aviv. You will support day-to-day execution, coordinate stakeholders, and contribute to process improvements. We value problem-solving, ownership, and the ability to work independently when needed. Key skills include: SQL, Python, APIs, Docker, Cloud, React. You will gain practical experience and build a strong foundation for your career. Tags: student, entry-level, junior, career. You will help maintain documentation, track metrics, and support regular check-ins with the team.","['student', 'junior', 'career', 'entry-level']"
3168,Junior Data Scientist (junior full-time),data,On-site - Jerusalem,junior full-time,startup,"['NumPy', 'Excel', 'ETL', 'A/B Testing', 'Statistics', 'Data Visualization', 'Python']","Junior Data Scientist (junior full-time) role in the data domain (junior full-time) at a startup organization. Location: On-site - Jerusalem. You will support day-to-day execution, coordinate stakeholders, and contribute to process improvements. The ideal candidate is organized, curious, and comfortable learning new tools quickly. Key skills include: Excel, Statistics, Data Visualization, A/B Testing, ETL, NumPy. This role offers hands-on experience in a dynamic environment and exposure to real business challenges. Tags: entry-level, junior, career, student. You will help maintain documentation, track metrics, and support regular check-ins with the team.","['student', 'junior', 'career', 'entry-level']"
6574,QA Engineer (contract),tech,Hybrid - Tel Aviv,contract,corporate,"['Git', 'Cloud', 'Testing', 'JavaScript', 'APIs', 'Linux', 'React']","QA Engineer (contract) role in the tech domain (contract) at a corporate organization. Location: Hybrid - Tel Aviv. You will support day-to-day execution, coordinate stakeholders, and contribute to process improvements. You should be reliable, collaborative, and able to manage multiple tasks in parallel. Key skills include: APIs, Cloud, Git, Linux, JavaScript, React. You will join a supportive team with opportunities to learn and grow. Tags: entry-level, student, career, junior. You will help maintain documentation, track metrics, and support regular check-ins with the team.","['student', 'junior', 'career', 'entry-level']"
4323,Junior Data Scientist (contract),data,Remote (EU time),contract,startup,"['Data Visualization', 'Machine Learning', 'NumPy', 'Python', 'A/B Testing', 'ETL', 'Pandas']","Junior Data Scientist (contract) role in the data domain (contract) at a startup organization. Location: Remote (EU time). You will help run operations, document workflows, and drive continuous improvement initiatives. The ideal candidate is organized, curious, and comfortable learning new tools quickly. Key skills include: Machine Learning, A/B Testing, Data Visualization, ETL, Pandas, NumPy. You will gain practical experience and build a strong foundation for your career. Tags: student, career, junior, entry-level. You will help maintain documentation, track metrics, and support regular check-ins with the team.","['student', 'junior', 'career', 'entry-level']"
701,Software Engineer (internship),tech,On-site - Jerusalem,internship,agency,"['Cloud', 'APIs', 'JavaScript', 'React', 'Testing', 'SQL', 'Git']","Software Engineer (internship) role in the tech domain (internship) at a agency organization. Location: On-site - Jerusalem. You will support day-to-day execution, coordinate stakeholders, and contribute to process improvements. We value problem-solving, ownership, and the ability to work independently when needed. Key skills include: JavaScript, SQL, APIs, Cloud, React, Git. This role offers hands-on experience in a dynamic environment and exposure to real business challenges. Tags: student, entry-level, junior, career. You will help maintain documentation, track metrics, and support regular check-ins with the team.","['student', 'junior', 'career', 'entry-level']"
5017,BI Analyst (internship),data,On-site - Tel Aviv,internship,SMB,"['Statistics', 'Python', 'ETL', 'A/B Testing', 'Pandas', 'SQL', 'NumPy']","BI Analyst (internship) role in the data domain (internship) at a SMB organization. Location: On-site - Tel Aviv. You will help run operations, document workflows, and drive continuous improvement initiatives. You should be reliable, collaborative, and able to manage multiple tasks in parallel. Key skills include: NumPy, A/B Testing, SQL, Pandas, Python, Statistics. This role offers hands-on experience in a dynamic environment and exposure to real business challenges. Tags: junior, student, entry-level, career. You will help maintain documentation, track metrics, and support regular check-ins with the team.","['student', 'junior', 'career', 'entry-level']"
758,Data Analyst (junior full-time),data,Remote,junior full-time,startup,"['ETL', 'A/B Testing', 'Machine Learning', 'Statistics', 'SQL', 'Python', 'Data Visualization']","Data Analyst (junior full-time) role in the data domain (junior full-time) at a startup organization. Location: Remote. You will help run operations, document workflows, and drive continuous improvement initiatives. The ideal candidate is organized, curious, and comfortable learning new tools quickly. Key skills include: ETL, SQL, Data Visualization, Statistics, Machine Learning, A/B Testing. You will gain practical experience and build a strong foundation for your career. Tags: junior, career, entry-level, student. You will help maintain documentation, track metrics, and support regular check-ins with the team.","['student', 'junior', 'career', 'entry-level']"
6606,Software Engineer (internship),tech,Hybrid - Tel Aviv,internship,nonprofit,"['Git', 'Python', 'Linux', 'SQL', 'Cloud', 'Testing', 'APIs']","Software Engineer (internship) role in the tech domain (internship) at a nonprofit organization. Location: Hybrid - Tel Aviv. You will help run operations, document workflows, and drive continuous improvement initiatives. We value problem-solving, ownership, and the ability to work independently when needed. Key skills include: SQL, Cloud, Git, Linux, Testing, Python. You will work in a fast-paced setting with room to take initiative and make an impact. Tags: student, entry-level, career, junior. You will help maintain documentation, track metrics, and support regular check-ins with the team.","['student', 'junior', 'career', 'entry-level']"
2751,QA Engineer (contract),tech,Remote (EU time),contract,agency,"['APIs', 'Git', 'SQL', 'Testing', 'JavaScript', 'React', 'Cloud']","QA Engineer (contract) role in the tech domain (contract) at a agency organization. Location: Remote (EU time). You will help run operations, document workflows, and drive continuous improvement initiatives. You should be reliable, collaborative, and able to manage multiple tasks in parallel. Key skills include: Git, Cloud, JavaScript, APIs, Testing, React. This role offers hands-on experience in a dynamic environment and exposure to real business challenges. Tags: career, entry-level, junior, student. You will help maintain documentation, track metrics, and support regular check-ins with the team.","['student', 'junior', 'career', 'entry-level']"
6652,Data Analyst (student part-time),data,Hybrid - Tel Aviv,student part-time,startup,"['Excel', 'Statistics', 'Python', 'NumPy', 'Data Visualization', 'SQL', 'Pandas']","Data Analyst (student part-time) role in the data domain (student part-time) at a startup organization. Location: Hybrid - Tel Aviv. You will help run operations, document workflows, and drive continuous improvement initiatives. We value problem-solving, ownership, and the ability to work independently when needed. Key skills include: Data Visualization, Python, Excel, SQL, Pandas, NumPy. This role offers hands-on experience in a dynamic environment and exposure to real business challenges. Tags: career, entry-level, junior, student. You will help maintain documentation, track metrics, and support regular check-ins with the team.","['student', 'junior', 'career', 'entry-level']"
873,Frontend Developer (contract),tech,Remote,contract,agency,"['SQL', 'JavaScript', 'React', 'Cloud', 'Python', 'Docker', 'APIs']","Frontend Developer (contract) role in the tech domain (contract) at a agency organization. Location: Remote. You will support day-to-day execution, coordinate stakeholders, and contribute to process improvements. The ideal candidate is organized, curious, and comfortable learning new tools quickly. Key skills include: Python, APIs, SQL, Docker, JavaScript, Cloud. You will gain practical experience and build a strong foundation for your career. Tags: entry-level, career, student, junior. You will help maintain documentation, track metrics, and support regular check-ins with the team.","['student', 'junior', 'career', 'entry-level']"
1552,Backend Developer (contract),tech,Hybrid - Herzliya,contract,startup,"['React', 'Docker', 'APIs', 'Python', 'Git', 'JavaScript', 'SQL']","Backend Developer (contract) role in the tech domain (contract) at a startup organization. Location: Hybrid - Herzliya. You will assist with planning and reporting, and ensure smooth collaboration across teams. The ideal candidate is organized, curious, and comfortable learning new tools quickly. Key skills include: Docker, APIs, React, Python, Git, SQL. You will gain practical experience and build a strong foundation for your career. Tags: career, entry-level, student, junior. You will help maintain documentation, track metrics, and support regular check-ins with the team.","['student', 'junior', 'career', 'entry-level']"
4630,Software Engineer (internship),tech,Remote (EU time),internship,corporate,"['Testing', 'Linux', 'APIs', 'Cloud', 'Git', 'JavaScript', 'SQL']","Software Engineer (internship) role in the tech domain (internship) at a corporate organization. Location: Remote (EU time). You will support day-to-day execution, coordinate stakeholders, and contribute to process improvements. You should be reliable, collaborative, and able to manage multiple tasks in parallel. Key skills include: Linux, SQL, Testing, Git, Cloud, JavaScript. This role offers hands-on experience in a dynamic environment and exposure to real business challenges. Tags: junior, entry-level, student, career. You will help maintain documentation, track metrics, and support regular check-ins with the team.","['student', 'junior', 'career', 'entry-level']"
1937,Frontend Developer (contract),tech,On-site - Jerusalem,contract,SMB,"['Testing', 'React', 'JavaScript', 'Cloud', 'Linux', 'SQL', 'Git']","Frontend Developer (contract) role in the tech domain (contract) at a SMB organization. Location: On-site - Jerusalem. You will support day-to-day execution, coordinate stakeholders, and contribute to process improvements. The ideal candidate is organized, curious, and comfortable learning new tools quickly. Key skills include: Git, React, SQL, Cloud, JavaScript, Linux. You will gain practical experience and build a strong foundation for your career. Tags: junior, entry-level, student, career. You will help maintain documentation, track metrics, and support regular check-ins with the team.","['student', 'junior', 'career', 'entry-level']"
4110,Junior Data Scientist (junior full-time),data,On-site - Jerusalem,junior full-time,agency,"['A/B Testing', 'Data Visualization', 'SQL', 'Excel', 'Machine Learning', 'Python', 'ETL']","Junior Data Scientist (junior full-time) role in the data domain (junior full-time) at a agency organization. Location: On-site - Jerusalem. You will take ownership of tasks, communicate progress clearly, and help deliver high-quality outcomes on time. We are looking for a proactive, detail-oriented candidate with strong communication skills. Key skills include: Excel, ETL, SQL, A/B Testing, Python, Data Visualization. You will work in a fast-paced setting with room to take initiative and make an impact. Tags: entry-level, career, junior, student.","['student', 'junior', 'career', 'entry-level']"
4523,Frontend Developer (contract),tech,Hybrid - Herzliya,contract,startup,"['Linux', 'SQL', 'APIs', 'Testing', 'React', 'JavaScript', 'Cloud']","Frontend Developer (contract) role in the tech domain (contract) at a startup organization. Location: Hybrid - Herzliya. You will assist with planning and reporting, and ensure smooth collaboration across teams. You should be reliable, collaborative, and able to manage multiple tasks in parallel. Key skills include: React, Testing, Cloud, SQL, Linux, JavaScript. You will join a supportive team with opportunities to learn and grow. Tags: entry-level, student, junior, career. You will help maintain documentation, track metrics, and support regular check-ins with the team.","['student', 'junior', 'career', 'entry-level']"
1241,Junior Data Scientist (internship),data,Hybrid - Tel Aviv,internship,nonprofit,"['SQL', 'Statistics', 'Data Visualization', 'ETL', 'Python', 'NumPy', 'Pandas']","Junior Data Scientist (internship) role in the data domain (internship) at a nonprofit organization. Location: Hybrid - Tel Aviv. You will assist with planning and reporting, and ensure smooth collaboration across teams. You should be reliable, collaborative, and able to manage multiple tasks in parallel. Key skills include: NumPy, Data Visualization, Python, ETL, Statistics, Pandas. You will gain practical experience and build a strong foundation for your career. Tags: junior, career, student, entry-level. You will help maintain documentation, track metrics, and support regular check-ins with the team.","['student', 'junior', 'career', 'entry-level']"
1741,Frontend Developer (contract),tech,Remote,contract,nonprofit,"['JavaScript', 'Testing', 'Git', 'Linux', 'APIs', 'React', 'Docker']","Frontend Developer (contract) role in the tech domain (contract) at a nonprofit organization. Location: Remote. You will take ownership of tasks, communicate progress clearly, and help deliver high-quality outcomes on time. You should be reliable, collaborative, and able to manage multiple tasks in parallel. Key skills include: Git, APIs, React, JavaScript, Docker, Linux. This role offers hands-on experience in a dynamic environment and exposure to real business challenges. Tags: junior, career, entry-level, student. You will help maintain documentation, track metrics, and support regular check-ins with the team.","['student', 'junior', 'career', 'entry-level']"
3731,Software Engineer (internship),tech,Hybrid - Tel Aviv,internship,corporate,"['Git', 'Docker', 'Linux', 'Testing', 'SQL', 'React', 'JavaScript']","Software Engineer (internship) role in the tech domain (internship) at a corporate organization. Location: Hybrid - Tel Aviv. You will take ownership of tasks, communicate progress clearly, and help deliver high-quality outcomes on time. You should be reliable, collaborative, and able to manage multiple tasks in parallel. Key skills include: JavaScript, SQL, React, Testing, Linux, Docker. You will gain practical experience and build a strong foundation for your career. Tags: career, student, entry-level, junior. You will help maintain documentation, track metrics, and support regular check-ins with the team.","['student', 'junior', 'career', 'entry-level']"
7969,Data Analyst (student part-time),data,On-site - Tel Aviv,student part-time,agency,"['A/B Testing', 'Python', 'Machine Learning', 'SQL', 'Pandas', 'Data Visualization', 'ETL']","Data Analyst (student part-time) role in the data domain (student part-time) at a agency organization. Location: On-site - Tel Aviv. You will work closely with cross-functional teams, analyze needs, and translate them into actionable steps. We are looking for a proactive, detail-oriented candidate with strong communication skills. Key skills include: Pandas, Python, Data Visualization, A/B Testing, ETL, Machine Learning. You will gain practical experience and build a strong foundation for your career. Tags: junior, student, entry-level, career. You will help maintain documentation, track metrics, and support regular check-ins with the team.","['student', 'junior', 'career', 'entry-level']"
1336,BI Analyst (junior full-time),data,On-site - Tel Aviv,junior full-time,corporate,"['Excel', 'Pandas', 'Machine Learning', 'Python', 'Data Visualization', 'ETL', 'A/B Testing']","BI Analyst (junior full-time) role in the data domain (junior full-time) at a corporate organization. Location: On-site - Tel Aviv. You will support day-to-day execution, coordinate stakeholders, and contribute to process improvements. The ideal candidate is organized, curious, and comfortable learning new tools quickly. Key skills include: Data Visualization, Machine Learning, ETL, Excel, A/B Testing, Python. You will gain practical experience and build a strong foundation for your career. Tags: entry-level, student, junior, career. You will help maintain documentation, track metrics, and support regular check-ins with the team.","['student', 'junior', 'career', 'entry-level']"
4012,Software Engineer (internship),tech,Remote (EU time),internship,SMB,"['Git', 'APIs', 'JavaScript', 'React', 'SQL', 'Linux', 'Testing']","Software Engineer (internship) role in the tech domain (internship) at a SMB organization. Location: Remote (EU time). You will help run operations, document workflows, and drive continuous improvement initiatives. We are looking for a proactive, detail-oriented candidate with strong communication skills. Key skills include: Testing, JavaScript, Linux, Git, React, SQL. You will join a supportive team with opportunities to learn and grow. Tags: student, junior, career, entry-level. You will help maintain documentation, track metrics, and support regular check-ins with the team.","['student', 'junior', 'career', 'entry-level']"
3830,Backend Developer (junior full-time),tech,Remote (EU time),junior full-time,nonprofit,"['Testing', 'Linux', 'React', 'JavaScript', 'Cloud', 'SQL', 'APIs']","Backend Developer (junior full-time) role in the tech domain (junior full-time) at a nonprofit organization. Location: Remote (EU time). You will help run operations, document workflows, and drive continuous improvement initiatives. We value problem-solving, ownership, and the ability to work independently when needed. Key skills include: Cloud, Linux, APIs, Testing, SQL, JavaScript. You will gain practical experience and build a strong foundation for your career. Tags: career, student, junior, entry-level. You will help maintain documentation, track metrics, and support regular check-ins with the team.","['student', 'junior', 'career', 'entry-level']"
5935,Data Analyst (student part-time),data,On-site - Tel Aviv,student part-time,nonprofit,"['Statistics', 'NumPy', 'Python', 'Pandas', 'SQL', 'A/B Testing', 'ETL']","Data Analyst (student part-time) role in the data domain (student part-time) at a nonprofit organization. Location: On-site - Tel Aviv. You will assist with planning and reporting, and ensure smooth collaboration across teams. You should be reliable, collaborative, and able to manage multiple tasks in parallel. Key skills include: ETL, Statistics, Pandas, Python, A/B Testing, SQL. This role offers hands-on experience in a dynamic environment and exposure to real business challenges. Tags: entry-level, junior, student, career. You will help maintain documentation, track metrics, and support regular check-ins with the team.","['student', 'junior', 'career', 'entry-level']"
9060,Software Engineer (student part-time),tech,Remote (EU time),student part-time,startup,"['Cloud', 'Testing', 'Docker', 'Git', 'Linux', 'Python', 'React']","Software Engineer (student part-time) role in the tech domain (student part-time) at a startup organization. Location: Remote (EU time). You will support day-to-day execution, coordinate stakeholders, and contribute to process improvements. The ideal candidate is organized, curious, and comfortable learning new tools quickly. Key skills include: React, Testing, Python, Docker, Linux, Cloud. This role offers hands-on experience in a dynamic environment and exposure to real business challenges. Tags: junior, career, entry-level, student. You will help maintain documentation, track metrics, and support regular check-ins with the team.","['student', 'junior', 'career', 'entry-level']"
1386,Frontend Developer (junior full-time),tech,Hybrid - Tel Aviv,junior full-time,agency,"['Linux', 'SQL', 'React', 'Testing', 'Git', 'APIs', 'Docker']","Frontend Developer (junior full-time) role in the tech domain (junior full-time) at a agency organization. Location: Hybrid - Tel Aviv. You will help run operations, document workflows, and drive continuous improvement initiatives. You should be reliable, collaborative, and able to manage multiple tasks in parallel. Key skills include: Linux, React, APIs, Testing, SQL, Git. This role offers hands-on experience in a dynamic environment and exposure to real business challenges. Tags: career, junior, entry-level, student. You will help maintain documentation, track metrics, and support regular check-ins with the team.","['student', 'junior', 'career', 'entry-level']"
5087,Frontend Developer (internship),tech,On-site - Jerusalem,internship,SMB,"['Docker', 'Linux', 'Python', 'JavaScript', 'React', 'APIs', 'Testing']","Frontend Developer (internship) role in the tech domain (internship) at a SMB organization. Location: On-site - Jerusalem. You will support day-to-day execution, coordinate stakeholders, and contribute to process improvements. We are looking for a proactive, detail-oriented candidate with strong communication skills. Key skills include: React, Python, Docker, Linux, APIs, JavaScript. You will gain practical experience and build a strong foundation for your career. Tags: entry-level, junior, student, career. You will help maintain documentation, track metrics, and support regular check-ins with the team.","['student', 'junior', 'career', 'entry-level']"
846,Data Analyst (student part-time),data,Remote,student part-time,agency,"['Data Visualization', 'Pandas', 'Python', 'ETL', 'A/B Testing', 'NumPy', 'SQL']","Data Analyst (student part-time) role in the data domain (student part-time) at a agency organization. Location: Remote. You will support day-to-day execution, coordinate stakeholders, and contribute to process improvements. We are looking for a proactive, detail-oriented candidate with strong communication skills. Key skills include: ETL, Pandas, Data Visualization, Python, SQL, A/B Testing. You will join a supportive team with opportunities to learn and grow. Tags: student, entry-level, career, junior. You will help maintain documentation, track metrics, and support regular check-ins with the team.","['student', 'junior', 'career', 'entry-level']"
6074,Backend Developer (student part-time),tech,On-site - Jerusalem,student part-time,SMB,"['Python', 'Docker', 'APIs', 'React', 'Cloud', 'JavaScript', 'Testing']","Backend Developer (student part-time) role in the tech domain (student part-time) at a SMB organization. Location: On-site - Jerusalem. You will work closely with cross-functional teams, analyze needs, and translate them into actionable steps. We are looking for a proactive, detail-oriented candidate with strong communication skills. Key skills include: React, Docker, JavaScript, Python, APIs, Testing. This role offers hands-on experience in a dynamic environment and exposure to real business challenges. Tags: student, career, entry-level, junior. You will help maintain documentation, track metrics, and support regular check-ins with the team.","['student', 'junior', 'career', 'entry-level']"
3269,Junior Data Scientist (student part-time),data,Hybrid - Tel Aviv,student part-time,corporate,"['Excel', 'NumPy', 'SQL', 'A/B Testing', 'Machine Learning', 'Data Visualization', 'Statistics']","Junior Data Scientist (student part-time) role in the data domain (student part-time) at a corporate organization. Location: Hybrid - Tel Aviv. You will help run operations, document workflows, and drive continuous improvement initiatives. The ideal candidate is organized, curious, and comfortable learning new tools quickly. Key skills include: Data Visualization, NumPy, A/B Testing, Statistics, SQL, Excel. You will join a supportive team with opportunities to learn and grow. Tags: student, career, entry-level, junior. You will help maintain documentation, track metrics, and support regular check-ins with the team.","['student', 'junior', 'career', 'entry-level']"
2243,BI Analyst (junior full-time),data,Hybrid - Herzliya,junior full-time,corporate,"['NumPy', 'A/B Testing', 'Data Visualization', 'Python', 'SQL', 'ETL', 'Pandas']","BI Analyst (junior full-time) role in the data domain (junior full-time) at a corporate organization. Location: Hybrid - Herzliya. You will assist with planning and reporting, and ensure smooth collaboration across teams. The ideal candidate is organized, curious, and comfortable learning new tools quickly. Key skills include: Python, ETL, Pandas, SQL, A/B Testing, Data Visualization. You will work in a fast-paced setting with room to take initiative and make an impact. Tags: entry-level, career, student, junior. You will help maintain documentation, track metrics, and support regular check-ins with the team.","['student', 'junior', 'career', 'entry-level']"
5879,Data Analyst (student part-time),data,Remote (EU time),student part-time,agency,"['Data Visualization', 'NumPy', 'Pandas', 'Statistics', 'Machine Learning', 'ETL', 'A/B Testing']","Data Analyst (student part-time) role in the data domain (student part-time) at a agency organization. Location: Remote (EU time). You will support day-to-day execution, coordinate stakeholders, and contribute to process improvements. You should be reliable, collaborative, and able to manage multiple tasks in parallel. Key skills include: Machine Learning, Pandas, ETL, A/B Testing, Statistics, NumPy. You will gain practical experience and build a strong foundation for your career. Tags: entry-level, student, junior, career. You will help maintain documentation, track metrics, and support regular check-ins with the team.","['student', 'junior', 'career', 'entry-level']"
2216,Frontend Developer (contract),tech,Remote,contract,SMB,"['SQL', 'Cloud', 'React', 'Git', 'Linux', 'APIs', 'JavaScript']","Frontend Developer (contract) role in the tech domain (contract) at a SMB organization. Location: Remote. You will work closely with cross-functional teams, analyze needs, and translate them into actionable steps. You should be reliable, collaborative, and able to manage multiple tasks in parallel. Key skills include: Linux, JavaScript, APIs, Git, React, SQL. You will join a supportive team with opportunities to learn and grow. Tags: career, student, junior, entry-level. You will help maintain documentation, track metrics, and support regular check-ins with the team.","['student', 'junior', 'career', 'entry-level']"
7616,Backend Developer (internship),tech,Remote,internship,SMB,"['Python', 'Cloud', 'Linux', 'JavaScript', 'Git', 'APIs', 'React']","Backend Developer (internship) role in the tech domain (internship) at a SMB organization. Location: Remote. You will take ownership of tasks, communicate progress clearly, and help deliver high-quality outcomes on time. We value problem-solving, ownership, and the ability to work independently when needed. Key skills include: JavaScript, React, Python, APIs, Linux, Cloud. You will gain practical experience and build a strong foundation for your career. Tags: entry-level, junior, career, student. You will help maintain documentation, track metrics, and support regular check-ins with the team.","['student', 'junior', 'career', 'entry-level']"
1849,Backend Developer (junior full-time),tech,On-site - Tel Aviv,junior full-time,nonprofit,"['Testing', 'APIs', 'SQL', 'React', 'Cloud', 'Linux', 'Docker']","Backend Developer (junior full-time) role in the tech domain (junior full-time) at a nonprofit organization. Location: On-site - Tel Aviv. You will assist with planning and reporting, and ensure smooth collaboration across teams. You should be reliable, collaborative, and able to manage multiple tasks in parallel. Key skills include: Testing, APIs, Docker, Linux, Cloud, SQL. You will gain practical experience and build a strong foundation for your career. Tags: entry-level, student, junior, career. You will help maintain documentation, track metrics, and support regular check-ins with the team.","['student', 'junior', 'career', 'entry-level']"
70,Data Analyst (internship),data,On-site - Jerusalem,internship,SMB,"['SQL', 'NumPy', 'A/B Testing', 'Pandas', 'Machine Learning', 'Python', 'Excel']","Data Analyst (internship) role in the data domain (internship) at a SMB organization. Location: On-site - Jerusalem. You will assist with planning and reporting, and ensure smooth collaboration across teams. You should be reliable, collaborative, and able to manage multiple tasks in parallel. Key skills include: NumPy, A/B Testing, SQL, Python, Pandas, Excel. This role offers hands-on experience in a dynamic environment and exposure to real business challenges. Tags: student, junior, career, entry-level. You will help maintain documentation, track metrics, and support regular check-ins with the team.","['student', 'junior', 'career', 'entry-level']"
4826,Software Engineer (student part-time),tech,On-site - Jerusalem,student part-time,agency,"['Linux', 'JavaScript', 'Python', 'Cloud', 'React', 'Docker', 'Git']","Software Engineer (student part-time) role in the tech domain (student part-time) at a agency organization. Location: On-site - Jerusalem. You will support day-to-day execution, coordinate stakeholders, and contribute to process improvements. We are looking for a proactive, detail-oriented candidate with strong communication skills. Key skills include: Cloud, JavaScript, React, Docker, Git, Python. You will join a supportive team with opportunities to learn and grow. Tags: entry-level, junior, career, student. You will help maintain documentation, track metrics, and support regular check-ins with the team.","['student', 'junior', 'career', 'entry-level']"
196,BI Analyst (contract),data,Hybrid - Herzliya,contract,SMB,"['ETL', 'A/B Testing', 'NumPy', 'Data Visualization', 'SQL', 'Statistics', 'Python']","BI Analyst (contract) role in the data domain (contract) at a SMB organization. Location: Hybrid - Herzliya. You will help run operations, document workflows, and drive continuous improvement initiatives. You should be reliable, collaborative, and able to manage multiple tasks in parallel. Key skills include: SQL, Data Visualization, Statistics, A/B Testing, ETL, Python. You will gain practical experience and build a strong foundation for your career. Tags: career, junior, student, entry-level. You will help maintain documentation, track metrics, and support regular check-ins with the team.","['student', 'junior', 'career', 'entry-level']"
3935,Junior Data Scientist (contract),data,Hybrid - Tel Aviv,contract,startup,"['Machine Learning', 'SQL', 'NumPy', 'Python', 'ETL', 'Statistics', 'Pandas']","Junior Data Scientist (contract) role in the data domain (contract) at a startup organization. Location: Hybrid - Tel Aviv. You will assist with planning and reporting, and ensure smooth collaboration across teams. We are looking for a proactive, detail-oriented candidate with strong communication skills. Key skills include: Pandas, SQL, ETL, Statistics, Python, Machine Learning. You will join a supportive team with opportunities to learn and grow. Tags: career, junior, student, entry-level. You will help maintain documentation, track metrics, and support regular check-ins with the team.","['student', 'junior', 'career', 'entry-level']"
6184,Junior Data Scientist (student part-time),data,Hybrid - Tel Aviv,student part-time,corporate,"['Machine Learning', 'Data Visualization', 'Pandas', 'SQL', 'Python', 'A/B Testing', 'NumPy']","Junior Data Scientist (student part-time) role in the data domain (student part-time) at a corporate organization. Location: Hybrid - Tel Aviv. You will work closely with cross-functional teams, analyze needs, and translate them into actionable steps. We are looking for a proactive, detail-oriented candidate with strong communication skills. Key skills include: A/B Testing, NumPy, Pandas, Data Visualization, Machine Learning, SQL. You will gain practical experience and build a strong foundation for your career. Tags: junior, career, entry-level, student. You will help maintain documentation, track metrics, and support regular check-ins with the team.","['student', 'junior', 'career', 'entry-level']"
9748,Software Engineer (internship),tech,Hybrid - Herzliya,internship,agency,"['React', 'Linux', 'Git', 'JavaScript', 'Docker', 'Python', 'APIs']","Software Engineer (internship) role in the tech domain (internship) at a agency organization. Location: Hybrid - Herzliya. You will help run operations, document workflows, and drive continuous improvement initiatives. You should be reliable, collaborative, and able to manage multiple tasks in parallel. Key skills include: JavaScript, APIs, Linux, Python, Git, Docker. You will work in a fast-paced setting with room to take initiative and make an impact. Tags: junior, student, career, entry-level. You will help maintain documentation, track metrics, and support regular check-ins with the team.","['student', 'junior', 'career', 'entry-level']"
3142,Software Engineer (contract),tech,Remote (EU time),contract,startup,"['Docker', 'Git', 'Linux', 'APIs', 'Testing', 'Python', 'React']","Software Engineer (contract) role in the tech domain (contract) at a startup organization. Location: Remote (EU time). You will help run operations, document workflows, and drive continuous improvement initiatives. The ideal candidate is organized, curious, and comfortable learning new tools quickly. Key skills include: Python, Docker, APIs, React, Testing, Git. You will gain practical experience and build a strong foundation for your career. Tags: career, entry-level, student, junior. You will help maintain documentation, track metrics, and support regular check-ins with the team.","['student', 'junior', 'career', 'entry-level']"
3050,Backend Developer (contract),tech,On-site - Tel Aviv,contract,agency,"['Testing', 'Docker', 'Python', 'SQL', 'APIs', 'Cloud', 'JavaScript']","Backend Developer (contract) role in the tech domain (contract) at a agency organization. Location: On-site - Tel Aviv. You will support day-to-day execution, coordinate stakeholders, and contribute to process improvements. We value problem-solving, ownership, and the ability to work independently when needed. Key skills include: APIs, Docker, SQL, Cloud, Python, Testing. This role offers hands-on experience in a dynamic environment and exposure to real business challenges. Tags: career, entry-level, junior, student. You will help maintain documentation, track metrics, and support regular check-ins with the team.","['student', 'junior', 'career', 'entry-level']"
783,BI Analyst (internship),data,Remote,internship,corporate,"['Pandas', 'Machine Learning', 'Data Visualization', 'NumPy', 'SQL', 'ETL', 'Python']","BI Analyst (internship) role in the data domain (internship) at a corporate organization. Location: Remote. You will support day-to-day execution, coordinate stakeholders, and contribute to process improvements. We are looking for a proactive, detail-oriented candidate with strong communication skills. Key skills include: Pandas, Python, ETL, SQL, Data Visualization, NumPy. You will work in a fast-paced setting with room to take initiative and make an impact. Tags: student, junior, entry-level, career. You will help maintain documentation, track metrics, and support regular check-ins with the team.","['student', 'junior', 'career', 'entry-level']"
7478,BI Analyst (internship),data,On-site - Jerusalem,internship,startup,"['Pandas', 'Excel', 'Python', 'ETL', 'NumPy', 'SQL', 'Data Visualization']","BI Analyst (internship) role in the data domain (internship) at a startup organization. Location: On-site - Jerusalem. You will help run operations, document workflows, and drive continuous improvement initiatives. We are looking for a proactive, detail-oriented candidate with strong communication skills. Key skills include: Python, Pandas, Data Visualization, SQL, Excel, ETL. You will gain practical experience and build a strong foundation for your career. Tags: student, career, junior, entry-level. You will help maintain documentation, track metrics, and support regular check-ins with the team.","['student', 'junior', 'career', 'entry-level']"
6523,BI Analyst (student part-time),data,Remote (EU time),student part-time,agency,"['NumPy', 'SQL', 'Machine Learning', 'Statistics', 'A/B Testing', 'ETL', 'Python']","BI Analyst (student part-time) role in the data domain (student part-time) at a agency organization. Location: Remote (EU time). You will help run operations, document workflows, and drive continuous improvement initiatives. The ideal candidate is organized, curious, and comfortable learning new tools quickly. Key skills include: NumPy, Machine Learning, Python, A/B Testing, SQL, Statistics. You will join a supportive team with opportunities to learn and grow. Tags: entry-level, junior, career, student. You will help maintain documentation, track metrics, and support regular check-ins with the team.","['student', 'junior', 'career', 'entry-level']"
1976,Data Analyst (student part-time),data,Hybrid - Tel Aviv,student part-time,nonprofit,"['Machine Learning', 'NumPy', 'SQL', 'Python', 'Statistics', 'A/B Testing', 'Pandas']","Data Analyst (student part-time) role in the data domain (student part-time) at a nonprofit organization. Location: Hybrid - Tel Aviv. You will take ownership of tasks, communicate progress clearly, and help deliver high-quality outcomes on time. We value problem-solving, ownership, and the ability to work independently when needed. Key skills include: NumPy, Python, Machine Learning, SQL, Pandas, A/B Testing. You will join a supportive team with opportunities to learn and grow. Tags: career, entry-level, student, junior. You will help maintain documentation, track metrics, and support regular check-ins with the team.","['student', 'junior', 'career', 'entry-level']"
1042,QA Engineer (internship),tech,On-site - Tel Aviv,internship,nonprofit,"['Git', 'Docker', 'Cloud', 'Testing', 'Python', 'APIs', 'React']","QA Engineer (internship) role in the tech domain (internship) at a nonprofit organization. Location: On-site - Tel Aviv. You will help run operations, document workflows, and drive continuous improvement initiatives. You should be reliable, collaborative, and able to manage multiple tasks in parallel. Key skills include: APIs, Git, Docker, React, Cloud, Python. This role offers hands-on experience in a dynamic environment and exposure to real business challenges. Tags: career, junior, student, entry-level. You will help maintain documentation, track metrics, and support regular check-ins with the team.","['student', 'junior', 'career', 'entry-level']"
2915,Data Analyst (contract),data,On-site - Tel Aviv,contract,corporate,"['Statistics', 'Data Visualization', 'SQL', 'Machine Learning', 'Python', 'Pandas', 'A/B Testing']","Data Analyst (contract) role in the data domain (contract) at a corporate organization. Location: On-site - Tel Aviv. You will help run operations, document workflows, and drive continuous improvement initiatives. The ideal candidate is organized, curious, and comfortable learning new tools quickly. Key skills include: A/B Testing, Machine Learning, SQL, Python, Statistics, Pandas. You will join a supportive team with opportunities to learn and grow. Tags: career, junior, student, entry-level. You will help maintain documentation, track metrics, and support regular check-ins with the team.","['student', 'junior', 'career', 'entry-level']"
1475,Junior Data Scientist (internship),data,Remote (EU time),internship,startup,"['ETL', 'NumPy', 'Pandas', 'SQL', 'Machine Learning', 'Statistics', 'Data Visualization']","Junior Data Scientist (internship) role in the data domain (internship) at a startup organization. Location: Remote (EU time). You will work closely with cross-functional teams, analyze needs, and translate them into actionable steps. We are looking for a proactive, detail-oriented candidate with strong communication skills. Key skills include: NumPy, ETL, Statistics, SQL, Data Visualization, Pandas. You will work in a fast-paced setting with room to take initiative and make an impact. Tags: career, student, entry-level, junior. You will help maintain documentation, track metrics, and support regular check-ins with the team.","['student', 'junior', 'career', 'entry-level']"
5098,QA Engineer (internship),tech,Hybrid - Tel Aviv,internship,corporate,"['SQL', 'Linux', 'JavaScript', 'Python', 'Cloud', 'APIs', 'Testing']","QA Engineer (internship) role in the tech domain (internship) at a corporate organization. Location: Hybrid - Tel Aviv. You will support day-to-day execution, coordinate stakeholders, and contribute to process improvements. We are looking for a proactive, detail-oriented candidate with strong communication skills. Key skills include: JavaScript, Linux, SQL, Testing, Cloud, Python. You will gain practical experience and build a strong foundation for your career. Tags: student, career, entry-level, junior. You will help maintain documentation, track metrics, and support regular check-ins with the team.","['student', 'junior', 'career', 'entry-level']"
8396,Software Engineer (contract),tech,Hybrid - Tel Aviv,contract,SMB,"['Testing', 'JavaScript', 'Git', 'React', 'Docker', 'Linux', 'Python']","Software Engineer (contract) role in the tech domain (contract) at a SMB organization. Location: Hybrid - Tel Aviv. You will work closely with cross-functional teams, analyze needs, and translate them into actionable steps. You should be reliable, collaborative, and able to manage multiple tasks in parallel. Key skills include: Linux, Python, Testing, Docker, Git, JavaScript. This role offers hands-on experience in a dynamic environment and exposure to real business challenges. Tags: entry-level, student, career, junior. You will help maintain documentation, track metrics, and support regular check-ins with the team.","['student', 'junior', 'career', 'entry-level']"
2583,Frontend Developer (junior full-time),tech,On-site - Jerusalem,junior full-time,startup,"['Docker', 'APIs', 'Cloud', 'React', 'Testing', 'Git', 'JavaScript']","Frontend Developer (junior full-time) role in the tech domain (junior full-time) at a startup organization. Location: On-site - Jerusalem. You will work closely with cross-functional teams, analyze needs, and translate them into actionable steps. The ideal candidate is organized, curious, and comfortable learning new tools quickly. Key skills include: Git, Cloud, Docker, APIs, React, JavaScript. You will join a supportive team with opportunities to learn and grow. Tags: junior, student, career, entry-level. You will help maintain documentation, track metrics, and support regular check-ins with the team.","['student', 'junior', 'career', 'entry-level']"
3560,BI Analyst (student part-time),data,Remote (EU time),student part-time,corporate,"['NumPy', 'Excel', 'SQL', 'ETL', 'Pandas', 'Python', 'Machine Learning']","BI Analyst (student part-time) role in the data domain (student part-time) at a corporate organization. Location: Remote (EU time). You will assist with planning and reporting, and ensure smooth collaboration across teams. You should be reliable, collaborative, and able to manage multiple tasks in parallel. Key skills include: Machine Learning, ETL, Python, SQL, Excel, Pandas. This role offers hands-on experience in a dynamic environment and exposure to real business challenges. Tags: student, entry-level, career, junior. You will help maintain documentation, track metrics, and support regular check-ins with the team.","['student', 'junior', 'career', 'entry-level']"
1329,Data Analyst (student part-time),data,On-site - Jerusalem,student part-time,corporate,"['ETL', 'Excel', 'Python', 'Pandas', 'Statistics', 'A/B Testing', 'NumPy']","Data Analyst (student part-time) role in the data domain (student part-time) at a corporate organization. Location: On-site - Jerusalem. You will take ownership of tasks, communicate progress clearly, and help deliver high-quality outcomes on time. We value problem-solving, ownership, and the ability to work independently when needed. Key skills include: Python, A/B Testing, ETL, Excel, Statistics, Pandas. You will work in a fast-paced setting with room to take initiative and make an impact. Tags: career, entry-level, student, junior. You will help maintain documentation, track metrics, and support regular check-ins with the team.","['student', 'junior', 'career', 'entry-level']"
2244,QA Engineer (student part-time),tech,On-site - Jerusalem,student part-time,startup,"['Cloud', 'Git', 'JavaScript', 'Linux', 'React', 'Testing', 'Python']","QA Engineer (student part-time) role in the tech domain (student part-time) at a startup organization. Location: On-site - Jerusalem. You will support day-to-day execution, coordinate stakeholders, and contribute to process improvements. We are looking for a proactive, detail-oriented candidate with strong communication skills. Key skills include: Testing, Python, Git, Linux, JavaScript, React. You will work in a fast-paced setting with room to take initiative and make an impact. Tags: student, career, entry-level, junior. You will help maintain documentation, track metrics, and support regular check-ins with the team.","['student', 'junior', 'career', 'entry-level']"
3539,QA Engineer (junior full-time),tech,Hybrid - Tel Aviv,junior full-time,agency,"['Python', 'React', 'APIs', 'Docker', 'Git', 'SQL', 'Linux']","QA Engineer (junior full-time) role in the tech domain (junior full-time) at a agency organization. Location: Hybrid - Tel Aviv. You will assist with planning and reporting, and ensure smooth collaboration across teams. We value problem-solving, ownership, and the ability to work independently when needed. Key skills include: SQL, Linux, Git, React, APIs, Python. You will work in a fast-paced setting with room to take initiative and make an impact. Tags: entry-level, junior, career, student. You will help maintain documentation, track metrics, and support regular check-ins with the team.","['student', 'junior', 'career', 'entry-level']"
6286,BI Analyst (student part-time),data,On-site - Tel Aviv,student part-time,startup,"['A/B Testing', 'NumPy', 'Data Visualization', 'Excel', 'ETL', 'Machine Learning', 'Python']","BI Analyst (student part-time) role in the data domain (student part-time) at a startup organization. Location: On-site - Tel Aviv. You will work closely with cross-functional teams, analyze needs, and translate them into actionable steps. The ideal candidate is organized, curious, and comfortable learning new tools quickly. Key skills include: ETL, Excel, Machine Learning, A/B Testing, NumPy, Python. You will join a supportive team with opportunities to learn and grow. Tags: career, entry-level, student, junior. You will help maintain documentation, track metrics, and support regular check-ins with the team.","['student', 'junior', 'career', 'entry-level']"
523,Frontend Developer (contract),tech,Hybrid - Herzliya,contract,startup,"['Linux', 'SQL', 'APIs', 'Testing', 'React', 'JavaScript', 'Cloud']","Frontend Developer (contract) role in the tech domain (contract) at a startup organization. Location: Hybrid - Herzliya. You will help run operations, document workflows, and drive continuous improvement initiatives. You should be reliable, collaborative, and able to manage multiple tasks in parallel. Key skills include: SQL, Testing, Linux, Cloud, JavaScript, APIs. You will join a supportive team with opportunities to learn and grow. Tags: entry-level, student, career, junior. You will help maintain documentation, track metrics, and support regular check-ins with the team.","['student', 'junior', 'career', 'entry-level']"
5867,Backend Developer (contract),tech,On-site - Tel Aviv,contract,nonprofit,"['Testing', 'Linux', 'JavaScript', 'Docker', 'SQL', 'APIs', 'React']","Backend Developer (contract) role in the tech domain (contract) at a nonprofit organization. Location: On-site - Tel Aviv. You will help run operations, document workflows, and drive continuous improvement initiatives. The ideal candidate is organized, curious, and comfortable learning new tools quickly. Key skills include: React, Docker, JavaScript, SQL, Linux, Testing. You will work in a fast-paced setting with room to take initiative and make an impact. Tags: career, entry-level, junior, student. You will help maintain documentation, track metrics, and support regular check-ins with the team.","['student', 'junior', 'career', 'entry-level']"
1734,Data Analyst (student part-time),data,Hybrid - Tel Aviv,student part-time,nonprofit,"['ETL', 'Python', 'A/B Testing', 'Machine Learning', 'Excel', 'Data Visualization', 'NumPy']","Data Analyst (student part-time) role in the data domain (student part-time) at a nonprofit organization. Location: Hybrid - Tel Aviv. You will help run operations, document workflows, and drive continuous improvement initiatives. You should be reliable, collaborative, and able to manage multiple tasks in parallel. Key skills include: Excel, A/B Testing, ETL, Data Visualization, NumPy, Python. This role offers hands-on experience in a dynamic environment and exposure to real business challenges. Tags: entry-level, career, junior, student. You will help maintain documentation, track metrics, and support regular check-ins with the team.","['student', 'junior', 'career', 'entry-level']"
7294,Data Analyst (contract),data,On-site - Jerusalem,contract,agency,"['Machine Learning', 'Statistics', 'SQL', 'Excel', 'A/B Testing', 'ETL', 'NumPy']","Data Analyst (contract) role in the data domain (contract) at a agency organization. Location: On-site - Jerusalem. You will help run operations, document workflows, and drive continuous improvement initiatives. We are looking for a proactive, detail-oriented candidate with strong communication skills. Key skills include: Machine Learning, A/B Testing, SQL, Excel, NumPy, Statistics. This role offers hands-on experience in a dynamic environment and exposure to real business challenges. Tags: entry-level, junior, career, student. You will help maintain documentation, track metrics, and support regular check-ins with the team.","['student', 'junior', 'career', 'entry-level']"
3749,Software Engineer (student part-time),tech,On-site - Jerusalem,student part-time,SMB,"['Git', 'SQL', 'Linux', 'Docker', 'Cloud', 'JavaScript', 'Testing']","Software Engineer (student part-time) role in the tech domain (student part-time) at a SMB organization. Location: On-site - Jerusalem. You will support day-to-day execution, coordinate stakeholders, and contribute to process improvements. You should be reliable, collaborative, and able to manage multiple tasks in parallel. Key skills include: Git, Linux, JavaScript, SQL, Cloud, Testing. You will gain practical experience and build a strong foundation for your career. Tags: entry-level, junior, student, career. You will help maintain documentation, track metrics, and support regular check-ins with the team.","['student', 'junior', 'career', 'entry-level']"
2793,Backend Developer (internship),tech,Hybrid - Tel Aviv,internship,startup,"['Testing', 'Python', 'React', 'SQL', 'APIs', 'Docker', 'Cloud']","Backend Developer (internship) role in the tech domain (internship) at a startup organization. Location: Hybrid - Tel Aviv. You will support day-to-day execution, coordinate stakeholders, and contribute to process improvements. You should be reliable, collaborative, and able to manage multiple tasks in parallel. Key skills include: APIs, Docker, Testing, React, SQL, Cloud. You will work in a fast-paced setting with room to take initiative and make an impact. Tags: junior, student, career, entry-level. You will help maintain documentation, track metrics, and support regular check-ins with the team.","['student', 'junior', 'career', 'entry-level']"
33,Frontend Developer (student part-time),tech,Hybrid - Herzliya,student part-time,corporate,"['JavaScript', 'APIs', 'Docker', 'Git', 'Testing', 'Cloud', 'Linux']","Frontend Developer (student part-time) role in the tech domain (student part-time) at a corporate organization. Location: Hybrid - Herzliya. You will work closely with cross-functional teams, analyze needs, and translate them into actionable steps. You should be reliable, collaborative, and able to manage multiple tasks in parallel. Key skills include: Linux, Cloud, Testing, Git, JavaScript, APIs. You will join a supportive team with opportunities to learn and grow. Tags: career, entry-level, student, junior. You will help maintain documentation, track metrics, and support regular check-ins with the team.","['student', 'junior', 'career', 'entry-level']"
7795,Junior Data Scientist (junior full-time),data,On-site - Tel Aviv,junior full-time,nonprofit,"['ETL', 'Data Visualization', 'SQL', 'Statistics', 'Excel', 'NumPy', 'A/B Testing']","Junior Data Scientist (junior full-time) role in the data domain (junior full-time) at a nonprofit organization. Location: On-site - Tel Aviv. You will work closely with cross-functional teams, analyze needs, and translate them into actionable steps. You should be reliable, collaborative, and able to manage multiple tasks in parallel. Key skills include: NumPy, Excel, SQL, A/B Testing, Statistics, Data Visualization. You will work in a fast-paced setting with room to take initiative and make an impact. Tags: career, student, entry-level, junior.","['student', 'junior', 'career', 'entry-level']"
3887,Frontend Developer (student part-time),tech,Remote (EU time),student part-time,startup,"['Docker', 'Git', 'React', 'Cloud', 'SQL', 'APIs', 'JavaScript']","Frontend Developer (student part-time) role in the tech domain (student part-time) at a startup organization. Location: Remote (EU time). You will assist with planning and reporting, and ensure smooth collaboration across teams. We are looking for a proactive, detail-oriented candidate with strong communication skills. Key skills include: SQL, Git, APIs, Docker, Cloud, React. This role offers hands-on experience in a dynamic environment and exposure to real business challenges. Tags: career, entry-level, junior, student. You will help maintain documentation, track metrics, and support regular check-ins with the team.","['student', 'junior', 'career', 'entry-level']"
7621,Data Analyst (internship),data,Hybrid - Herzliya,internship,corporate,"['Machine Learning', 'ETL', 'Python', 'Excel', 'Data Visualization', 'SQL', 'Statistics']","Data Analyst (internship) role in the data domain (internship) at a corporate organization. Location: Hybrid - Herzliya. You will assist with planning and reporting, and ensure smooth collaboration across teams. You should be reliable, collaborative, and able to manage multiple tasks in parallel. Key skills include: Python, ETL, Data Visualization, Statistics, Machine Learning, Excel. You will gain practical experience and build a strong foundation for your career. Tags: career, entry-level, junior, student. You will help maintain documentation, track metrics, and support regular check-ins with the team.","['student', 'junior', 'career', 'entry-level']"
6249,QA Engineer (internship),tech,Hybrid - Tel Aviv,internship,nonprofit,"['Testing', 'React', 'APIs', 'Git', 'Cloud', 'Docker', 'Python']","QA Engineer (internship) role in the tech domain (internship) at a nonprofit organization. Location: Hybrid - Tel Aviv. You will assist with planning and reporting, and ensure smooth collaboration across teams. We value problem-solving, ownership, and the ability to work independently when needed. Key skills include: React, Python, Cloud, APIs, Testing, Git. You will gain practical experience and build a strong foundation for your career. Tags: entry-level, student, junior, career. You will help maintain documentation, track metrics, and support regular check-ins with the team.","['student', 'junior', 'career', 'entry-level']"
9057,Data Analyst (internship),data,Remote (EU time),internship,corporate,"['NumPy', 'Data Visualization', 'Excel', 'Python', 'A/B Testing', 'Pandas', 'ETL']","Data Analyst (internship) role in the data domain (internship) at a corporate organization. Location: Remote (EU time). You will take ownership of tasks, communicate progress clearly, and help deliver high-quality outcomes on time. We are looking for a proactive, detail-oriented candidate with strong communication skills. Key skills include: A/B Testing, Data Visualization, ETL, Excel, Python, NumPy. You will gain practical experience and build a strong foundation for your career. Tags: career, entry-level, junior, student. You will help maintain documentation, track metrics, and support regular check-ins with the team.","['student', 'junior', 'career', 'entry-level']"
5296,Junior Data Scientist (contract),data,Hybrid - Tel Aviv,contract,SMB,"['NumPy', 'Pandas', 'Data Visualization', 'A/B Testing', 'Excel', 'SQL', 'Statistics']","Junior Data Scientist (contract) role in the data domain (contract) at a SMB organization. Location: Hybrid - Tel Aviv. You will take ownership of tasks, communicate progress clearly, and help deliver high-quality outcomes on time. You should be reliable, collaborative, and able to manage multiple tasks in parallel. Key skills include: Data Visualization, NumPy, Excel, SQL, A/B Testing, Pandas. You will gain practical experience and build a strong foundation for your career. Tags: student, junior, entry-level, career. You will help maintain documentation, track metrics, and support regular check-ins with the team.","['student', 'junior', 'career', 'entry-level']"
8604,Data Analyst (internship),data,Hybrid - Herzliya,internship,SMB,"['Statistics', 'Pandas', 'SQL', 'NumPy', 'Excel', 'ETL', 'Data Visualization']","Data Analyst (internship) role in the data domain (internship) at a SMB organization. Location: Hybrid - Herzliya. You will work closely with cross-functional teams, analyze needs, and translate them into actionable steps. We value problem-solving, ownership, and the ability to work independently when needed. Key skills include: Excel, ETL, Pandas, SQL, Statistics, Data Visualization. You will work in a fast-paced setting with room to take initiative and make an impact. Tags: career, student, junior, entry-level. You will help maintain documentation, track metrics, and support regular check-ins with the team.","['student', 'junior', 'career', 'entry-level']"
7358,BI Analyst (junior full-time),data,Remote (EU time),junior full-time,startup,"['Pandas', 'NumPy', 'Excel', 'SQL', 'ETL', 'Statistics', 'Machine Learning']","BI Analyst (junior full-time) role in the data domain (junior full-time) at a startup organization. Location: Remote (EU time). You will support day-to-day execution, coordinate stakeholders, and contribute to process improvements. You should be reliable, collaborative, and able to manage multiple tasks in parallel. Key skills include: NumPy, Machine Learning, Excel, ETL, SQL, Pandas. You will join a supportive team with opportunities to learn and grow. Tags: junior, career, entry-level, student. You will help maintain documentation, track metrics, and support regular check-ins with the team.","['student', 'junior', 'career', 'entry-level']"
9692,Data Analyst (contract),data,On-site - Jerusalem,contract,agency,"['NumPy', 'Machine Learning', 'SQL', 'Python', 'Pandas', 'Statistics', 'Excel']","Data Analyst (contract) role in the data domain (contract) at a agency organization. Location: On-site - Jerusalem. You will take ownership of tasks, communicate progress clearly, and help deliver high-quality outcomes on time. The ideal candidate is organized, curious, and comfortable learning new tools quickly. Key skills include: NumPy, Statistics, Machine Learning, Excel, Python, Pandas. You will gain practical experience and build a strong foundation for your career. Tags: junior, career, student, entry-level. You will help maintain documentation, track metrics, and support regular check-ins with the team.","['student', 'junior', 'career', 'entry-level']"
9554,Software Engineer (junior full-time),tech,Remote (EU time),junior full-time,agency,"['SQL', 'JavaScript', 'Testing', 'Git', 'APIs', 'Cloud', 'Docker']","Software Engineer (junior full-time) role in the tech domain (junior full-time) at a agency organization. Location: Remote (EU time). You will help run operations, document workflows, and drive continuous improvement initiatives. The ideal candidate is organized, curious, and comfortable learning new tools quickly. Key skills include: SQL, APIs, JavaScript, Cloud, Git, Testing. This role offers hands-on experience in a dynamic environment and exposure to real business challenges. Tags: junior, career, entry-level, student. You will help maintain documentation, track metrics, and support regular check-ins with the team.","['student', 'junior', 'career', 'entry-level']"
3225,Data Analyst (internship),data,Remote (EU time),internship,nonprofit,"['Pandas', 'NumPy', 'A/B Testing', 'Statistics', 'Python', 'Machine Learning', 'ETL']","Data Analyst (internship) role in the data domain (internship) at a nonprofit organization. Location: Remote (EU time). You will work closely with cross-functional teams, analyze needs, and translate them into actionable steps. We value problem-solving, ownership, and the ability to work independently when needed. Key skills include: Statistics, A/B Testing, Python, Pandas, Machine Learning, ETL. This role offers hands-on experience in a dynamic environment and exposure to real business challenges. Tags: entry-level, junior, student, career. You will help maintain documentation, track metrics, and support regular check-ins with the team.","['student', 'junior', 'career', 'entry-level']"
2008,Data Analyst (junior full-time),data,On-site - Jerusalem,junior full-time,nonprofit,"['Excel', 'Statistics', 'Data Visualization', 'NumPy', 'ETL', 'SQL', 'Python']","Data Analyst (junior full-time) role in the data domain (junior full-time) at a nonprofit organization. Location: On-site - Jerusalem. You will support day-to-day execution, coordinate stakeholders, and contribute to process improvements. We value problem-solving, ownership, and the ability to work independently when needed. Key skills include: ETL, SQL, Statistics, Data Visualization, Excel, Python. You will gain practical experience and build a strong foundation for your career. Tags: career, junior, student, entry-level. You will help maintain documentation, track metrics, and support regular check-ins with the team.","['student', 'junior', 'career', 'entry-level']"
8902,Software Engineer (contract),tech,On-site - Tel Aviv,contract,nonprofit,"['APIs', 'SQL', 'React', 'Testing', 'Linux', 'Docker', 'Cloud']","Software Engineer (contract) role in the tech domain (contract) at a nonprofit organization. Location: On-site - Tel Aviv. You will support day-to-day execution, coordinate stakeholders, and contribute to process improvements. We value problem-solving, ownership, and the ability to work independently when needed. Key skills include: Linux, APIs, SQL, Testing, React, Docker. You will work in a fast-paced setting with room to take initiative and make an impact. Tags: junior, student, career, entry-level. You will help maintain documentation, track metrics, and support regular check-ins with the team.","['student', 'junior', 'career', 'entry-level']"
9239,QA Engineer (junior full-time),tech,On-site - Tel Aviv,junior full-time,SMB,"['Docker', 'Git', 'SQL', 'React', 'Testing', 'JavaScript', 'Python']","QA Engineer (junior full-time) role in the tech domain (junior full-time) at a SMB organization. Location: On-site - Tel Aviv. You will take ownership of tasks, communicate progress clearly, and help deliver high-quality outcomes on time. The ideal candidate is organized, curious, and comfortable learning new tools quickly. Key skills include: JavaScript, SQL, Git, Python, Docker, Testing. You will work in a fast-paced setting with room to take initiative and make an impact. Tags: entry-level, student, junior, career. You will help maintain documentation, track metrics, and support regular check-ins with the team.","['student', 'junior', 'career', 'entry-level']"
6847,BI Analyst (internship),data,On-site - Tel Aviv,internship,SMB,"['Statistics', 'Pandas', 'ETL', 'A/B Testing', 'Machine Learning', 'Python', 'NumPy']","BI Analyst (internship) role in the data domain (internship) at a SMB organization. Location: On-site - Tel Aviv. You will take ownership of tasks, communicate progress clearly, and help deliver high-quality outcomes on time. We are looking for a proactive, detail-oriented candidate with strong communication skills. Key skills include: Statistics, Machine Learning, A/B Testing, Python, Pandas, ETL. You will join a supportive team with opportunities to learn and grow. Tags: career, entry-level, junior, student. You will help maintain documentation, track metrics, and support regular check-ins with the team.","['student', 'junior', 'career', 'entry-level']"
5532,Data Analyst (junior full-time),data,Remote,junior full-time,agency,"['SQL', 'A/B Testing', 'Pandas', 'Data Visualization', 'Statistics', 'Machine Learning', 'Python']","Data Analyst (junior full-time) role in the data domain (junior full-time) at a agency organization. Location: Remote. You will assist with planning and reporting, and ensure smooth collaboration across teams. We value problem-solving, ownership, and the ability to work independently when needed. Key skills include: Pandas, A/B Testing, Data Visualization, Statistics, Python, SQL. You will join a supportive team with opportunities to learn and grow. Tags: career, entry-level, student, junior. You will help maintain documentation, track metrics, and support regular check-ins with the team.","['student', 'junior', 'career', 'entry-level']"
1302,Data Analyst (student part-time),data,On-site - Jerusalem,student part-time,agency,"['Python', 'ETL', 'Machine Learning', 'Pandas', 'Excel', 'Data Visualization', 'A/B Testing']","Data Analyst (student part-time) role in the data domain (student part-time) at a agency organization. Location: On-site - Jerusalem. You will take ownership of tasks, communicate progress clearly, and help deliver high-quality outcomes on time. We value problem-solving, ownership, and the ability to work independently when needed. Key skills include: Python, A/B Testing, Machine Learning, ETL, Pandas, Data Visualization. You will join a supportive team with opportunities to learn and grow. Tags: junior, student, career, entry-level. You will help maintain documentation, track metrics, and support regular check-ins with the team.","['student', 'junior', 'career', 'entry-level']"
5805,QA Engineer (internship),tech,Remote,internship,agency,"['Testing', 'APIs', 'React', 'JavaScript', 'Python', 'Cloud', 'Linux']","QA Engineer (internship) role in the tech domain (internship) at a agency organization. Location: Remote. You will take ownership of tasks, communicate progress clearly, and help deliver high-quality outcomes on time. You should be reliable, collaborative, and able to manage multiple tasks in parallel. Key skills include: Linux, Cloud, JavaScript, APIs, Testing, React. This role offers hands-on experience in a dynamic environment and exposure to real business challenges. Tags: career, student, entry-level, junior. You will help maintain documentation, track metrics, and support regular check-ins with the team.","['student', 'junior', 'career', 'entry-level']"
7418,QA Engineer (junior full-time),tech,On-site - Jerusalem,junior full-time,corporate,"['Cloud', 'Docker', 'Git', 'React', 'Testing', 'JavaScript', 'Python']","QA Engineer (junior full-time) role in the tech domain (junior full-time) at a corporate organization. Location: On-site - Jerusalem. You will take ownership of tasks, communicate progress clearly, and help deliver high-quality outcomes on time. The ideal candidate is organized, curious, and comfortable learning new tools quickly. Key skills include: Git, Python, Cloud, React, JavaScript, Docker. You will gain practical experience and build a strong foundation for your career. Tags: student, career, entry-level, junior. You will help maintain documentation, track metrics, and support regular check-ins with the team.","['student', 'junior', 'career', 'entry-level']"
151,Backend Developer (junior full-time),tech,Remote (EU time),junior full-time,nonprofit,"['JavaScript', 'APIs', 'Docker', 'SQL', 'Testing', 'Linux', 'Git']","Backend Developer (junior full-time) role in the tech domain (junior full-time) at a nonprofit organization. Location: Remote (EU time). You will work closely with cross-functional teams, analyze needs, and translate them into actionable steps. We are looking for a proactive, detail-oriented candidate with strong communication skills. Key skills include: Docker, SQL, Testing, Linux, Git, JavaScript. You will work in a fast-paced setting with room to take initiative and make an impact. Tags: career, junior, student, entry-level. You will help maintain documentation, track metrics, and support regular check-ins with the team.","['student', 'junior', 'career', 'entry-level']"
7257,Junior Data Scientist (junior full-time),data,On-site - Tel Aviv,junior full-time,agency,"['Python', 'ETL', 'A/B Testing', 'SQL', 'Machine Learning', 'Pandas', 'Statistics']","Junior Data Scientist (junior full-time) role in the data domain (junior full-time) at a agency organization. Location: On-site - Tel Aviv. You will help run operations, document workflows, and drive continuous improvement initiatives. We are looking for a proactive, detail-oriented candidate with strong communication skills. Key skills include: A/B Testing, Pandas, SQL, ETL, Statistics, Machine Learning. You will gain practical experience and build a strong foundation for your career. Tags: junior, career, entry-level, student. You will help maintain documentation, track metrics, and support regular check-ins with the team.","['student', 'junior', 'career', 'entry-level']"
1374,Data Analyst (internship),data,On-site - Tel Aviv,internship,nonprofit,"['Excel', 'SQL', 'ETL', 'A/B Testing', 'NumPy', 'Pandas', 'Data Visualization']","Data Analyst (internship) role in the data domain (internship) at a nonprofit organization. Location: On-site - Tel Aviv. You will assist with planning and reporting, and ensure smooth collaboration across teams. We are looking for a proactive, detail-oriented candidate with strong communication skills. Key skills include: Pandas, ETL, A/B Testing, Data Visualization, SQL, Excel. You will work in a fast-paced setting with room to take initiative and make an impact. Tags: entry-level, career, junior, student. You will help maintain documentation, track metrics, and support regular check-ins with the team.","['student', 'junior', 'career', 'entry-level']"
2863,Software Engineer (internship),tech,Hybrid - Tel Aviv,internship,agency,"['Git', 'Testing', 'Python', 'JavaScript', 'Linux', 'React', 'Cloud']","Software Engineer (internship) role in the tech domain (internship) at a agency organization. Location: Hybrid - Tel Aviv. You will work closely with cross-functional teams, analyze needs, and translate them into actionable steps. We value problem-solving, ownership, and the ability to work independently when needed. Key skills include: Python, Cloud, JavaScript, Testing, React, Linux. You will work in a fast-paced setting with room to take initiative and make an impact. Tags: student, entry-level, junior, career. You will help maintain documentation, track metrics, and support regular check-ins with the team.","['student', 'junior', 'career', 'entry-level']"
4846,Data Analyst (student part-time),data,Remote,student part-time,agency,"['Data Visualization', 'Pandas', 'Python', 'ETL', 'A/B Testing', 'NumPy', 'SQL']","Data Analyst (student part-time) role in the data domain (student part-time) at a agency organization. Location: Remote. You will support day-to-day execution, coordinate stakeholders, and contribute to process improvements. We are looking for a proactive, detail-oriented candidate with strong communication skills. Key skills include: ETL, SQL, NumPy, A/B Testing, Python, Pandas. You will gain practical experience and build a strong foundation for your career. Tags: entry-level, career, junior, student. You will help maintain documentation, track metrics, and support regular check-ins with the team.","['student', 'junior', 'career', 'entry-level']"
2156,BI Analyst (contract),data,On-site - Jerusalem,contract,nonprofit,"['Excel', 'SQL', 'Pandas', 'ETL', 'Statistics', 'Data Visualization', 'NumPy']","BI Analyst (contract) role in the data domain (contract) at a nonprofit organization. Location: On-site - Jerusalem. You will work closely with cross-functional teams, analyze needs, and translate them into actionable steps. We are looking for a proactive, detail-oriented candidate with strong communication skills. Key skills include: Data Visualization, Excel, Pandas, ETL, Statistics, NumPy. This role offers hands-on experience in a dynamic environment and exposure to real business challenges. Tags: entry-level, career, student, junior. You will help maintain documentation, track metrics, and support regular check-ins with the team.","['student', 'junior', 'career', 'entry-level']"
551,Backend Developer (junior full-time),tech,Remote (EU time),junior full-time,SMB,"['Python', 'Git', 'Linux', 'Cloud', 'JavaScript', 'Testing', 'Docker']","Backend Developer (junior full-time) role in the tech domain (junior full-time) at a SMB organization. Location: Remote (EU time). You will help run operations, document workflows, and drive continuous improvement initiatives. The ideal candidate is organized, curious, and comfortable learning new tools quickly. Key skills include: Cloud, Linux, Docker, Testing, Git, JavaScript. You will work in a fast-paced setting with room to take initiative and make an impact. Tags: junior, student, entry-level, career. You will help maintain documentation, track metrics, and support regular check-ins with the team.","['student', 'junior', 'career', 'entry-level']"
7003,QA Engineer (junior full-time),tech,Hybrid - Herzliya,junior full-time,nonprofit,"['Git', 'Docker', 'APIs', 'React', 'JavaScript', 'SQL', 'Linux']","QA Engineer (junior full-time) role in the tech domain (junior full-time) at a nonprofit organization. Location: Hybrid - Herzliya. You will take ownership of tasks, communicate progress clearly, and help deliver high-quality outcomes on time. We value problem-solving, ownership, and the ability to work independently when needed. Key skills include: APIs, SQL, Docker, JavaScript, Git, React. You will work in a fast-paced setting with room to take initiative and make an impact. Tags: career, entry-level, junior, student. You will help maintain documentation, track metrics, and support regular check-ins with the team.","['student', 'junior', 'career', 'entry-level']"
4178,BI Analyst (contract),data,Hybrid - Herzliya,contract,startup,"['Machine Learning', 'Excel', 'SQL', 'NumPy', 'Statistics', 'Pandas', 'Python']","BI Analyst (contract) role in the data domain (contract) at a startup organization. Location: Hybrid - Herzliya. You will take ownership of tasks, communicate progress clearly, and help deliver high-quality outcomes on time. We are looking for a proactive, detail-oriented candidate with strong communication skills. Key skills include: NumPy, Machine Learning, Python, Statistics, Pandas, SQL. You will gain practical experience and build a strong foundation for your career. Tags: student, career, entry-level, junior. You will help maintain documentation, track metrics, and support regular check-ins with the team.","['student', 'junior', 'career', 'entry-level']"
8452,BI Analyst (contract),data,Remote,contract,corporate,"['NumPy', 'Data Visualization', 'Python', 'SQL', 'Excel', 'A/B Testing', 'ETL']","BI Analyst (contract) role in the data domain (contract) at a corporate organization. Location: Remote. You will help run operations, document workflows, and drive continuous improvement initiatives. You should be reliable, collaborative, and able to manage multiple tasks in parallel. Key skills include: A/B Testing, Python, Data Visualization, SQL, ETL, NumPy. You will join a supportive team with opportunities to learn and grow. Tags: student, junior, entry-level, career. You will help maintain documentation, track metrics, and support regular check-ins with the team.","['student', 'junior', 'career', 'entry-level']"
9365,Backend Developer (junior full-time),tech,Remote,junior full-time,corporate,"['Python', 'Git', 'APIs', 'Docker', 'SQL', 'Linux', 'Testing']","Backend Developer (junior full-time) role in the tech domain (junior full-time) at a corporate organization. Location: Remote. You will take ownership of tasks, communicate progress clearly, and help deliver high-quality outcomes on time. We value problem-solving, ownership, and the ability to work independently when needed. Key skills include: Linux, Python, Testing, Git, Docker, SQL. You will gain practical experience and build a strong foundation for your career. Tags: career, student, entry-level, junior. You will help maintain documentation, track metrics, and support regular check-ins with the team.","['student', 'junior', 'career', 'entry-level']"
7989,Junior Data Scientist (junior full-time),data,Remote (EU time),junior full-time,SMB,"['Excel', 'SQL', 'A/B Testing', 'Machine Learning', 'Data Visualization', 'ETL', 'Pandas']","Junior Data Scientist (junior full-time) role in the data domain (junior full-time) at a SMB organization. Location: Remote (EU time). You will take ownership of tasks, communicate progress clearly, and help deliver high-quality outcomes on time. We are looking for a proactive, detail-oriented candidate with strong communication skills. Key skills include: Pandas, A/B Testing, SQL, Excel, Machine Learning, ETL. You will gain practical experience and build a strong foundation for your career. Tags: career, junior, entry-level, student. You will help maintain documentation, track metrics, and support regular check-ins with the team.","['student', 'junior', 'career', 'entry-level']"
7731,Software Engineer (internship),tech,Hybrid - Tel Aviv,internship,corporate,"['Git', 'Docker', 'Linux', 'Testing', 'SQL', 'React', 'JavaScript']","Software Engineer (internship) role in the tech domain (internship) at a corporate organization. Location: Hybrid - Tel Aviv. You will help run operations, document workflows, and drive continuous improvement initiatives. You should be reliable, collaborative, and able to manage multiple tasks in parallel. Key skills include: JavaScript, Linux, Testing, Docker, Git, SQL. You will gain practical experience and build a strong foundation for your career. Tags: entry-level, student, junior, career. You will help maintain documentation, track metrics, and support regular check-ins with the team.","['student', 'junior', 'career', 'entry-level']"
4759,Data Analyst (internship),data,Remote (EU time),internship,SMB,"['NumPy', 'Pandas', 'Statistics', 'A/B Testing', 'Excel', 'Machine Learning', 'ETL']","Data Analyst (internship) role in the data domain (internship) at a SMB organization. Location: Remote (EU time). You will assist with planning and reporting, and ensure smooth collaboration across teams. We are looking for a proactive, detail-oriented candidate with strong communication skills. Key skills include: A/B Testing, Statistics, Machine Learning, NumPy, Pandas, ETL. You will join a supportive team with opportunities to learn and grow. Tags: career, entry-level, student, junior. You will help maintain documentation, track metrics, and support regular check-ins with the team.","['student', 'junior', 'career', 'entry-level']"
863,Data Analyst (junior full-time),data,Hybrid - Tel Aviv,junior full-time,startup,"['A/B Testing', 'Pandas', 'Excel', 'SQL', 'NumPy', 'Statistics', 'ETL']","Data Analyst (junior full-time) role in the data domain (junior full-time) at a startup organization. Location: Hybrid - Tel Aviv. You will assist with planning and reporting, and ensure smooth collaboration across teams. You should be reliable, collaborative, and able to manage multiple tasks in parallel. Key skills include: ETL, Statistics, SQL, Excel, NumPy, A/B Testing. This role offers hands-on experience in a dynamic environment and exposure to real business challenges. Tags: junior, career, entry-level, student. You will help maintain documentation, track metrics, and support regular check-ins with the team.","['student', 'junior', 'career', 'entry-level']"
4184,Junior Data Scientist (contract),data,Remote (EU time),contract,agency,"['Machine Learning', 'Pandas', 'Statistics', 'Python', 'A/B Testing', 'Data Visualization', 'Excel']","Junior Data Scientist (contract) role in the data domain (contract) at a agency organization. Location: Remote (EU time). You will support day-to-day execution, coordinate stakeholders, and contribute to process improvements. We value problem-solving, ownership, and the ability to work independently when needed. Key skills include: Excel, Python, Statistics, A/B Testing, Machine Learning, Pandas. You will work in a fast-paced setting with room to take initiative and make an impact. Tags: entry-level, student, junior, career. You will help maintain documentation, track metrics, and support regular check-ins with the team.","['student', 'junior', 'career', 'entry-level']"
6787,Backend Developer (contract),tech,Hybrid - Herzliya,contract,agency,"['Linux', 'JavaScript', 'React', 'Cloud', 'Python', 'Docker', 'APIs']","Backend Developer (contract) role in the tech domain (contract) at a agency organization. Location: Hybrid - Herzliya. You will help run operations, document workflows, and drive continuous improvement initiatives. You should be reliable, collaborative, and able to manage multiple tasks in parallel. Key skills include: JavaScript, Cloud, Linux, Docker, APIs, Python. This role offers hands-on experience in a dynamic environment and exposure to real business challenges. Tags: student, career, entry-level, junior. You will help maintain documentation, track metrics, and support regular check-ins with the team.","['student', 'junior', 'career', 'entry-level']"
7956,QA Engineer (junior full-time),tech,Remote,junior full-time,startup,"['Python', 'Git', 'Docker', 'React', 'Linux', 'APIs', 'SQL']","QA Engineer (junior full-time) role in the tech domain (junior full-time) at a startup organization. Location: Remote. You will work closely with cross-functional teams, analyze needs, and translate them into actionable steps. The ideal candidate is organized, curious, and comfortable learning new tools quickly. Key skills include: Python, React, Docker, SQL, Linux, APIs. You will join a supportive team with opportunities to learn and grow. Tags: entry-level, career, junior, student. You will help maintain documentation, track metrics, and support regular check-ins with the team.","['student', 'junior', 'career', 'entry-level']"
6674,BI Analyst (student part-time),data,On-site - Tel Aviv,student part-time,nonprofit,"['Excel', 'Statistics', 'Data Visualization', 'ETL', 'Pandas', 'NumPy', 'Machine Learning']","BI Analyst (student part-time) role in the data domain (student part-time) at a nonprofit organization. Location: On-site - Tel Aviv. You will support day-to-day execution, coordinate stakeholders, and contribute to process improvements. The ideal candidate is organized, curious, and comfortable learning new tools quickly. Key skills include: ETL, Statistics, Data Visualization, Pandas, Machine Learning, NumPy. You will join a supportive team with opportunities to learn and grow. Tags: career, student, entry-level, junior. You will help maintain documentation, track metrics, and support regular check-ins with the team.","['student', 'junior', 'career', 'entry-level']"
9491,Software Engineer (junior full-time),tech,On-site - Jerusalem,junior full-time,nonprofit,"['Docker', 'SQL', 'JavaScript', 'Cloud', 'React', 'Testing', 'Git']","Software Engineer (junior full-time) role in the tech domain (junior full-time) at a nonprofit organization. Location: On-site - Jerusalem. You will help run operations, document workflows, and drive continuous improvement initiatives. We value problem-solving, ownership, and the ability to work independently when needed. Key skills include: JavaScript, SQL, Git, Cloud, React, Testing. You will join a supportive team with opportunities to learn and grow. Tags: junior, student, entry-level, career. You will help maintain documentation, track metrics, and support regular check-ins with the team.","['student', 'junior', 'career', 'entry-level']"
8950,Backend Developer (internship),tech,Remote (EU time),internship,corporate,"['Cloud', 'Testing', 'Linux', 'Git', 'APIs', 'Python', 'SQL']","Backend Developer (internship) role in the tech domain (internship) at a corporate organization. Location: Remote (EU time). You will support day-to-day execution, coordinate stakeholders, and contribute to process improvements. We are looking for a proactive, detail-oriented candidate with strong communication skills. Key skills include: Linux, Cloud, SQL, Python, APIs, Testing. You will gain practical experience and build a strong foundation for your career. Tags: entry-level, career, junior, student. You will help maintain documentation, track metrics, and support regular check-ins with the team.","['student', 'junior', 'career', 'entry-level']"
1727,Frontend Developer (contract),tech,Hybrid - Herzliya,contract,corporate,"['APIs', 'Linux', 'JavaScript', 'Git', 'SQL', 'Cloud', 'Python']","Frontend Developer (contract) role in the tech domain (contract) at a corporate organization. Location: Hybrid - Herzliya. You will help run operations, document workflows, and drive continuous improvement initiatives. We are looking for a proactive, detail-oriented candidate with strong communication skills. Key skills include: Cloud, APIs, SQL, Linux, Git, Python. You will work in a fast-paced setting with room to take initiative and make an impact. Tags: career, entry-level, student, junior. You will help maintain documentation, track metrics, and support regular check-ins with the team.","['student', 'junior', 'career', 'entry-level']"
1812,QA Engineer (junior full-time),tech,On-site - Jerusalem,junior full-time,corporate,"['Cloud', 'JavaScript', 'SQL', 'Docker', 'Linux', 'Git', 'Python']","QA Engineer (junior full-time) role in the tech domain (junior full-time) at a corporate organization. Location: On-site - Jerusalem. You will work closely with cross-functional teams, analyze needs, and translate them into actionable steps. We value problem-solving, ownership, and the ability to work independently when needed. Key skills include: Git, SQL, JavaScript, Python, Linux, Docker. You will join a supportive team with opportunities to learn and grow. Tags: student, entry-level, career, junior. You will help maintain documentation, track metrics, and support regular check-ins with the team.","['student', 'junior', 'career', 'entry-level']"
2896,Software Engineer (student part-time),tech,Hybrid - Tel Aviv,student part-time,nonprofit,"['Git', 'Python', 'Linux', 'SQL', 'Cloud', 'Docker', 'JavaScript']","Software Engineer (student part-time) role in the tech domain (student part-time) at a nonprofit organization. Location: Hybrid - Tel Aviv. You will help run operations, document workflows, and drive continuous improvement initiatives. You should be reliable, collaborative, and able to manage multiple tasks in parallel. Key skills include: JavaScript, Git, Docker, Python, Linux, Cloud. This role offers hands-on experience in a dynamic environment and exposure to real business challenges. Tags: student, entry-level, junior, career. You will help maintain documentation, track metrics, and support regular check-ins with the team.","['student', 'junior', 'career', 'entry-level']"
3495,Frontend Developer (junior full-time),tech,Remote (EU time),junior full-time,startup,"['Linux', 'APIs', 'Testing', 'Python', 'Git', 'React', 'Cloud']","Frontend Developer (junior full-time) role in the tech domain (junior full-time) at a startup organization. Location: Remote (EU time). You will assist with planning and reporting, and ensure smooth collaboration across teams. You should be reliable, collaborative, and able to manage multiple tasks in parallel. Key skills include: APIs, React, Git, Python, Testing, Linux. This role offers hands-on experience in a dynamic environment and exposure to real business challenges. Tags: entry-level, student, career, junior. You will help maintain documentation, track metrics, and support regular check-ins with the team.","['student', 'junior', 'career', 'entry-level']"
1784,Data Analyst (contract),data,Hybrid - Tel Aviv,contract,agency,"['ETL', 'Machine Learning', 'Data Visualization', 'Statistics', 'Python', 'Excel', 'SQL']","Data Analyst (contract) role in the data domain (contract) at a agency organization. Location: Hybrid - Tel Aviv. You will take ownership of tasks, communicate progress clearly, and help deliver high-quality outcomes on time. We value problem-solving, ownership, and the ability to work independently when needed. Key skills include: Statistics, Python, Excel, Data Visualization, ETL, SQL. You will work in a fast-paced setting with room to take initiative and make an impact. Tags: career, entry-level, student, junior. You will help maintain documentation, track metrics, and support regular check-ins with the team.","['student', 'junior', 'career', 'entry-level']"
8882,QA Engineer (student part-time),tech,Remote,student part-time,nonprofit,"['APIs', 'SQL', 'Cloud', 'Docker', 'Linux', 'JavaScript', 'React']","QA Engineer (student part-time) role in the tech domain (student part-time) at a nonprofit organization. Location: Remote. You will assist with planning and reporting, and ensure smooth collaboration across teams. The ideal candidate is organized, curious, and comfortable learning new tools quickly. Key skills include: APIs, SQL, Linux, JavaScript, React, Cloud. This role offers hands-on experience in a dynamic environment and exposure to real business challenges. Tags: student, career, entry-level, junior. You will help maintain documentation, track metrics, and support regular check-ins with the team.","['student', 'junior', 'career', 'entry-level']"
6366,BI Analyst (internship),data,Remote (EU time),internship,agency,"['Excel', 'Data Visualization', 'Python', 'Machine Learning', 'Pandas', 'A/B Testing', 'SQL']","BI Analyst (internship) role in the data domain (internship) at a agency organization. Location: Remote (EU time). You will take ownership of tasks, communicate progress clearly, and help deliver high-quality outcomes on time. You should be reliable, collaborative, and able to manage multiple tasks in parallel. Key skills include: Excel, Pandas, Machine Learning, A/B Testing, Data Visualization, Python. This role offers hands-on experience in a dynamic environment and exposure to real business challenges. Tags: junior, student, career, entry-level. You will help maintain documentation, track metrics, and support regular check-ins with the team.","['student', 'junior', 'career', 'entry-level']"
5635,Software Engineer (junior full-time),tech,Hybrid - Tel Aviv,junior full-time,corporate,"['Cloud', 'Linux', 'Python', 'Docker', 'Testing', 'JavaScript', 'SQL']","Software Engineer (junior full-time) role in the tech domain (junior full-time) at a corporate organization. Location: Hybrid - Tel Aviv. You will assist with planning and reporting, and ensure smooth collaboration across teams. We are looking for a proactive, detail-oriented candidate with strong communication skills. Key skills include: Python, Testing, Cloud, SQL, JavaScript, Linux. This role offers hands-on experience in a dynamic environment and exposure to real business challenges. Tags: career, student, entry-level, junior. You will help maintain documentation, track metrics, and support regular check-ins with the team.","['student', 'junior', 'career', 'entry-level']"
5003,Junior Data Scientist (junior full-time),data,Remote,junior full-time,corporate,"['Python', 'ETL', 'Machine Learning', 'SQL', 'A/B Testing', 'NumPy', 'Statistics']","Junior Data Scientist (junior full-time) role in the data domain (junior full-time) at a corporate organization. Location: Remote. You will assist with planning and reporting, and ensure smooth collaboration across teams. The ideal candidate is organized, curious, and comfortable learning new tools quickly. Key skills include: A/B Testing, Machine Learning, Statistics, ETL, SQL, NumPy. You will work in a fast-paced setting with room to take initiative and make an impact. Tags: junior, career, student, entry-level. You will help maintain documentation, track metrics, and support regular check-ins with the team.","['student', 'junior', 'career', 'entry-level']"
785,BI Analyst (internship),data,On-site - Tel Aviv,internship,corporate,"['NumPy', 'SQL', 'Data Visualization', 'Pandas', 'A/B Testing', 'Machine Learning', 'ETL']","BI Analyst (internship) role in the data domain (internship) at a corporate organization. Location: On-site - Tel Aviv. You will work closely with cross-functional teams, analyze needs, and translate them into actionable steps. The ideal candidate is organized, curious, and comfortable learning new tools quickly. Key skills include: ETL, SQL, Data Visualization, A/B Testing, Pandas, Machine Learning. You will join a supportive team with opportunities to learn and grow. Tags: junior, career, student, entry-level. You will help maintain documentation, track metrics, and support regular check-ins with the team.","['student', 'junior', 'career', 'entry-level']"
3478,BI Analyst (internship),data,On-site - Jerusalem,internship,startup,"['Pandas', 'Excel', 'Python', 'ETL', 'NumPy', 'SQL', 'Data Visualization']","BI Analyst (internship) role in the data domain (internship) at a startup organization. Location: On-site - Jerusalem. You will support day-to-day execution, coordinate stakeholders, and contribute to process improvements. The ideal candidate is organized, curious, and comfortable learning new tools quickly. Key skills include: Data Visualization, ETL, Excel, SQL, Pandas, NumPy. This role offers hands-on experience in a dynamic environment and exposure to real business challenges. Tags: junior, student, entry-level, career. You will help maintain documentation, track metrics, and support regular check-ins with the team.","['student', 'junior', 'career', 'entry-level']"
5241,Junior Data Scientist (internship),data,Hybrid - Tel Aviv,internship,nonprofit,"['SQL', 'Statistics', 'Data Visualization', 'ETL', 'Python', 'NumPy', 'Pandas']","Junior Data Scientist (internship) role in the data domain (internship) at a nonprofit organization. Location: Hybrid - Tel Aviv. You will help run operations, document workflows, and drive continuous improvement initiatives. We value problem-solving, ownership, and the ability to work independently when needed. Key skills include: NumPy, SQL, Python, ETL, Pandas, Data Visualization. This role offers hands-on experience in a dynamic environment and exposure to real business challenges. Tags: career, junior, student, entry-level. You will help maintain documentation, track metrics, and support regular check-ins with the team.","['student', 'junior', 'career', 'entry-level']"
3558,Junior Data Scientist (student part-time),data,Remote,student part-time,nonprofit,"['A/B Testing', 'SQL', 'Machine Learning', 'Data Visualization', 'ETL', 'Pandas', 'Excel']","Junior Data Scientist (student part-time) role in the data domain (student part-time) at a nonprofit organization. Location: Remote. You will take ownership of tasks, communicate progress clearly, and help deliver high-quality outcomes on time. You should be reliable, collaborative, and able to manage multiple tasks in parallel. Key skills include: Machine Learning, A/B Testing, SQL, Excel, Data Visualization, ETL. You will work in a fast-paced setting with room to take initiative and make an impact. Tags: career, student, entry-level, junior.","['student', 'junior', 'career', 'entry-level']"
3577,Junior Data Scientist (contract),data,Hybrid - Tel Aviv,contract,corporate,"['Data Visualization', 'Statistics', 'Excel', 'Machine Learning', 'Python', 'Pandas', 'A/B Testing']","Junior Data Scientist (contract) role in the data domain (contract) at a corporate organization. Location: Hybrid - Tel Aviv. You will support day-to-day execution, coordinate stakeholders, and contribute to process improvements. The ideal candidate is organized, curious, and comfortable learning new tools quickly. Key skills include: Python, Statistics, Excel, Data Visualization, A/B Testing, Machine Learning. You will work in a fast-paced setting with room to take initiative and make an impact. Tags: student, entry-level, career, junior. You will help maintain documentation, track metrics, and support regular check-ins with the team.","['student', 'junior', 'career', 'entry-level']"
1724,Junior Data Scientist (contract),data,Hybrid - Herzliya,contract,startup,"['A/B Testing', 'Python', 'Machine Learning', 'Data Visualization', 'Statistics', 'SQL', 'NumPy']","Junior Data Scientist (contract) role in the data domain (contract) at a startup organization. Location: Hybrid - Herzliya. You will assist with planning and reporting, and ensure smooth collaboration across teams. We value problem-solving, ownership, and the ability to work independently when needed. Key skills include: SQL, Statistics, Machine Learning, Data Visualization, NumPy, A/B Testing. You will join a supportive team with opportunities to learn and grow. Tags: junior, student, entry-level, career. You will help maintain documentation, track metrics, and support regular check-ins with the team.","['student', 'junior', 'career', 'entry-level']"
2799,Frontend Developer (junior full-time),tech,On-site - Jerusalem,junior full-time,startup,"['Docker', 'Linux', 'JavaScript', 'React', 'APIs', 'Git', 'SQL']","Frontend Developer (junior full-time) role in the tech domain (junior full-time) at a startup organization. Location: On-site - Jerusalem. You will take ownership of tasks, communicate progress clearly, and help deliver high-quality outcomes on time. We value problem-solving, ownership, and the ability to work independently when needed. Key skills include: JavaScript, SQL, React, Git, Linux, APIs. You will work in a fast-paced setting with room to take initiative and make an impact. Tags: student, junior, entry-level, career. You will help maintain documentation, track metrics, and support regular check-ins with the team.","['student', 'junior', 'career', 'entry-level']"
44,QA Engineer (contract),tech,Remote,contract,corporate,"['React', 'Testing', 'Linux', 'Python', 'Git', 'JavaScript', 'Docker']","QA Engineer (contract) role in the tech domain (contract) at a corporate organization. Location: Remote. You will work closely with cross-functional teams, analyze needs, and translate them into actionable steps. The ideal candidate is organized, curious, and comfortable learning new tools quickly. Key skills include: Testing, React, Git, Python, Linux, JavaScript. You will work in a fast-paced setting with room to take initiative and make an impact. Tags: entry-level, student, junior, career. You will help maintain documentation, track metrics, and support regular check-ins with the team.","['student', 'junior', 'career', 'entry-level']"
2104,Backend Developer (contract),tech,On-site - Jerusalem,contract,agency,"['React', 'Linux', 'Python', 'JavaScript', 'SQL', 'APIs', 'Testing']","Backend Developer (contract) role in the tech domain (contract) at a agency organization. Location: On-site - Jerusalem. You will help run operations, document workflows, and drive continuous improvement initiatives. We are looking for a proactive, detail-oriented candidate with strong communication skills. Key skills include: Testing, Python, JavaScript, APIs, Linux, SQL. You will work in a fast-paced setting with room to take initiative and make an impact. Tags: student, junior, entry-level, career. You will help maintain documentation, track metrics, and support regular check-ins with the team.","['student', 'junior', 'career', 'entry-level']"
7446,Data Analyst (junior full-time),data,Remote (EU time),junior full-time,SMB,"['Pandas', 'Statistics', 'ETL', 'NumPy', 'SQL', 'Machine Learning', 'Python']","Data Analyst (junior full-time) role in the data domain (junior full-time) at a SMB organization. Location: Remote (EU time). You will assist with planning and reporting, and ensure smooth collaboration across teams. You should be reliable, collaborative, and able to manage multiple tasks in parallel. Key skills include: Machine Learning, ETL, NumPy, Pandas, SQL, Python. This role offers hands-on experience in a dynamic environment and exposure to real business challenges. Tags: entry-level, junior, career, student. You will help maintain documentation, track metrics, and support regular check-ins with the team.","['student', 'junior', 'career', 'entry-level']"
7148,QA Engineer (contract),tech,On-site - Jerusalem,contract,SMB,"['APIs', 'Docker', 'Testing', 'Linux', 'Python', 'Cloud', 'React']","QA Engineer (contract) role in the tech domain (contract) at a SMB organization. Location: On-site - Jerusalem. You will take ownership of tasks, communicate progress clearly, and help deliver high-quality outcomes on time. We value problem-solving, ownership, and the ability to work independently when needed. Key skills include: Docker, APIs, React, Cloud, Testing, Python. You will work in a fast-paced setting with room to take initiative and make an impact. Tags: entry-level, junior, student, career. You will help maintain documentation, track metrics, and support regular check-ins with the team.","['student', 'junior', 'career', 'entry-level']"
4254,BI Analyst (contract),data,Remote (EU time),contract,SMB,"['A/B Testing', 'SQL', 'Excel', 'Pandas', 'Statistics', 'Data Visualization', 'Python']","BI Analyst (contract) role in the data domain (contract) at a SMB organization. Location: Remote (EU time). You will take ownership of tasks, communicate progress clearly, and help deliver high-quality outcomes on time. We value problem-solving, ownership, and the ability to work independently when needed. Key skills include: Pandas, A/B Testing, Python, SQL, Excel, Data Visualization. You will work in a fast-paced setting with room to take initiative and make an impact. Tags: career, entry-level, student, junior. You will help maintain documentation, track metrics, and support regular check-ins with the team.","['student', 'junior', 'career', 'entry-level']"
6410,Junior Data Scientist (internship),data,On-site - Tel Aviv,internship,SMB,"['Pandas', 'A/B Testing', 'Data Visualization', 'NumPy', 'Machine Learning', 'Python', 'SQL']","Junior Data Scientist (internship) role in the data domain (internship) at a SMB organization. Location: On-site - Tel Aviv. You will support day-to-day execution, coordinate stakeholders, and contribute to process improvements. The ideal candidate is organized, curious, and comfortable learning new tools quickly. Key skills include: A/B Testing, SQL, Pandas, Machine Learning, Data Visualization, Python. You will join a supportive team with opportunities to learn and grow. Tags: junior, student, career, entry-level. You will help maintain documentation, track metrics, and support regular check-ins with the team.","['student', 'junior', 'career', 'entry-level']"
5196,BI Analyst (student part-time),data,Hybrid - Herzliya,student part-time,SMB,"['SQL', 'ETL', 'NumPy', 'Pandas', 'Statistics', 'Machine Learning', 'Data Visualization']","BI Analyst (student part-time) role in the data domain (student part-time) at a SMB organization. Location: Hybrid - Herzliya. You will support day-to-day execution, coordinate stakeholders, and contribute to process improvements. We value problem-solving, ownership, and the ability to work independently when needed. Key skills include: Data Visualization, Pandas, NumPy, Machine Learning, SQL, ETL. This role offers hands-on experience in a dynamic environment and exposure to real business challenges. Tags: student, career, entry-level, junior. You will help maintain documentation, track metrics, and support regular check-ins with the team.","['student', 'junior', 'career', 'entry-level']"
18,Frontend Developer (internship),tech,Hybrid - Herzliya,internship,SMB,"['SQL', 'Git', 'Linux', 'JavaScript', 'Testing', 'Docker', 'Cloud']","Frontend Developer (internship) role in the tech domain (internship) at a SMB organization. Location: Hybrid - Herzliya. You will help run operations, document workflows, and drive continuous improvement initiatives. We value problem-solving, ownership, and the ability to work independently when needed. Key skills include: Testing, Linux, SQL, Git, Docker, JavaScript. This role offers hands-on experience in a dynamic environment and exposure to real business challenges. Tags: student, career, junior, entry-level. You will help maintain documentation, track metrics, and support regular check-ins with the team.","['student', 'junior', 'career', 'entry-level']"
1240,Frontend Developer (contract),tech,Hybrid - Herzliya,contract,agency,"['Cloud', 'Testing', 'Python', 'SQL', 'APIs', 'Docker', 'Linux']","Frontend Developer (contract) role in the tech domain (contract) at a agency organization. Location: Hybrid - Herzliya. You will support day-to-day execution, coordinate stakeholders, and contribute to process improvements. The ideal candidate is organized, curious, and comfortable learning new tools quickly. Key skills include: Python, Linux, APIs, Docker, Cloud, SQL. You will gain practical experience and build a strong foundation for your career. Tags: junior, student, entry-level, career. You will help maintain documentation, track metrics, and support regular check-ins with the team.","['student', 'junior', 'career', 'entry-level']"
5082,Backend Developer (junior full-time),tech,On-site - Jerusalem,junior full-time,nonprofit,"['APIs', 'Docker', 'Testing', 'Linux', 'SQL', 'Cloud', 'Git']","Backend Developer (junior full-time) role in the tech domain (junior full-time) at a nonprofit organization. Location: On-site - Jerusalem. You will work closely with cross-functional teams, analyze needs, and translate them into actionable steps. The ideal candidate is organized, curious, and comfortable learning new tools quickly. Key skills include: APIs, Cloud, Git, Docker, Linux, SQL. You will gain practical experience and build a strong foundation for your career. Tags: career, entry-level, student, junior. You will help maintain documentation, track metrics, and support regular check-ins with the team.","['student', 'junior', 'career', 'entry-level']"
5538,Software Engineer (internship),tech,Hybrid - Herzliya,internship,nonprofit,"['SQL', 'Linux', 'Docker', 'Cloud', 'Testing', 'Python', 'Git']","Software Engineer (internship) role in the tech domain (internship) at a nonprofit organization. Location: Hybrid - Herzliya. You will work closely with cross-functional teams, analyze needs, and translate them into actionable steps. We value problem-solving, ownership, and the ability to work independently when needed. Key skills include: Cloud, Python, Git, SQL, Docker, Linux. You will work in a fast-paced setting with room to take initiative and make an impact. Tags: junior, career, student, entry-level. You will help maintain documentation, track metrics, and support regular check-ins with the team.","['student', 'junior', 'career', 'entry-level']"
4746,Backend Developer (contract),tech,Remote,contract,nonprofit,"['SQL', 'Linux', 'Python', 'JavaScript', 'APIs', 'Testing', 'React']","Backend Developer (contract) role in the tech domain (contract) at a nonprofit organization. Location: Remote. You will take ownership of tasks, communicate progress clearly, and help deliver high-quality outcomes on time. We are looking for a proactive, detail-oriented candidate with strong communication skills. Key skills include: JavaScript, Python, SQL, React, Testing, APIs. You will work in a fast-paced setting with room to take initiative and make an impact. Tags: entry-level, junior, student, career. You will help maintain documentation, track metrics, and support regular check-ins with the team.","['student', 'junior', 'career', 'entry-level']"
9915,QA Engineer (internship),tech,Hybrid - Herzliya,internship,SMB,"['JavaScript', 'Linux', 'Docker', 'Testing', 'Python', 'React', 'Cloud']","QA Engineer (internship) role in the tech domain (internship) at a SMB organization. Location: Hybrid - Herzliya. You will support day-to-day execution, coordinate stakeholders, and contribute to process improvements. You should be reliable, collaborative, and able to manage multiple tasks in parallel. Key skills include: Linux, Cloud, JavaScript, Python, Docker, React. You will join a supportive team with opportunities to learn and grow. Tags: entry-level, junior, career, student. You will help maintain documentation, track metrics, and support regular check-ins with the team.","['student', 'junior', 'career', 'entry-level']"
8319,BI Analyst (junior full-time),data,Hybrid - Herzliya,junior full-time,corporate,"['A/B Testing', 'Python', 'Machine Learning', 'Pandas', 'ETL', 'Excel', 'Statistics']","BI Analyst (junior full-time) role in the data domain (junior full-time) at a corporate organization. Location: Hybrid - Herzliya. You will work closely with cross-functional teams, analyze needs, and translate them into actionable steps. We are looking for a proactive, detail-oriented candidate with strong communication skills. Key skills include: Pandas, Excel, ETL, Python, Statistics, A/B Testing. You will work in a fast-paced setting with room to take initiative and make an impact. Tags: student, career, junior, entry-level. You will help maintain documentation, track metrics, and support regular check-ins with the team.","['student', 'junior', 'career', 'entry-level']"
2382,Junior Data Scientist (internship),data,On-site - Tel Aviv,internship,SMB,"['Python', 'Excel', 'A/B Testing', 'Machine Learning', 'ETL', 'SQL', 'Pandas']","Junior Data Scientist (internship) role in the data domain (internship) at a SMB organization. Location: On-site - Tel Aviv. You will assist with planning and reporting, and ensure smooth collaboration across teams. We are looking for a proactive, detail-oriented candidate with strong communication skills. Key skills include: Excel, SQL, ETL, Machine Learning, Python, A/B Testing. This role offers hands-on experience in a dynamic environment and exposure to real business challenges. Tags: career, entry-level, junior, student. You will help maintain documentation, track metrics, and support regular check-ins with the team.","['student', 'junior', 'career', 'entry-level']"
8561,Junior Data Scientist (junior full-time),data,Hybrid - Tel Aviv,junior full-time,startup,"['NumPy', 'ETL', 'Excel', 'Pandas', 'Data Visualization', 'Machine Learning', 'SQL']","Junior Data Scientist (junior full-time) role in the data domain (junior full-time) at a startup organization. Location: Hybrid - Tel Aviv. You will assist with planning and reporting, and ensure smooth collaboration across teams. You should be reliable, collaborative, and able to manage multiple tasks in parallel. Key skills include: NumPy, Pandas, SQL, Excel, Machine Learning, Data Visualization. This role offers hands-on experience in a dynamic environment and exposure to real business challenges. Tags: junior, student, career, entry-level. You will help maintain documentation, track metrics, and support regular check-ins with the team.","['student', 'junior', 'career', 'entry-level']"
7992,BI Analyst (contract),data,On-site - Tel Aviv,contract,agency,"['Excel', 'Statistics', 'Pandas', 'SQL', 'A/B Testing', 'ETL', 'Data Visualization']","BI Analyst (contract) role in the data domain (contract) at a agency organization. Location: On-site - Tel Aviv. You will take ownership of tasks, communicate progress clearly, and help deliver high-quality outcomes on time. The ideal candidate is organized, curious, and comfortable learning new tools quickly. Key skills include: SQL, Statistics, Excel, ETL, Data Visualization, Pandas. You will join a supportive team with opportunities to learn and grow. Tags: junior, student, career, entry-level. You will help maintain documentation, track metrics, and support regular check-ins with the team.","['student', 'junior', 'career', 'entry-level']"
8922,Junior Data Scientist (contract),data,Remote (EU time),contract,agency,"['Data Visualization', 'Machine Learning', 'Excel', 'ETL', 'SQL', 'Python', 'NumPy']","Junior Data Scientist (contract) role in the data domain (contract) at a agency organization. Location: Remote (EU time). You will assist with planning and reporting, and ensure smooth collaboration across teams. We are looking for a proactive, detail-oriented candidate with strong communication skills. Key skills include: Excel, NumPy, SQL, Machine Learning, Python, ETL. You will gain practical experience and build a strong foundation for your career. Tags: student, career, entry-level, junior. You will help maintain documentation, track metrics, and support regular check-ins with the team.","['student', 'junior', 'career', 'entry-level']"
305,QA Engineer (contract),tech,Remote (EU time),contract,SMB,"['Python', 'React', 'APIs', 'Docker', 'Git', 'JavaScript', 'Cloud']","QA Engineer (contract) role in the tech domain (contract) at a SMB organization. Location: Remote (EU time). You will assist with planning and reporting, and ensure smooth collaboration across teams. We value problem-solving, ownership, and the ability to work independently when needed. Key skills include: JavaScript, Docker, React, Cloud, APIs, Python. This role offers hands-on experience in a dynamic environment and exposure to real business challenges. Tags: student, junior, career, entry-level. You will help maintain documentation, track metrics, and support regular check-ins with the team.","['student', 'junior', 'career', 'entry-level']"
9595,QA Engineer (student part-time),tech,Hybrid - Herzliya,student part-time,SMB,"['APIs', 'Linux', 'Python', 'JavaScript', 'React', 'Cloud', 'Testing']","QA Engineer (student part-time) role in the tech domain (student part-time) at a SMB organization. Location: Hybrid - Herzliya. You will help run operations, document workflows, and drive continuous improvement initiatives. You should be reliable, collaborative, and able to manage multiple tasks in parallel. Key skills include: React, APIs, Testing, Cloud, JavaScript, Linux. This role offers hands-on experience in a dynamic environment and exposure to real business challenges. Tags: junior, entry-level, career, student. You will help maintain documentation, track metrics, and support regular check-ins with the team.","['student', 'junior', 'career', 'entry-level']"
7264,Data Analyst (student part-time),data,Remote,student part-time,agency,"['ETL', 'SQL', 'A/B Testing', 'Statistics', 'NumPy', 'Data Visualization', 'Excel']","Data Analyst (student part-time) role in the data domain (student part-time) at a agency organization. Location: Remote. You will assist with planning and reporting, and ensure smooth collaboration across teams. We are looking for a proactive, detail-oriented candidate with strong communication skills. Key skills include: ETL, Excel, A/B Testing, Data Visualization, NumPy, Statistics. This role offers hands-on experience in a dynamic environment and exposure to real business challenges. Tags: student, career, junior, entry-level. You will help maintain documentation, track metrics, and support regular check-ins with the team.","['student', 'junior', 'career', 'entry-level']"
4018,Frontend Developer (internship),tech,Hybrid - Herzliya,internship,SMB,"['SQL', 'Git', 'Linux', 'JavaScript', 'Testing', 'Docker', 'Cloud']","Frontend Developer (internship) role in the tech domain (internship) at a SMB organization. Location: Hybrid - Herzliya. You will support day-to-day execution, coordinate stakeholders, and contribute to process improvements. The ideal candidate is organized, curious, and comfortable learning new tools quickly. Key skills include: Git, JavaScript, Docker, Linux, SQL, Testing. This role offers hands-on experience in a dynamic environment and exposure to real business challenges. Tags: career, student, junior, entry-level. You will help maintain documentation, track metrics, and support regular check-ins with the team.","['student', 'junior', 'career', 'entry-level']"
8648,Frontend Developer (internship),tech,On-site - Tel Aviv,internship,nonprofit,"['SQL', 'JavaScript', 'Python', 'Cloud', 'Docker', 'Testing', 'Git']","Frontend Developer (internship) role in the tech domain (internship) at a nonprofit organization. Location: On-site - Tel Aviv. You will take ownership of tasks, communicate progress clearly, and help deliver high-quality outcomes on time. You should be reliable, collaborative, and able to manage multiple tasks in parallel. Key skills include: Testing, SQL, Python, Cloud, JavaScript, Git. You will work in a fast-paced setting with room to take initiative and make an impact. Tags: entry-level, student, career, junior. You will help maintain documentation, track metrics, and support regular check-ins with the team.","['student', 'junior', 'career', 'entry-level']"
8153,Data Analyst (junior full-time),data,Remote (EU time),junior full-time,agency,"['Pandas', 'Statistics', 'Python', 'ETL', 'SQL', 'Data Visualization', 'Machine Learning']","Data Analyst (junior full-time) role in the data domain (junior full-time) at a agency organization. Location: Remote (EU time). You will work closely with cross-functional teams, analyze needs, and translate them into actionable steps. You should be reliable, collaborative, and able to manage multiple tasks in parallel. Key skills include: Statistics, Pandas, SQL, Data Visualization, Python, ETL. You will work in a fast-paced setting with room to take initiative and make an impact. Tags: entry-level, career, student, junior. You will help maintain documentation, track metrics, and support regular check-ins with the team.","['student', 'junior', 'career', 'entry-level']"
5046,Data Analyst (junior full-time),data,Remote (EU time),junior full-time,corporate,"['Data Visualization', 'ETL', 'NumPy', 'SQL', 'Python', 'Pandas', 'Statistics']","Data Analyst (junior full-time) role in the data domain (junior full-time) at a corporate organization. Location: Remote (EU time). You will support day-to-day execution, coordinate stakeholders, and contribute to process improvements. We value problem-solving, ownership, and the ability to work independently when needed. Key skills include: Pandas, Data Visualization, Statistics, ETL, Python, SQL. This role offers hands-on experience in a dynamic environment and exposure to real business challenges. Tags: junior, entry-level, career, student. You will help maintain documentation, track metrics, and support regular check-ins with the team.","['student', 'junior', 'career', 'entry-level']"
1055,Backend Developer (junior full-time),tech,Hybrid - Herzliya,junior full-time,nonprofit,"['Docker', 'APIs', 'Linux', 'React', 'Git', 'Python', 'JavaScript']","Backend Developer (junior full-time) role in the tech domain (junior full-time) at a nonprofit organization. Location: Hybrid - Herzliya. You will work closely with cross-functional teams, analyze needs, and translate them into actionable steps. You should be reliable, collaborative, and able to manage multiple tasks in parallel. Key skills include: Git, Docker, React, JavaScript, Linux, APIs. You will gain practical experience and build a strong foundation for your career. Tags: student, entry-level, career, junior. You will help maintain documentation, track metrics, and support regular check-ins with the team.","['student', 'junior', 'career', 'entry-level']"
4863,Data Analyst (junior full-time),data,Hybrid - Tel Aviv,junior full-time,startup,"['A/B Testing', 'Pandas', 'Excel', 'SQL', 'NumPy', 'Statistics', 'ETL']","Data Analyst (junior full-time) role in the data domain (junior full-time) at a startup organization. Location: Hybrid - Tel Aviv. You will work closely with cross-functional teams, analyze needs, and translate them into actionable steps. You should be reliable, collaborative, and able to manage multiple tasks in parallel. Key skills include: Statistics, ETL, NumPy, A/B Testing, Pandas, Excel. This role offers hands-on experience in a dynamic environment and exposure to real business challenges. Tags: career, entry-level, junior, student. You will help maintain documentation, track metrics, and support regular check-ins with the team.","['student', 'junior', 'career', 'entry-level']"
9510,Backend Developer (internship),tech,On-site - Tel Aviv,internship,startup,"['Linux', 'Cloud', 'Git', 'React', 'SQL', 'Python', 'JavaScript']","Backend Developer (internship) role in the tech domain (internship) at a startup organization. Location: On-site - Tel Aviv. You will help run operations, document workflows, and drive continuous improvement initiatives. You should be reliable, collaborative, and able to manage multiple tasks in parallel. Key skills include: SQL, Linux, Git, Cloud, JavaScript, React. You will join a supportive team with opportunities to learn and grow. Tags: career, student, entry-level, junior. You will help maintain documentation, track metrics, and support regular check-ins with the team.","['student', 'junior', 'career', 'entry-level']"
7697,Data Analyst (junior full-time),data,Hybrid - Herzliya,junior full-time,SMB,"['SQL', 'Statistics', 'A/B Testing', 'Python', 'Data Visualization', 'Machine Learning', 'Pandas']","Data Analyst (junior full-time) role in the data domain (junior full-time) at a SMB organization. Location: Hybrid - Herzliya. You will assist with planning and reporting, and ensure smooth collaboration across teams. We value problem-solving, ownership, and the ability to work independently when needed. Key skills include: A/B Testing, Python, Data Visualization, Pandas, Machine Learning, Statistics. You will join a supportive team with opportunities to learn and grow. Tags: junior, student, entry-level, career. You will help maintain documentation, track metrics, and support regular check-ins with the team.","['student', 'junior', 'career', 'entry-level']"
5056,Frontend Developer (student part-time),tech,Hybrid - Herzliya,student part-time,SMB,"['Python', 'JavaScript', 'SQL', 'Docker', 'React', 'Git', 'APIs']","Frontend Developer (student part-time) role in the tech domain (student part-time) at a SMB organization. Location: Hybrid - Herzliya. You will assist with planning and reporting, and ensure smooth collaboration across teams. You should be reliable, collaborative, and able to manage multiple tasks in parallel. Key skills include: Git, React, APIs, Python, SQL, JavaScript. You will join a supportive team with opportunities to learn and grow. Tags: student, junior, entry-level, career. You will help maintain documentation, track metrics, and support regular check-ins with the team.","['student', 'junior', 'career', 'entry-level']"
38,BI Analyst (junior full-time),data,Hybrid - Tel Aviv,junior full-time,startup,"['Data Visualization', 'Python', 'NumPy', 'Pandas', 'ETL', 'A/B Testing', 'Excel']","BI Analyst (junior full-time) role in the data domain (junior full-time) at a startup organization. Location: Hybrid - Tel Aviv. You will assist with planning and reporting, and ensure smooth collaboration across teams. You should be reliable, collaborative, and able to manage multiple tasks in parallel. Key skills include: Excel, Pandas, Data Visualization, Python, ETL, NumPy. You will gain practical experience and build a strong foundation for your career. Tags: junior, student, career, entry-level. You will help maintain documentation, track metrics, and support regular check-ins with the team.","['student', 'junior', 'career', 'entry-level']"
8592,Backend Developer (junior full-time),tech,On-site - Tel Aviv,junior full-time,SMB,"['Linux', 'Testing', 'JavaScript', 'Docker', 'Cloud', 'React', 'Python']","Backend Developer (junior full-time) role in the tech domain (junior full-time) at a SMB organization. Location: On-site - Tel Aviv. You will assist with planning and reporting, and ensure smooth collaboration across teams. We are looking for a proactive, detail-oriented candidate with strong communication skills. Key skills include: Docker, Cloud, JavaScript, Testing, Python, Linux. You will work in a fast-paced setting with room to take initiative and make an impact. Tags: student, career, junior, entry-level. You will help maintain documentation, track metrics, and support regular check-ins with the team.","['student', 'junior', 'career', 'entry-level']"
1823,QA Engineer (student part-time),tech,On-site - Tel Aviv,student part-time,agency,"['SQL', 'JavaScript', 'Testing', 'Git', 'Python', 'React', 'Cloud']","QA Engineer (student part-time) role in the tech domain (student part-time) at a agency organization. Location: On-site - Tel Aviv. You will work closely with cross-functional teams, analyze needs, and translate them into actionable steps. We are looking for a proactive, detail-oriented candidate with strong communication skills. Key skills include: Git, Python, JavaScript, Cloud, SQL, React. This role offers hands-on experience in a dynamic environment and exposure to real business challenges. Tags: career, junior, entry-level, student. You will help maintain documentation, track metrics, and support regular check-ins with the team.","['student', 'junior', 'career', 'entry-level']"
1946,BI Analyst (student part-time),data,Hybrid - Herzliya,student part-time,SMB,"['SQL', 'Python', 'Pandas', 'Excel', 'A/B Testing', 'NumPy', 'Statistics']","BI Analyst (student part-time) role in the data domain (student part-time) at a SMB organization. Location: Hybrid - Herzliya. You will help run operations, document workflows, and drive continuous improvement initiatives. We are looking for a proactive, detail-oriented candidate with strong communication skills. Key skills include: Pandas, A/B Testing, Python, Excel, Statistics, NumPy. You will join a supportive team with opportunities to learn and grow. Tags: junior, career, student, entry-level. You will help maintain documentation, track metrics, and support regular check-ins with the team.","['student', 'junior', 'career', 'entry-level']"
6236,Backend Developer (student part-time),tech,On-site - Jerusalem,student part-time,agency,"['JavaScript', 'Docker', 'Testing', 'Cloud', 'Python', 'APIs', 'SQL']","Backend Developer (student part-time) role in the tech domain (student part-time) at a agency organization. Location: On-site - Jerusalem. You will work closely with cross-functional teams, analyze needs, and translate them into actionable steps. The ideal candidate is organized, curious, and comfortable learning new tools quickly. Key skills include: Testing, Cloud, JavaScript, SQL, Python, Docker. You will work in a fast-paced setting with room to take initiative and make an impact. Tags: entry-level, junior, career, student. You will help maintain documentation, track metrics, and support regular check-ins with the team.","['student', 'junior', 'career', 'entry-level']"
2411,Backend Developer (junior full-time),tech,Hybrid - Herzliya,junior full-time,SMB,"['Git', 'Docker', 'React', 'Python', 'Cloud', 'Linux', 'SQL']","Backend Developer (junior full-time) role in the tech domain (junior full-time) at a SMB organization. Location: Hybrid - Herzliya. You will work closely with cross-functional teams, analyze needs, and translate them into actionable steps. We value problem-solving, ownership, and the ability to work independently when needed. Key skills include: React, Docker, Python, SQL, Git, Linux. You will join a supportive team with opportunities to learn and grow. Tags: career, entry-level, junior, student. You will help maintain documentation, track metrics, and support regular check-ins with the team.","['student', 'junior', 'career', 'entry-level']"
5761,Junior Data Scientist (internship),data,On-site - Jerusalem,internship,startup,"['Data Visualization', 'Excel', 'Python', 'ETL', 'Statistics', 'NumPy', 'Machine Learning']","Junior Data Scientist (internship) role in the data domain (internship) at a startup organization. Location: On-site - Jerusalem. You will support day-to-day execution, coordinate stakeholders, and contribute to process improvements. We value problem-solving, ownership, and the ability to work independently when needed. Key skills include: Excel, ETL, Machine Learning, Data Visualization, Python, NumPy. This role offers hands-on experience in a dynamic environment and exposure to real business challenges. Tags: student, junior, entry-level, career. You will help maintain documentation, track metrics, and support regular check-ins with the team.","['student', 'junior', 'career', 'entry-level']"
4566,Software Engineer (student part-time),tech,On-site - Tel Aviv,student part-time,startup,"['Python', 'Docker', 'Git', 'JavaScript', 'APIs', 'React', 'SQL']","Software Engineer (student part-time) role in the tech domain (student part-time) at a startup organization. Location: On-site - Tel Aviv. You will take ownership of tasks, communicate progress clearly, and help deliver high-quality outcomes on time. We are looking for a proactive, detail-oriented candidate with strong communication skills. Key skills include: Docker, APIs, JavaScript, Git, SQL, React. You will gain practical experience and build a strong foundation for your career. Tags: career, junior, entry-level, student. You will help maintain documentation, track metrics, and support regular check-ins with the team.","['student', 'junior', 'career', 'entry-level']"
7028,QA Engineer (student part-time),tech,Remote,student part-time,agency,"['Python', 'Cloud', 'Linux', 'Testing', 'JavaScript', 'SQL', 'Docker']","QA Engineer (student part-time) role in the tech domain (student part-time) at a agency organization. Location: Remote. You will support day-to-day execution, coordinate stakeholders, and contribute to process improvements. The ideal candidate is organized, curious, and comfortable learning new tools quickly. Key skills include: Cloud, Testing, Python, JavaScript, Linux, Docker. You will gain practical experience and build a strong foundation for your career. Tags: career, junior, student, entry-level. You will help maintain documentation, track metrics, and support regular check-ins with the team.","['student', 'junior', 'career', 'entry-level']"
1106,BI Analyst (junior full-time),data,On-site - Jerusalem,junior full-time,SMB,"['ETL', 'NumPy', 'Pandas', 'Python', 'SQL', 'Machine Learning', 'Data Visualization']","BI Analyst (junior full-time) role in the data domain (junior full-time) at a SMB organization. Location: On-site - Jerusalem. You will work closely with cross-functional teams, analyze needs, and translate them into actionable steps. We value problem-solving, ownership, and the ability to work independently when needed. Key skills include: ETL, Data Visualization, Machine Learning, NumPy, Pandas, Python. You will join a supportive team with opportunities to learn and grow. Tags: entry-level, student, junior, career. You will help maintain documentation, track metrics, and support regular check-ins with the team.","['student', 'junior', 'career', 'entry-level']"
8552,Frontend Developer (contract),tech,Hybrid - Herzliya,contract,SMB,"['Testing', 'Docker', 'Python', 'Git', 'APIs', 'SQL', 'Cloud']","Frontend Developer (contract) role in the tech domain (contract) at a SMB organization. Location: Hybrid - Herzliya. You will work closely with cross-functional teams, analyze needs, and translate them into actionable steps. We are looking for a proactive, detail-oriented candidate with strong communication skills. Key skills include: APIs, Docker, Testing, Cloud, Git, SQL. This role offers hands-on experience in a dynamic environment and exposure to real business challenges. Tags: junior, career, student, entry-level. You will help maintain documentation, track metrics, and support regular check-ins with the team.","['student', 'junior', 'career', 'entry-level']"
1814,Frontend Developer (student part-time),tech,On-site - Jerusalem,student part-time,SMB,"['Linux', 'SQL', 'APIs', 'JavaScript', 'Cloud', 'React', 'Git']","Frontend Developer (student part-time) role in the tech domain (student part-time) at a SMB organization. Location: On-site - Jerusalem. You will assist with planning and reporting, and ensure smooth collaboration across teams. The ideal candidate is organized, curious, and comfortable learning new tools quickly. Key skills include: React, SQL, JavaScript, Linux, Git, APIs. You will work in a fast-paced setting with room to take initiative and make an impact. Tags: career, junior, student, entry-level. You will help maintain documentation, track metrics, and support regular check-ins with the team.","['student', 'junior', 'career', 'entry-level']"
2299,Frontend Developer (junior full-time),tech,On-site - Jerusalem,junior full-time,nonprofit,"['SQL', 'Linux', 'Testing', 'APIs', 'Cloud', 'Docker', 'Python']","Frontend Developer (junior full-time) role in the tech domain (junior full-time) at a nonprofit organization. Location: On-site - Jerusalem. You will work closely with cross-functional teams, analyze needs, and translate them into actionable steps. You should be reliable, collaborative, and able to manage multiple tasks in parallel. Key skills include: Testing, Docker, APIs, Linux, Cloud, SQL. You will gain practical experience and build a strong foundation for your career. Tags: junior, career, entry-level, student. You will help maintain documentation, track metrics, and support regular check-ins with the team.","['student', 'junior', 'career', 'entry-level']"
1033,Software Engineer (internship),tech,Remote,internship,agency,"['Testing', 'SQL', 'APIs', 'Cloud', 'Docker', 'React', 'JavaScript']","Software Engineer (internship) role in the tech domain (internship) at a agency organization. Location: Remote. You will work closely with cross-functional teams, analyze needs, and translate them into actionable steps. We value problem-solving, ownership, and the ability to work independently when needed. Key skills include: Testing, JavaScript, SQL, Docker, Cloud, APIs. You will join a supportive team with opportunities to learn and grow. Tags: career, student, junior, entry-level. You will help maintain documentation, track metrics, and support regular check-ins with the team.","['student', 'junior', 'career', 'entry-level']"
1779,Junior Data Scientist (student part-time),data,Hybrid - Herzliya,student part-time,corporate,"['Pandas', 'Excel', 'Python', 'A/B Testing', 'ETL', 'Data Visualization', 'Statistics']","Junior Data Scientist (student part-time) role in the data domain (student part-time) at a corporate organization. Location: Hybrid - Herzliya. You will take ownership of tasks, communicate progress clearly, and help deliver high-quality outcomes on time. The ideal candidate is organized, curious, and comfortable learning new tools quickly. Key skills include: Pandas, Excel, Data Visualization, Python, ETL, Statistics. You will gain practical experience and build a strong foundation for your career. Tags: career, entry-level, student, junior. You will help maintain documentation, track metrics, and support regular check-ins with the team.","['student', 'junior', 'career', 'entry-level']"
8744,Software Engineer (student part-time),tech,Hybrid - Tel Aviv,student part-time,nonprofit,"['JavaScript', 'Linux', 'Docker', 'SQL', 'Testing', 'Git', 'Cloud']","Software Engineer (student part-time) role in the tech domain (student part-time) at a nonprofit organization. Location: Hybrid - Tel Aviv. You will assist with planning and reporting, and ensure smooth collaboration across teams. We are looking for a proactive, detail-oriented candidate with strong communication skills. Key skills include: Linux, Docker, JavaScript, Cloud, Testing, SQL. You will gain practical experience and build a strong foundation for your career. Tags: entry-level, junior, student, career. You will help maintain documentation, track metrics, and support regular check-ins with the team.","['student', 'junior', 'career', 'entry-level']"
885,Backend Developer (junior full-time),tech,Remote (EU time),junior full-time,corporate,"['Git', 'Linux', 'Cloud', 'Testing', 'Python', 'SQL', 'JavaScript']","Backend Developer (junior full-time) role in the tech domain (junior full-time) at a corporate organization. Location: Remote (EU time). You will work closely with cross-functional teams, analyze needs, and translate them into actionable steps. You should be reliable, collaborative, and able to manage multiple tasks in parallel. Key skills include: Testing, Git, Cloud, Python, JavaScript, Linux. You will work in a fast-paced setting with room to take initiative and make an impact. Tags: entry-level, student, junior, career. You will help maintain documentation, track metrics, and support regular check-ins with the team.","['student', 'junior', 'career', 'entry-level']"
3703,BI Analyst (contract),data,Remote,contract,agency,"['ETL', 'SQL', 'Machine Learning', 'A/B Testing', 'Excel', 'NumPy', 'Python']","BI Analyst (contract) role in the data domain (contract) at a agency organization. Location: Remote. You will support day-to-day execution, coordinate stakeholders, and contribute to process improvements. We value problem-solving, ownership, and the ability to work independently when needed. Key skills include: A/B Testing, Excel, Machine Learning, Python, ETL, NumPy. You will gain practical experience and build a strong foundation for your career. Tags: career, student, junior, entry-level. You will help maintain documentation, track metrics, and support regular check-ins with the team.","['student', 'junior', 'career', 'entry-level']"
1732,Junior Data Scientist (junior full-time),data,On-site - Tel Aviv,junior full-time,SMB,"['Excel', 'SQL', 'ETL', 'Python', 'Machine Learning', 'Pandas', 'Statistics']","Junior Data Scientist (junior full-time) role in the data domain (junior full-time) at a SMB organization. Location: On-site - Tel Aviv. You will assist with planning and reporting, and ensure smooth collaboration across teams. The ideal candidate is organized, curious, and comfortable learning new tools quickly. Key skills include: Python, SQL, ETL, Statistics, Excel, Machine Learning. You will join a supportive team with opportunities to learn and grow. Tags: entry-level, junior, student, career. You will help maintain documentation, track metrics, and support regular check-ins with the team.","['student', 'junior', 'career', 'entry-level']"
608,BI Analyst (student part-time),data,Remote (EU time),student part-time,SMB,"['ETL', 'Machine Learning', 'SQL', 'A/B Testing', 'NumPy', 'Python', 'Excel']","BI Analyst (student part-time) role in the data domain (student part-time) at a SMB organization. Location: Remote (EU time). You will take ownership of tasks, communicate progress clearly, and help deliver high-quality outcomes on time. You should be reliable, collaborative, and able to manage multiple tasks in parallel. Key skills include: NumPy, Excel, SQL, Machine Learning, Python, ETL. You will gain practical experience and build a strong foundation for your career. Tags: student, career, entry-level, junior. You will help maintain documentation, track metrics, and support regular check-ins with the team.","['student', 'junior', 'career', 'entry-level']"
5033,Software Engineer (internship),tech,Remote,internship,agency,"['Testing', 'SQL', 'APIs', 'Cloud', 'Docker', 'React', 'JavaScript']","Software Engineer (internship) role in the tech domain (internship) at a agency organization. Location: Remote. You will help run operations, document workflows, and drive continuous improvement initiatives. We value problem-solving, ownership, and the ability to work independently when needed. Key skills include: SQL, Docker, Cloud, APIs, Testing, JavaScript. This role offers hands-on experience in a dynamic environment and exposure to real business challenges. Tags: entry-level, junior, student, career. You will help maintain documentation, track metrics, and support regular check-ins with the team.","['student', 'junior', 'career', 'entry-level']"
8929,BI Analyst (contract),data,Hybrid - Herzliya,contract,startup,"['Excel', 'Python', 'Data Visualization', 'Statistics', 'Machine Learning', 'SQL', 'ETL']","BI Analyst (contract) role in the data domain (contract) at a startup organization. Location: Hybrid - Herzliya. You will assist with planning and reporting, and ensure smooth collaboration across teams. You should be reliable, collaborative, and able to manage multiple tasks in parallel. Key skills include: SQL, Excel, Statistics, Data Visualization, Python, ETL. This role offers hands-on experience in a dynamic environment and exposure to real business challenges. Tags: career, entry-level, student, junior. You will help maintain documentation, track metrics, and support regular check-ins with the team.","['student', 'junior', 'career', 'entry-level']"
9229,BI Analyst (student part-time),data,Hybrid - Tel Aviv,student part-time,corporate,"['Statistics', 'A/B Testing', 'SQL', 'Pandas', 'Python', 'ETL', 'NumPy']","BI Analyst (student part-time) role in the data domain (student part-time) at a corporate organization. Location: Hybrid - Tel Aviv. You will take ownership of tasks, communicate progress clearly, and help deliver high-quality outcomes on time. The ideal candidate is organized, curious, and comfortable learning new tools quickly. Key skills include: A/B Testing, Statistics, Python, ETL, SQL, Pandas. You will work in a fast-paced setting with room to take initiative and make an impact. Tags: career, student, junior, entry-level. You will help maintain documentation, track metrics, and support regular check-ins with the team.","['student', 'junior', 'career', 'entry-level']"
4234,Junior Data Scientist (contract),data,Hybrid - Tel Aviv,contract,startup,"['Pandas', 'Statistics', 'Python', 'NumPy', 'Excel', 'A/B Testing', 'Data Visualization']","Junior Data Scientist (contract) role in the data domain (contract) at a startup organization. Location: Hybrid - Tel Aviv. You will help run operations, document workflows, and drive continuous improvement initiatives. The ideal candidate is organized, curious, and comfortable learning new tools quickly. Key skills include: Data Visualization, NumPy, A/B Testing, Statistics, Excel, Pandas. You will join a supportive team with opportunities to learn and grow. Tags: junior, entry-level, career, student. You will help maintain documentation, track metrics, and support regular check-ins with the team.","['student', 'junior', 'career', 'entry-level']"
1653,Data Analyst (internship),data,Remote,internship,startup,"['Python', 'ETL', 'A/B Testing', 'Machine Learning', 'NumPy', 'Excel', 'Pandas']","Data Analyst (internship) role in the data domain (internship) at a startup organization. Location: Remote. You will take ownership of tasks, communicate progress clearly, and help deliver high-quality outcomes on time. We are looking for a proactive, detail-oriented candidate with strong communication skills. Key skills include: Machine Learning, ETL, NumPy, A/B Testing, Pandas, Excel. This role offers hands-on experience in a dynamic environment and exposure to real business challenges. Tags: junior, entry-level, career, student. You will help maintain documentation, track metrics, and support regular check-ins with the team.","['student', 'junior', 'career', 'entry-level']"
2228,Backend Developer (student part-time),tech,Hybrid - Herzliya,student part-time,corporate,"['Docker', 'Cloud', 'Git', 'JavaScript', 'Testing', 'APIs', 'Linux']","Backend Developer (student part-time) role in the tech domain (student part-time) at a corporate organization. Location: Hybrid - Herzliya. You will help run operations, document workflows, and drive continuous improvement initiatives. We are looking for a proactive, detail-oriented candidate with strong communication skills. Key skills include: APIs, Linux, Git, Cloud, Docker, Testing. This role offers hands-on experience in a dynamic environment and exposure to real business challenges. Tags: career, junior, entry-level, student. You will help maintain documentation, track metrics, and support regular check-ins with the team.","['student', 'junior', 'career', 'entry-level']"
4782,Backend Developer (junior full-time),tech,On-site - Tel Aviv,junior full-time,nonprofit,"['SQL', 'Docker', 'Testing', 'APIs', 'Cloud', 'Git', 'React']","Backend Developer (junior full-time) role in the tech domain (junior full-time) at a nonprofit organization. Location: On-site - Tel Aviv. You will support day-to-day execution, coordinate stakeholders, and contribute to process improvements. We are looking for a proactive, detail-oriented candidate with strong communication skills. Key skills include: Testing, React, APIs, Docker, SQL, Cloud. You will gain practical experience and build a strong foundation for your career. Tags: junior, student, career, entry-level. You will help maintain documentation, track metrics, and support regular check-ins with the team.","['student', 'junior', 'career', 'entry-level']"
3652,Software Engineer (contract),tech,Remote,contract,corporate,"['Docker', 'React', 'Python', 'JavaScript', 'Cloud', 'SQL', 'Testing']","Software Engineer (contract) role in the tech domain (contract) at a corporate organization. Location: Remote. You will support day-to-day execution, coordinate stakeholders, and contribute to process improvements. You should be reliable, collaborative, and able to manage multiple tasks in parallel. Key skills include: SQL, JavaScript, React, Docker, Cloud, Testing. You will join a supportive team with opportunities to learn and grow. Tags: career, entry-level, student, junior. You will help maintain documentation, track metrics, and support regular check-ins with the team.","['student', 'junior', 'career', 'entry-level']"
5106,BI Analyst (junior full-time),data,On-site - Jerusalem,junior full-time,SMB,"['ETL', 'NumPy', 'Pandas', 'Python', 'SQL', 'Machine Learning', 'Data Visualization']","BI Analyst (junior full-time) role in the data domain (junior full-time) at a SMB organization. Location: On-site - Jerusalem. You will assist with planning and reporting, and ensure smooth collaboration across teams. The ideal candidate is organized, curious, and comfortable learning new tools quickly. Key skills include: Python, Data Visualization, ETL, Pandas, Machine Learning, SQL. You will join a supportive team with opportunities to learn and grow. Tags: career, entry-level, student, junior. You will help maintain documentation, track metrics, and support regular check-ins with the team.","['student', 'junior', 'career', 'entry-level']"
983,Data Analyst (student part-time),data,On-site - Jerusalem,student part-time,agency,"['NumPy', 'SQL', 'Statistics', 'Excel', 'A/B Testing', 'Pandas', 'Python']","Data Analyst (student part-time) role in the data domain (student part-time) at a agency organization. Location: On-site - Jerusalem. You will take ownership of tasks, communicate progress clearly, and help deliver high-quality outcomes on time. We value problem-solving, ownership, and the ability to work independently when needed. Key skills include: Pandas, A/B Testing, Excel, NumPy, Python, SQL. This role offers hands-on experience in a dynamic environment and exposure to real business challenges. Tags: junior, student, entry-level, career. You will help maintain documentation, track metrics, and support regular check-ins with the team.","['student', 'junior', 'career', 'entry-level']"
5767,Backend Developer (internship),tech,On-site - Jerusalem,internship,agency,"['Python', 'APIs', 'SQL', 'Cloud', 'Testing', 'Git', 'Linux']","Backend Developer (internship) role in the tech domain (internship) at a agency organization. Location: On-site - Jerusalem. You will assist with planning and reporting, and ensure smooth collaboration across teams. The ideal candidate is organized, curious, and comfortable learning new tools quickly. Key skills include: Git, Cloud, SQL, Linux, APIs, Python. This role offers hands-on experience in a dynamic environment and exposure to real business challenges. Tags: student, junior, entry-level, career. You will help maintain documentation, track metrics, and support regular check-ins with the team.","['student', 'junior', 'career', 'entry-level']"
1683,BI Analyst (contract),data,On-site - Tel Aviv,contract,nonprofit,"['A/B Testing', 'Data Visualization', 'Statistics', 'Machine Learning', 'Python', 'Pandas', 'ETL']","BI Analyst (contract) role in the data domain (contract) at a nonprofit organization. Location: On-site - Tel Aviv. You will support day-to-day execution, coordinate stakeholders, and contribute to process improvements. The ideal candidate is organized, curious, and comfortable learning new tools quickly. Key skills include: Pandas, ETL, Python, A/B Testing, Machine Learning, Data Visualization. You will gain practical experience and build a strong foundation for your career. Tags: junior, student, career, entry-level. You will help maintain documentation, track metrics, and support regular check-ins with the team.","['student', 'junior', 'career', 'entry-level']"
2694,BI Analyst (student part-time),data,Remote,student part-time,nonprofit,"['Excel', 'ETL', 'SQL', 'NumPy', 'Data Visualization', 'Python', 'Machine Learning']","BI Analyst (student part-time) role in the data domain (student part-time) at a nonprofit organization. Location: Remote. You will assist with planning and reporting, and ensure smooth collaboration across teams. We are looking for a proactive, detail-oriented candidate with strong communication skills. Key skills include: Machine Learning, SQL, Excel, Data Visualization, Python, ETL. You will gain practical experience and build a strong foundation for your career. Tags: student, junior, entry-level, career. You will help maintain documentation, track metrics, and support regular check-ins with the team.","['student', 'junior', 'career', 'entry-level']"
9870,Data Analyst (student part-time),data,Remote (EU time),student part-time,startup,"['SQL', 'A/B Testing', 'Pandas', 'Statistics', 'Data Visualization', 'Python', 'Excel']","Data Analyst (student part-time) role in the data domain (student part-time) at a startup organization. Location: Remote (EU time). You will support day-to-day execution, coordinate stakeholders, and contribute to process improvements. You should be reliable, collaborative, and able to manage multiple tasks in parallel. Key skills include: Python, Statistics, Data Visualization, A/B Testing, SQL, Pandas. You will work in a fast-paced setting with room to take initiative and make an impact. Tags: entry-level, student, junior, career. You will help maintain documentation, track metrics, and support regular check-ins with the team.","['student', 'junior', 'career', 'entry-level']"
2847,BI Analyst (internship),data,On-site - Tel Aviv,internship,SMB,"['Statistics', 'Pandas', 'ETL', 'A/B Testing', 'Machine Learning', 'Python', 'NumPy']","BI Analyst (internship) role in the data domain (internship) at a SMB organization. Location: On-site - Tel Aviv. You will take ownership of tasks, communicate progress clearly, and help deliver high-quality outcomes on time. The ideal candidate is organized, curious, and comfortable learning new tools quickly. Key skills include: ETL, Statistics, Pandas, Machine Learning, A/B Testing, Python. This role offers hands-on experience in a dynamic environment and exposure to real business challenges. Tags: student, junior, entry-level, career. You will help maintain documentation, track metrics, and support regular check-ins with the team.","['student', 'junior', 'career', 'entry-level']"
4758,Data Analyst (junior full-time),data,Remote,junior full-time,startup,"['ETL', 'A/B Testing', 'Machine Learning', 'Statistics', 'SQL', 'Python', 'Data Visualization']","Data Analyst (junior full-time) role in the data domain (junior full-time) at a startup organization. Location: Remote. You will take ownership of tasks, communicate progress clearly, and help deliver high-quality outcomes on time. The ideal candidate is organized, curious, and comfortable learning new tools quickly. Key skills include: ETL, Machine Learning, Statistics, SQL, A/B Testing, Python. This role offers hands-on experience in a dynamic environment and exposure to real business challenges. Tags: entry-level, student, career, junior. You will help maintain documentation, track metrics, and support regular check-ins with the team.","['student', 'junior', 'career', 'entry-level']"
3733,Data Analyst (junior full-time),data,On-site - Jerusalem,junior full-time,SMB,"['Machine Learning', 'SQL', 'Pandas', 'NumPy', 'Python', 'Statistics', 'A/B Testing']","Data Analyst (junior full-time) role in the data domain (junior full-time) at a SMB organization. Location: On-site - Jerusalem. You will take ownership of tasks, communicate progress clearly, and help deliver high-quality outcomes on time. We value problem-solving, ownership, and the ability to work independently when needed. Key skills include: Python, Pandas, Machine Learning, SQL, NumPy, A/B Testing. You will work in a fast-paced setting with room to take initiative and make an impact. Tags: student, junior, entry-level, career. You will help maintain documentation, track metrics, and support regular check-ins with the team.","['student', 'junior', 'career', 'entry-level']"
854,Backend Developer (junior full-time),tech,Hybrid - Tel Aviv,junior full-time,startup,"['Testing', 'Git', 'Linux', 'JavaScript', 'Cloud', 'SQL', 'React']","Backend Developer (junior full-time) role in the tech domain (junior full-time) at a startup organization. Location: Hybrid - Tel Aviv. You will assist with planning and reporting, and ensure smooth collaboration across teams. You should be reliable, collaborative, and able to manage multiple tasks in parallel. Key skills include: Linux, SQL, JavaScript, Testing, Cloud, Git. You will join a supportive team with opportunities to learn and grow. Tags: entry-level, student, junior, career. You will help maintain documentation, track metrics, and support regular check-ins with the team.","['student', 'junior', 'career', 'entry-level']"
4440,BI Analyst (contract),data,On-site - Jerusalem,contract,startup,"['SQL', 'Pandas', 'Machine Learning', 'Excel', 'A/B Testing', 'ETL', 'Statistics']","BI Analyst (contract) role in the data domain (contract) at a startup organization. Location: On-site - Jerusalem. You will work closely with cross-functional teams, analyze needs, and translate them into actionable steps. We value problem-solving, ownership, and the ability to work independently when needed. Key skills include: Machine Learning, A/B Testing, ETL, SQL, Excel, Statistics. You will join a supportive team with opportunities to learn and grow. Tags: career, junior, entry-level, student. You will help maintain documentation, track metrics, and support regular check-ins with the team.","['student', 'junior', 'career', 'entry-level']"
7006,QA Engineer (internship),tech,Remote,internship,SMB,"['Docker', 'React', 'Testing', 'SQL', 'JavaScript', 'APIs', 'Cloud']","QA Engineer (internship) role in the tech domain (internship) at a SMB organization. Location: Remote. You will assist with planning and reporting, and ensure smooth collaboration across teams. You should be reliable, collaborative, and able to manage multiple tasks in parallel. Key skills include: SQL, JavaScript, Docker, APIs, Cloud, Testing. You will join a supportive team with opportunities to learn and grow. Tags: career, student, entry-level, junior. You will help maintain documentation, track metrics, and support regular check-ins with the team.","['student', 'junior', 'career', 'entry-level']"
9931,Frontend Developer (junior full-time),tech,Remote,junior full-time,corporate,"['React', 'JavaScript', 'Testing', 'Cloud', 'Git', 'Docker', 'Python']","Frontend Developer (junior full-time) role in the tech domain (junior full-time) at a corporate organization. Location: Remote. You will help run operations, document workflows, and drive continuous improvement initiatives. We value problem-solving, ownership, and the ability to work independently when needed. Key skills include: JavaScript, React, Testing, Docker, Python, Cloud. This role offers hands-on experience in a dynamic environment and exposure to real business challenges. Tags: entry-level, student, career, junior. You will help maintain documentation, track metrics, and support regular check-ins with the team.","['student', 'junior', 'career', 'entry-level']"
4639,BI Analyst (internship),data,On-site - Jerusalem,internship,startup,"['A/B Testing', 'ETL', 'Excel', 'SQL', 'Pandas', 'NumPy', 'Statistics']","BI Analyst (internship) role in the data domain (internship) at a startup organization. Location: On-site - Jerusalem. You will assist with planning and reporting, and ensure smooth collaboration across teams. You should be reliable, collaborative, and able to manage multiple tasks in parallel. Key skills include: SQL, Excel, NumPy, A/B Testing, Statistics, Pandas. You will work in a fast-paced setting with room to take initiative and make an impact. Tags: junior, student, entry-level, career. You will help maintain documentation, track metrics, and support regular check-ins with the team.","['student', 'junior', 'career', 'entry-level']"
2639,Backend Developer (internship),tech,Remote,internship,nonprofit,"['Python', 'SQL', 'Testing', 'React', 'Git', 'Cloud', 'APIs']","Backend Developer (internship) role in the tech domain (internship) at a nonprofit organization. Location: Remote. You will assist with planning and reporting, and ensure smooth collaboration across teams. We value problem-solving, ownership, and the ability to work independently when needed. Key skills include: SQL, Python, APIs, React, Testing, Cloud. You will work in a fast-paced setting with room to take initiative and make an impact. Tags: junior, student, entry-level, career. You will help maintain documentation, track metrics, and support regular check-ins with the team.","['student', 'junior', 'career', 'entry-level']"
4709,QA Engineer (internship),tech,On-site - Jerusalem,internship,corporate,"['JavaScript', 'SQL', 'APIs', 'Cloud', 'Linux', 'React', 'Testing']","QA Engineer (internship) role in the tech domain (internship) at a corporate organization. Location: On-site - Jerusalem. You will work closely with cross-functional teams, analyze needs, and translate them into actionable steps. You should be reliable, collaborative, and able to manage multiple tasks in parallel. Key skills include: Testing, Linux, APIs, Cloud, React, SQL. You will join a supportive team with opportunities to learn and grow. Tags: student, entry-level, career, junior. You will help maintain documentation, track metrics, and support regular check-ins with the team.","['student', 'junior', 'career', 'entry-level']"
537,BI Analyst (student part-time),data,Hybrid - Herzliya,student part-time,corporate,"['SQL', 'ETL', 'Excel', 'Statistics', 'Data Visualization', 'NumPy', 'Pandas']","BI Analyst (student part-time) role in the data domain (student part-time) at a corporate organization. Location: Hybrid - Herzliya. You will help run operations, document workflows, and drive continuous improvement initiatives. We are looking for a proactive, detail-oriented candidate with strong communication skills. Key skills include: Pandas, SQL, Data Visualization, Statistics, Excel, NumPy. You will join a supportive team with opportunities to learn and grow. Tags: student, career, junior, entry-level. You will help maintain documentation, track metrics, and support regular check-ins with the team.","['student', 'junior', 'career', 'entry-level']"
3869,Frontend Developer (contract),tech,On-site - Jerusalem,contract,corporate,"['SQL', 'Docker', 'APIs', 'Python', 'React', 'Cloud', 'Testing']","Frontend Developer (contract) role in the tech domain (contract) at a corporate organization. Location: On-site - Jerusalem. You will assist with planning and reporting, and ensure smooth collaboration across teams. You should be reliable, collaborative, and able to manage multiple tasks in parallel. Key skills include: Cloud, Python, APIs, React, Testing, Docker. You will work in a fast-paced setting with room to take initiative and make an impact. Tags: career, student, entry-level, junior. You will help maintain documentation, track metrics, and support regular check-ins with the team.","['student', 'junior', 'career', 'entry-level']"
4854,Backend Developer (junior full-time),tech,Hybrid - Tel Aviv,junior full-time,startup,"['Testing', 'Git', 'Linux', 'JavaScript', 'Cloud', 'SQL', 'React']","Backend Developer (junior full-time) role in the tech domain (junior full-time) at a startup organization. Location: Hybrid - Tel Aviv. You will assist with planning and reporting, and ensure smooth collaboration across teams. You should be reliable, collaborative, and able to manage multiple tasks in parallel. Key skills include: Linux, Cloud, React, Testing, JavaScript, Git. You will gain practical experience and build a strong foundation for your career. Tags: student, entry-level, career, junior. You will help maintain documentation, track metrics, and support regular check-ins with the team.","['student', 'junior', 'career', 'entry-level']"
1867,Backend Developer (contract),tech,On-site - Tel Aviv,contract,nonprofit,"['Testing', 'Linux', 'JavaScript', 'Docker', 'SQL', 'APIs', 'React']","Backend Developer (contract) role in the tech domain (contract) at a nonprofit organization. Location: On-site - Tel Aviv. You will help run operations, document workflows, and drive continuous improvement initiatives. You should be reliable, collaborative, and able to manage multiple tasks in parallel. Key skills include: Linux, Testing, React, JavaScript, Docker, APIs. This role offers hands-on experience in a dynamic environment and exposure to real business challenges. Tags: student, junior, entry-level, career. You will help maintain documentation, track metrics, and support regular check-ins with the team.","['student', 'junior', 'career', 'entry-level']"
7703,BI Analyst (contract),data,Remote,contract,agency,"['ETL', 'SQL', 'Machine Learning', 'A/B Testing', 'Excel', 'NumPy', 'Python']","BI Analyst (contract) role in the data domain (contract) at a agency organization. Location: Remote. You will assist with planning and reporting, and ensure smooth collaboration across teams. The ideal candidate is organized, curious, and comfortable learning new tools quickly. Key skills include: SQL, Machine Learning, NumPy, ETL, Excel, Python. You will join a supportive team with opportunities to learn and grow. Tags: junior, entry-level, student, career. You will help maintain documentation, track metrics, and support regular check-ins with the team.","['student', 'junior', 'career', 'entry-level']"
6730,Data Analyst (student part-time),data,On-site - Tel Aviv,student part-time,startup,"['Excel', 'Pandas', 'Machine Learning', 'Python', 'Statistics', 'SQL', 'Data Visualization']","Data Analyst (student part-time) role in the data domain (student part-time) at a startup organization. Location: On-site - Tel Aviv. You will help run operations, document workflows, and drive continuous improvement initiatives. You should be reliable, collaborative, and able to manage multiple tasks in parallel. Key skills include: Python, Statistics, Machine Learning, SQL, Excel, Pandas. This role offers hands-on experience in a dynamic environment and exposure to real business challenges. Tags: entry-level, student, career, junior. You will help maintain documentation, track metrics, and support regular check-ins with the team.","['student', 'junior', 'career', 'entry-level']"
3118,Backend Developer (internship),tech,Remote (EU time),internship,startup,"['Docker', 'JavaScript', 'Git', 'React', 'Cloud', 'Testing', 'SQL']","Backend Developer (internship) role in the tech domain (internship) at a startup organization. Location: Remote (EU time). You will help run operations, document workflows, and drive continuous improvement initiatives. You should be reliable, collaborative, and able to manage multiple tasks in parallel. Key skills include: Cloud, Docker, React, SQL, Testing, Git. This role offers hands-on experience in a dynamic environment and exposure to real business challenges. Tags: career, junior, entry-level, student. You will help maintain documentation, track metrics, and support regular check-ins with the team.","['student', 'junior', 'career', 'entry-level']"
9614,Frontend Developer (junior full-time),tech,Remote (EU time),junior full-time,startup,"['Linux', 'Git', 'JavaScript', 'Python', 'Cloud', 'Testing', 'APIs']","Frontend Developer (junior full-time) role in the tech domain (junior full-time) at a startup organization. Location: Remote (EU time). You will take ownership of tasks, communicate progress clearly, and help deliver high-quality outcomes on time. The ideal candidate is organized, curious, and comfortable learning new tools quickly. Key skills include: Cloud, Linux, JavaScript, APIs, Testing, Python. You will join a supportive team with opportunities to learn and grow. Tags: entry-level, student, career, junior. You will help maintain documentation, track metrics, and support regular check-ins with the team.","['student', 'junior', 'career', 'entry-level']"
8392,Junior Data Scientist (internship),data,Remote,internship,SMB,"['Pandas', 'NumPy', 'A/B Testing', 'Excel', 'Data Visualization', 'Statistics', 'Machine Learning']","Junior Data Scientist (internship) role in the data domain (internship) at a SMB organization. Location: Remote. You will assist with planning and reporting, and ensure smooth collaboration across teams. The ideal candidate is organized, curious, and comfortable learning new tools quickly. Key skills include: NumPy, A/B Testing, Statistics, Machine Learning, Excel, Data Visualization. You will join a supportive team with opportunities to learn and grow. Tags: career, junior, student, entry-level. You will help maintain documentation, track metrics, and support regular check-ins with the team.","['student', 'junior', 'career', 'entry-level']"
3650,QA Engineer (student part-time),tech,Remote (EU time),student part-time,corporate,"['Python', 'React', 'APIs', 'Git', 'SQL', 'JavaScript', 'Testing']","QA Engineer (student part-time) role in the tech domain (student part-time) at a corporate organization. Location: Remote (EU time). You will assist with planning and reporting, and ensure smooth collaboration across teams. We are looking for a proactive, detail-oriented candidate with strong communication skills. Key skills include: React, Python, Testing, SQL, APIs, Git. You will join a supportive team with opportunities to learn and grow. Tags: student, entry-level, junior, career. You will help maintain documentation, track metrics, and support regular check-ins with the team.","['student', 'junior', 'career', 'entry-level']"
7553,Data Analyst (student part-time),data,Hybrid - Tel Aviv,student part-time,SMB,"['Python', 'Statistics', 'SQL', 'Machine Learning', 'A/B Testing', 'Excel', 'NumPy']","Data Analyst (student part-time) role in the data domain (student part-time) at a SMB organization. Location: Hybrid - Tel Aviv. You will work closely with cross-functional teams, analyze needs, and translate them into actionable steps. We value problem-solving, ownership, and the ability to work independently when needed. Key skills include: A/B Testing, Statistics, Python, NumPy, Machine Learning, SQL. You will work in a fast-paced setting with room to take initiative and make an impact. Tags: student, junior, career, entry-level. You will help maintain documentation, track metrics, and support regular check-ins with the team.","['student', 'junior', 'career', 'entry-level']"
3159,BI Analyst (student part-time),data,On-site - Tel Aviv,student part-time,corporate,"['Statistics', 'Data Visualization', 'ETL', 'Pandas', 'Machine Learning', 'NumPy', 'A/B Testing']","BI Analyst (student part-time) role in the data domain (student part-time) at a corporate organization. Location: On-site - Tel Aviv. You will help run operations, document workflows, and drive continuous improvement initiatives. We are looking for a proactive, detail-oriented candidate with strong communication skills. Key skills include: Pandas, ETL, NumPy, Machine Learning, Data Visualization, Statistics. You will join a supportive team with opportunities to learn and grow. Tags: entry-level, student, career, junior. You will help maintain documentation, track metrics, and support regular check-ins with the team.","['student', 'junior', 'career', 'entry-level']"
6532,Data Analyst (internship),data,Hybrid - Tel Aviv,internship,agency,"['A/B Testing', 'Pandas', 'Python', 'ETL', 'SQL', 'Data Visualization', 'NumPy']","Data Analyst (internship) role in the data domain (internship) at a agency organization. Location: Hybrid - Tel Aviv. You will take ownership of tasks, communicate progress clearly, and help deliver high-quality outcomes on time. We value problem-solving, ownership, and the ability to work independently when needed. Key skills include: NumPy, SQL, ETL, Python, Data Visualization, Pandas. You will gain practical experience and build a strong foundation for your career. Tags: career, student, junior, entry-level. You will help maintain documentation, track metrics, and support regular check-ins with the team.","['student', 'junior', 'career', 'entry-level']"
1517,BI Analyst (internship),data,On-site - Tel Aviv,internship,SMB,"['Python', 'ETL', 'Excel', 'NumPy', 'SQL', 'Machine Learning', 'Data Visualization']","BI Analyst (internship) role in the data domain (internship) at a SMB organization. Location: On-site - Tel Aviv. You will take ownership of tasks, communicate progress clearly, and help deliver high-quality outcomes on time. We are looking for a proactive, detail-oriented candidate with strong communication skills. Key skills include: Data Visualization, NumPy, Machine Learning, Python, SQL, Excel. You will join a supportive team with opportunities to learn and grow. Tags: entry-level, career, junior, student. You will help maintain documentation, track metrics, and support regular check-ins with the team.","['student', 'junior', 'career', 'entry-level']"
3302,Frontend Developer (student part-time),tech,Remote,student part-time,corporate,"['Python', 'APIs', 'JavaScript', 'Cloud', 'Testing', 'Git', 'SQL']","Frontend Developer (student part-time) role in the tech domain (student part-time) at a corporate organization. Location: Remote. You will assist with planning and reporting, and ensure smooth collaboration across teams. The ideal candidate is organized, curious, and comfortable learning new tools quickly. Key skills include: Git, Python, SQL, APIs, JavaScript, Testing. You will work in a fast-paced setting with room to take initiative and make an impact. Tags: entry-level, junior, student, career. You will help maintain documentation, track metrics, and support regular check-ins with the team.","['student', 'junior', 'career', 'entry-level']"
7293,QA Engineer (contract),tech,Remote,contract,nonprofit,"['Python', 'React', 'Cloud', 'Git', 'Docker', 'Testing', 'APIs']","QA Engineer (contract) role in the tech domain (contract) at a nonprofit organization. Location: Remote. You will take ownership of tasks, communicate progress clearly, and help deliver high-quality outcomes on time. The ideal candidate is organized, curious, and comfortable learning new tools quickly. Key skills include: APIs, Python, React, Git, Docker, Testing. This role offers hands-on experience in a dynamic environment and exposure to real business challenges. Tags: student, career, entry-level, junior. You will help maintain documentation, track metrics, and support regular check-ins with the team.","['student', 'junior', 'career', 'entry-level']"
4070,Data Analyst (internship),data,On-site - Jerusalem,internship,SMB,"['SQL', 'NumPy', 'A/B Testing', 'Pandas', 'Machine Learning', 'Python', 'Excel']","Data Analyst (internship) role in the data domain (internship) at a SMB organization. Location: On-site - Jerusalem. You will take ownership of tasks, communicate progress clearly, and help deliver high-quality outcomes on time. We value problem-solving, ownership, and the ability to work independently when needed. Key skills include: Python, Pandas, NumPy, SQL, Machine Learning, A/B Testing. You will join a supportive team with opportunities to learn and grow. Tags: junior, student, entry-level, career. You will help maintain documentation, track metrics, and support regular check-ins with the team.","['student', 'junior', 'career', 'entry-level']"
1429,Frontend Developer (student part-time),tech,Hybrid - Tel Aviv,student part-time,agency,"['Cloud', 'SQL', 'Docker', 'Linux', 'JavaScript', 'Testing', 'React']","Frontend Developer (student part-time) role in the tech domain (student part-time) at a agency organization. Location: Hybrid - Tel Aviv. You will help run operations, document workflows, and drive continuous improvement initiatives. We are looking for a proactive, detail-oriented candidate with strong communication skills. Key skills include: Linux, Docker, JavaScript, React, Cloud, Testing. You will gain practical experience and build a strong foundation for your career. Tags: career, entry-level, student, junior. You will help maintain documentation, track metrics, and support regular check-ins with the team.","['student', 'junior', 'career', 'entry-level']"
9539,Backend Developer (student part-time),tech,Remote (EU time),student part-time,nonprofit,"['Linux', 'Cloud', 'Testing', 'Git', 'JavaScript', 'Python', 'APIs']","Backend Developer (student part-time) role in the tech domain (student part-time) at a nonprofit organization. Location: Remote (EU time). You will take ownership of tasks, communicate progress clearly, and help deliver high-quality outcomes on time. We value problem-solving, ownership, and the ability to work independently when needed. Key skills include: Linux, Cloud, Python, Testing, Git, APIs. This role offers hands-on experience in a dynamic environment and exposure to real business challenges. Tags: career, entry-level, student, junior. You will help maintain documentation, track metrics, and support regular check-ins with the team.","['student', 'junior', 'career', 'entry-level']"
8105,Backend Developer (student part-time),tech,On-site - Tel Aviv,student part-time,startup,"['SQL', 'APIs', 'Git', 'JavaScript', 'React', 'Cloud', 'Testing']","Backend Developer (student part-time) role in the tech domain (student part-time) at a startup organization. Location: On-site - Tel Aviv. You will support day-to-day execution, coordinate stakeholders, and contribute to process improvements. We are looking for a proactive, detail-oriented candidate with strong communication skills. Key skills include: APIs, Cloud, Git, Testing, JavaScript, SQL. This role offers hands-on experience in a dynamic environment and exposure to real business challenges. Tags: entry-level, career, junior, student. You will help maintain documentation, track metrics, and support regular check-ins with the team.","['student', 'junior', 'career', 'entry-level']"
2163,Junior Data Scientist (internship),data,Remote (EU time),internship,nonprofit,"['NumPy', 'Python', 'Statistics', 'Machine Learning', 'ETL', 'A/B Testing', 'SQL']","Junior Data Scientist (internship) role in the data domain (internship) at a nonprofit organization. Location: Remote (EU time). You will support day-to-day execution, coordinate stakeholders, and contribute to process improvements. We are looking for a proactive, detail-oriented candidate with strong communication skills. Key skills include: Machine Learning, Python, NumPy, SQL, A/B Testing, Statistics. You will work in a fast-paced setting with room to take initiative and make an impact. Tags: junior, student, entry-level, career. You will help maintain documentation, track metrics, and support regular check-ins with the team.","['student', 'junior', 'career', 'entry-level']"
3848,Software Engineer (student part-time),tech,Hybrid - Herzliya,student part-time,agency,"['JavaScript', 'Git', 'Testing', 'SQL', 'Python', 'Docker', 'React']","Software Engineer (student part-time) role in the tech domain (student part-time) at a agency organization. Location: Hybrid - Herzliya. You will assist with planning and reporting, and ensure smooth collaboration across teams. You should be reliable, collaborative, and able to manage multiple tasks in parallel. Key skills include: Docker, React, JavaScript, Python, Testing, Git. This role offers hands-on experience in a dynamic environment and exposure to real business challenges. Tags: career, entry-level, junior, student. You will help maintain documentation, track metrics, and support regular check-ins with the team.","['student', 'junior', 'career', 'entry-level']"
8049,BI Analyst (junior full-time),data,On-site - Jerusalem,junior full-time,agency,"['NumPy', 'A/B Testing', 'ETL', 'Data Visualization', 'Statistics', 'SQL', 'Python']","BI Analyst (junior full-time) role in the data domain (junior full-time) at a agency organization. Location: On-site - Jerusalem. You will work closely with cross-functional teams, analyze needs, and translate them into actionable steps. You should be reliable, collaborative, and able to manage multiple tasks in parallel. Key skills include: Statistics, SQL, Python, NumPy, A/B Testing, Data Visualization. You will join a supportive team with opportunities to learn and grow. Tags: career, junior, student, entry-level. You will help maintain documentation, track metrics, and support regular check-ins with the team.","['student', 'junior', 'career', 'entry-level']"
8779,BI Analyst (internship),data,On-site - Tel Aviv,internship,agency,"['Statistics', 'Machine Learning', 'ETL', 'Python', 'Data Visualization', 'Pandas', 'SQL']","BI Analyst (internship) role in the data domain (internship) at a agency organization. Location: On-site - Tel Aviv. You will take ownership of tasks, communicate progress clearly, and help deliver high-quality outcomes on time. You should be reliable, collaborative, and able to manage multiple tasks in parallel. Key skills include: Machine Learning, Statistics, SQL, Python, Data Visualization, Pandas. You will join a supportive team with opportunities to learn and grow. Tags: junior, entry-level, career, student. You will help maintain documentation, track metrics, and support regular check-ins with the team.","['student', 'junior', 'career', 'entry-level']"
6056,Backend Developer (internship),tech,Hybrid - Tel Aviv,internship,agency,"['APIs', 'Git', 'SQL', 'Testing', 'Python', 'JavaScript', 'Linux']","Backend Developer (internship) role in the tech domain (internship) at a agency organization. Location: Hybrid - Tel Aviv. You will assist with planning and reporting, and ensure smooth collaboration across teams. We value problem-solving, ownership, and the ability to work independently when needed. Key skills include: APIs, Testing, SQL, Git, JavaScript, Python. You will gain practical experience and build a strong foundation for your career. Tags: career, entry-level, student, junior. You will help maintain documentation, track metrics, and support regular check-ins with the team.","['student', 'junior', 'career', 'entry-level']"
9805,BI Analyst (junior full-time),data,Remote,junior full-time,agency,"['Python', 'SQL', 'Pandas', 'Statistics', 'Data Visualization', 'A/B Testing', 'ETL']","BI Analyst (junior full-time) role in the data domain (junior full-time) at a agency organization. Location: Remote. You will work closely with cross-functional teams, analyze needs, and translate them into actionable steps. We value problem-solving, ownership, and the ability to work independently when needed. Key skills include: A/B Testing, Statistics, SQL, Pandas, Python, Data Visualization. You will gain practical experience and build a strong foundation for your career. Tags: junior, career, student, entry-level. You will help maintain documentation, track metrics, and support regular check-ins with the team.","['student', 'junior', 'career', 'entry-level']"
4162,BI Analyst (student part-time),data,Remote,student part-time,nonprofit,"['SQL', 'ETL', 'A/B Testing', 'Machine Learning', 'Statistics', 'Pandas', 'Excel']","BI Analyst (student part-time) role in the data domain (student part-time) at a nonprofit organization. Location: Remote. You will work closely with cross-functional teams, analyze needs, and translate them into actionable steps. You should be reliable, collaborative, and able to manage multiple tasks in parallel. Key skills include: SQL, A/B Testing, Excel, Pandas, ETL, Statistics. You will join a supportive team with opportunities to learn and grow. Tags: entry-level, student, career, junior. You will help maintain documentation, track metrics, and support regular check-ins with the team.","['student', 'junior', 'career', 'entry-level']"
1665,QA Engineer (internship),tech,Hybrid - Herzliya,internship,agency,"['Linux', 'APIs', 'Cloud', 'Testing', 'Python', 'JavaScript', 'Git']","QA Engineer (internship) role in the tech domain (internship) at a agency organization. Location: Hybrid - Herzliya. You will support day-to-day execution, coordinate stakeholders, and contribute to process improvements. The ideal candidate is organized, curious, and comfortable learning new tools quickly. Key skills include: Git, Cloud, Testing, APIs, Linux, JavaScript. You will join a supportive team with opportunities to learn and grow. Tags: student, junior, career, entry-level. You will help maintain documentation, track metrics, and support regular check-ins with the team.","['student', 'junior', 'career', 'entry-level']"
872,Junior Data Scientist (junior full-time),data,On-site - Tel Aviv,junior full-time,nonprofit,"['Machine Learning', 'SQL', 'Python', 'Pandas', 'Excel', 'A/B Testing', 'NumPy']","Junior Data Scientist (junior full-time) role in the data domain (junior full-time) at a nonprofit organization. Location: On-site - Tel Aviv. You will work closely with cross-functional teams, analyze needs, and translate them into actionable steps. You should be reliable, collaborative, and able to manage multiple tasks in parallel. Key skills include: Excel, A/B Testing, Pandas, Python, NumPy, SQL. You will join a supportive team with opportunities to learn and grow. Tags: entry-level, career, student, junior. You will help maintain documentation, track metrics, and support regular check-ins with the team.","['student', 'junior', 'career', 'entry-level']"
8003,Backend Developer (student part-time),tech,Remote,student part-time,nonprofit,"['SQL', 'JavaScript', 'Testing', 'Python', 'Docker', 'React', 'Git']","Backend Developer (student part-time) role in the tech domain (student part-time) at a nonprofit organization. Location: Remote. You will work closely with cross-functional teams, analyze needs, and translate them into actionable steps. We are looking for a proactive, detail-oriented candidate with strong communication skills. Key skills include: Testing, React, Python, Git, JavaScript, SQL. This role offers hands-on experience in a dynamic environment and exposure to real business challenges. Tags: entry-level, student, junior, career. You will help maintain documentation, track metrics, and support regular check-ins with the team.","['student', 'junior', 'career', 'entry-level']"
9312,Software Engineer (contract),tech,Remote,contract,nonprofit,"['Cloud', 'Git', 'JavaScript', 'Python', 'SQL', 'Docker', 'React']","Software Engineer (contract) role in the tech domain (contract) at a nonprofit organization. Location: Remote. You will support day-to-day execution, coordinate stakeholders, and contribute to process improvements. The ideal candidate is organized, curious, and comfortable learning new tools quickly. Key skills include: JavaScript, SQL, Git, React, Cloud, Python. You will work in a fast-paced setting with room to take initiative and make an impact. Tags: junior, student, career, entry-level. You will help maintain documentation, track metrics, and support regular check-ins with the team.","['student', 'junior', 'career', 'entry-level']"
94,BI Analyst (internship),data,Remote (EU time),internship,SMB,"['ETL', 'Statistics', 'NumPy', 'A/B Testing', 'Pandas', 'SQL', 'Data Visualization']","BI Analyst (internship) role in the data domain (internship) at a SMB organization. Location: Remote (EU time). You will work closely with cross-functional teams, analyze needs, and translate them into actionable steps. We value problem-solving, ownership, and the ability to work independently when needed. Key skills include: Statistics, Data Visualization, A/B Testing, NumPy, SQL, Pandas. This role offers hands-on experience in a dynamic environment and exposure to real business challenges. Tags: entry-level, junior, career, student. You will help maintain documentation, track metrics, and support regular check-ins with the team.","['student', 'junior', 'career', 'entry-level']"
8653,QA Engineer (junior full-time),tech,Hybrid - Herzliya,junior full-time,SMB,"['Python', 'Docker', 'SQL', 'APIs', 'JavaScript', 'React', 'Git']","QA Engineer (junior full-time) role in the tech domain (junior full-time) at a SMB organization. Location: Hybrid - Herzliya. You will support day-to-day execution, coordinate stakeholders, and contribute to process improvements. You should be reliable, collaborative, and able to manage multiple tasks in parallel. Key skills include: SQL, React, Python, APIs, JavaScript, Git. You will join a supportive team with opportunities to learn and grow. Tags: entry-level, junior, career, student. You will help maintain documentation, track metrics, and support regular check-ins with the team.","['student', 'junior', 'career', 'entry-level']"
8121,Junior Data Scientist (student part-time),data,Remote (EU time),student part-time,agency,"['Statistics', 'Data Visualization', 'Pandas', 'SQL', 'NumPy', 'Excel', 'Machine Learning']","Junior Data Scientist (student part-time) role in the data domain (student part-time) at a agency organization. Location: Remote (EU time). You will support day-to-day execution, coordinate stakeholders, and contribute to process improvements. We value problem-solving, ownership, and the ability to work independently when needed. Key skills include: Pandas, SQL, Data Visualization, Statistics, Excel, NumPy. You will join a supportive team with opportunities to learn and grow. Tags: career, junior, entry-level, student. You will help maintain documentation, track metrics, and support regular check-ins with the team.","['student', 'junior', 'career', 'entry-level']"
4668,Data Analyst (junior full-time),data,Hybrid - Herzliya,junior full-time,corporate,"['SQL', 'Data Visualization', 'Machine Learning', 'Excel', 'NumPy', 'ETL', 'A/B Testing']","Data Analyst (junior full-time) role in the data domain (junior full-time) at a corporate organization. Location: Hybrid - Herzliya. You will assist with planning and reporting, and ensure smooth collaboration across teams. We are looking for a proactive, detail-oriented candidate with strong communication skills. Key skills include: Machine Learning, SQL, Excel, Data Visualization, NumPy, A/B Testing. You will gain practical experience and build a strong foundation for your career. Tags: junior, entry-level, career, student. You will help maintain documentation, track metrics, and support regular check-ins with the team.","['student', 'junior', 'career', 'entry-level']"
1157,QA Engineer (contract),tech,Hybrid - Herzliya,contract,corporate,"['Docker', 'Testing', 'React', 'SQL', 'Git', 'Python', 'APIs']","QA Engineer (contract) role in the tech domain (contract) at a corporate organization. Location: Hybrid - Herzliya. You will take ownership of tasks, communicate progress clearly, and help deliver high-quality outcomes on time. We value problem-solving, ownership, and the ability to work independently when needed. Key skills include: Testing, APIs, React, Git, Docker, SQL. You will join a supportive team with opportunities to learn and grow. Tags: student, entry-level, junior, career. You will help maintain documentation, track metrics, and support regular check-ins with the team.","['student', 'junior', 'career', 'entry-level']"
220,Backend Developer (contract),tech,On-site - Jerusalem,contract,corporate,"['JavaScript', 'Cloud', 'React', 'Testing', 'Docker', 'Git', 'Linux']","Backend Developer (contract) role in the tech domain (contract) at a corporate organization. Location: On-site - Jerusalem. You will assist with planning and reporting, and ensure smooth collaboration across teams. The ideal candidate is organized, curious, and comfortable learning new tools quickly. Key skills include: Docker, Cloud, JavaScript, Git, Linux, Testing. You will gain practical experience and build a strong foundation for your career. Tags: entry-level, junior, student, career. You will help maintain documentation, track metrics, and support regular check-ins with the team.","['student', 'junior', 'career', 'entry-level']"
1021,BI Analyst (internship),data,On-site - Tel Aviv,internship,startup,"['Python', 'Pandas', 'NumPy', 'Excel', 'Machine Learning', 'Data Visualization', 'ETL']","BI Analyst (internship) role in the data domain (internship) at a startup organization. Location: On-site - Tel Aviv. You will take ownership of tasks, communicate progress clearly, and help deliver high-quality outcomes on time. We are looking for a proactive, detail-oriented candidate with strong communication skills. Key skills include: ETL, Python, Machine Learning, NumPy, Data Visualization, Pandas. You will join a supportive team with opportunities to learn and grow. Tags: student, entry-level, career, junior. You will help maintain documentation, track metrics, and support regular check-ins with the team.","['student', 'junior', 'career', 'entry-level']"
4299,Backend Developer (contract),tech,Hybrid - Tel Aviv,contract,nonprofit,"['React', 'Cloud', 'SQL', 'Git', 'Testing', 'APIs', 'Python']","Backend Developer (contract) role in the tech domain (contract) at a nonprofit organization. Location: Hybrid - Tel Aviv. You will take ownership of tasks, communicate progress clearly, and help deliver high-quality outcomes on time. The ideal candidate is organized, curious, and comfortable learning new tools quickly. Key skills include: Python, React, Cloud, SQL, Git, Testing. You will work in a fast-paced setting with room to take initiative and make an impact. Tags: junior, entry-level, career, student. You will help maintain documentation, track metrics, and support regular check-ins with the team.","['student', 'junior', 'career', 'entry-level']"
7072,Data Analyst (contract),data,Remote (EU time),contract,nonprofit,"['Machine Learning', 'A/B Testing', 'Data Visualization', 'Excel', 'Statistics', 'Python', 'ETL']","Data Analyst (contract) role in the data domain (contract) at a nonprofit organization. Location: Remote (EU time). You will assist with planning and reporting, and ensure smooth collaboration across teams. We value problem-solving, ownership, and the ability to work independently when needed. Key skills include: Statistics, A/B Testing, Excel, Python, Machine Learning, ETL. You will work in a fast-paced setting with room to take initiative and make an impact. Tags: career, student, junior, entry-level. You will help maintain documentation, track metrics, and support regular check-ins with the team.","['student', 'junior', 'career', 'entry-level']"
958,Software Engineer (internship),tech,Remote (EU time),internship,startup,"['Linux', 'JavaScript', 'Testing', 'Cloud', 'React', 'APIs', 'Docker']","Software Engineer (internship) role in the tech domain (internship) at a startup organization. Location: Remote (EU time). You will take ownership of tasks, communicate progress clearly, and help deliver high-quality outcomes on time. We value problem-solving, ownership, and the ability to work independently when needed. Key skills include: Testing, Linux, JavaScript, React, Cloud, APIs. You will work in a fast-paced setting with room to take initiative and make an impact. Tags: student, entry-level, junior, career. You will help maintain documentation, track metrics, and support regular check-ins with the team.","['student', 'junior', 'career', 'entry-level']"
8597,Data Analyst (contract),data,On-site - Jerusalem,contract,startup,"['SQL', 'Python', 'NumPy', 'Machine Learning', 'Excel', 'A/B Testing', 'Pandas']","Data Analyst (contract) role in the data domain (contract) at a startup organization. Location: On-site - Jerusalem. You will take ownership of tasks, communicate progress clearly, and help deliver high-quality outcomes on time. We value problem-solving, ownership, and the ability to work independently when needed. Key skills include: Pandas, A/B Testing, Excel, NumPy, SQL, Machine Learning. You will join a supportive team with opportunities to learn and grow. Tags: career, student, junior, entry-level. You will help maintain documentation, track metrics, and support regular check-ins with the team.","['student', 'junior', 'career', 'entry-level']"
1065,Junior Data Scientist (internship),data,On-site - Jerusalem,internship,startup,"['SQL', 'Machine Learning', 'ETL', 'NumPy', 'A/B Testing', 'Data Visualization', 'Statistics']","Junior Data Scientist (internship) role in the data domain (internship) at a startup organization. Location: On-site - Jerusalem. You will take ownership of tasks, communicate progress clearly, and help deliver high-quality outcomes on time. You should be reliable, collaborative, and able to manage multiple tasks in parallel. Key skills include: NumPy, Statistics, Data Visualization, Machine Learning, ETL, A/B Testing. This role offers hands-on experience in a dynamic environment and exposure to real business challenges. Tags: student, junior, entry-level, career. You will help maintain documentation, track metrics, and support regular check-ins with the team.","['student', 'junior', 'career', 'entry-level']"
6740,QA Engineer (junior full-time),tech,On-site - Jerusalem,junior full-time,startup,"['Cloud', 'JavaScript', 'Docker', 'APIs', 'React', 'SQL', 'Testing']","QA Engineer (junior full-time) role in the tech domain (junior full-time) at a startup organization. Location: On-site - Jerusalem. You will support day-to-day execution, coordinate stakeholders, and contribute to process improvements. You should be reliable, collaborative, and able to manage multiple tasks in parallel. Key skills include: Testing, Docker, APIs, SQL, Cloud, React. You will gain practical experience and build a strong foundation for your career. Tags: career, junior, student, entry-level. You will help maintain documentation, track metrics, and support regular check-ins with the team.","['student', 'junior', 'career', 'entry-level']"
8617,Data Analyst (contract),data,On-site - Tel Aviv,contract,corporate,"['ETL', 'Data Visualization', 'NumPy', 'SQL', 'Statistics', 'Excel', 'Python']","Data Analyst (contract) role in the data domain (contract) at a corporate organization. Location: On-site - Tel Aviv. You will help run operations, document workflows, and drive continuous improvement initiatives. We are looking for a proactive, detail-oriented candidate with strong communication skills. Key skills include: Statistics, Data Visualization, NumPy, Excel, Python, SQL. You will gain practical experience and build a strong foundation for your career. Tags: entry-level, junior, student, career. You will help maintain documentation, track metrics, and support regular check-ins with the team.","['student', 'junior', 'career', 'entry-level']"
2460,Software Engineer (junior full-time),tech,Remote,junior full-time,startup,"['Linux', 'JavaScript', 'Docker', 'React', 'SQL', 'Git', 'Testing']","Software Engineer (junior full-time) role in the tech domain (junior full-time) at a startup organization. Location: Remote. You will take ownership of tasks, communicate progress clearly, and help deliver high-quality outcomes on time. We are looking for a proactive, detail-oriented candidate with strong communication skills. Key skills include: Linux, JavaScript, Docker, SQL, Git, Testing. You will gain practical experience and build a strong foundation for your career. Tags: entry-level, junior, student, career. You will help maintain documentation, track metrics, and support regular check-ins with the team.","['student', 'junior', 'career', 'entry-level']"
5871,BI Analyst (student part-time),data,Remote,student part-time,startup,"['Pandas', 'SQL', 'A/B Testing', 'Python', 'Data Visualization', 'Statistics', 'NumPy']","BI Analyst (student part-time) role in the data domain (student part-time) at a startup organization. Location: Remote. You will take ownership of tasks, communicate progress clearly, and help deliver high-quality outcomes on time. We are looking for a proactive, detail-oriented candidate with strong communication skills. Key skills include: Statistics, NumPy, A/B Testing, Data Visualization, Pandas, SQL. You will gain practical experience and build a strong foundation for your career. Tags: entry-level, career, junior, student. You will help maintain documentation, track metrics, and support regular check-ins with the team.","['student', 'junior', 'career', 'entry-level']"
8142,Junior Data Scientist (internship),data,Hybrid - Herzliya,internship,startup,"['NumPy', 'Excel', 'Data Visualization', 'A/B Testing', 'SQL', 'Python', 'Statistics']","Junior Data Scientist (internship) role in the data domain (internship) at a startup organization. Location: Hybrid - Herzliya. You will help run operations, document workflows, and drive continuous improvement initiatives. We value problem-solving, ownership, and the ability to work independently when needed. Key skills include: Data Visualization, NumPy, SQL, A/B Testing, Python, Statistics. This role offers hands-on experience in a dynamic environment and exposure to real business challenges. Tags: career, entry-level, junior, student. You will help maintain documentation, track metrics, and support regular check-ins with the team.","['student', 'junior', 'career', 'entry-level']"
9249,Data Analyst (junior full-time),data,Remote,junior full-time,SMB,"['Python', 'Excel', 'A/B Testing', 'ETL', 'Data Visualization', 'Machine Learning', 'SQL']","Data Analyst (junior full-time) role in the data domain (junior full-time) at a SMB organization. Location: Remote. You will assist with planning and reporting, and ensure smooth collaboration across teams. The ideal candidate is organized, curious, and comfortable learning new tools quickly. Key skills include: Data Visualization, Excel, A/B Testing, ETL, SQL, Python. You will join a supportive team with opportunities to learn and grow. Tags: career, entry-level, student, junior. You will help maintain documentation, track metrics, and support regular check-ins with the team.","['student', 'junior', 'career', 'entry-level']"
1729,Backend Developer (internship),tech,Hybrid - Herzliya,internship,SMB,"['Python', 'APIs', 'React', 'Cloud', 'SQL', 'Linux', 'Git']","Backend Developer (internship) role in the tech domain (internship) at a SMB organization. Location: Hybrid - Herzliya. You will support day-to-day execution, coordinate stakeholders, and contribute to process improvements. The ideal candidate is organized, curious, and comfortable learning new tools quickly. Key skills include: React, Python, Cloud, Linux, APIs, SQL. You will gain practical experience and build a strong foundation for your career. Tags: career, junior, entry-level, student. You will help maintain documentation, track metrics, and support regular check-ins with the team.","['student', 'junior', 'career', 'entry-level']"
3678,Frontend Developer (contract),tech,Hybrid - Herzliya,contract,nonprofit,"['JavaScript', 'React', 'Python', 'Git', 'Linux', 'Docker', 'APIs']","Frontend Developer (contract) role in the tech domain (contract) at a nonprofit organization. Location: Hybrid - Herzliya. You will take ownership of tasks, communicate progress clearly, and help deliver high-quality outcomes on time. We are looking for a proactive, detail-oriented candidate with strong communication skills. Key skills include: React, APIs, Linux, Python, Docker, Git. This role offers hands-on experience in a dynamic environment and exposure to real business challenges. Tags: career, entry-level, student, junior. You will help maintain documentation, track metrics, and support regular check-ins with the team.","['student', 'junior', 'career', 'entry-level']"
6583,Frontend Developer (junior full-time),tech,On-site - Jerusalem,junior full-time,startup,"['Docker', 'APIs', 'Cloud', 'React', 'Testing', 'Git', 'JavaScript']","Frontend Developer (junior full-time) role in the tech domain (junior full-time) at a startup organization. Location: On-site - Jerusalem. You will take ownership of tasks, communicate progress clearly, and help deliver high-quality outcomes on time. We are looking for a proactive, detail-oriented candidate with strong communication skills. Key skills include: Testing, Cloud, React, APIs, JavaScript, Docker. This role offers hands-on experience in a dynamic environment and exposure to real business challenges. Tags: career, entry-level, junior, student. You will help maintain documentation, track metrics, and support regular check-ins with the team.","['student', 'junior', 'career', 'entry-level']"
8549,Data Analyst (contract),data,Hybrid - Tel Aviv,contract,startup,"['Statistics', 'NumPy', 'Machine Learning', 'ETL', 'SQL', 'Excel', 'A/B Testing']","Data Analyst (contract) role in the data domain (contract) at a startup organization. Location: Hybrid - Tel Aviv. You will take ownership of tasks, communicate progress clearly, and help deliver high-quality outcomes on time. We value problem-solving, ownership, and the ability to work independently when needed. Key skills include: A/B Testing, SQL, NumPy, ETL, Machine Learning, Statistics. You will gain practical experience and build a strong foundation for your career. Tags: entry-level, student, junior, career. You will help maintain documentation, track metrics, and support regular check-ins with the team.","['student', 'junior', 'career', 'entry-level']"
6259,Junior Data Scientist (internship),data,Remote,internship,agency,"['Machine Learning', 'Statistics', 'ETL', 'Python', 'Excel', 'A/B Testing', 'Pandas']","Junior Data Scientist (internship) role in the data domain (internship) at a agency organization. Location: Remote. You will work closely with cross-functional teams, analyze needs, and translate them into actionable steps. You should be reliable, collaborative, and able to manage multiple tasks in parallel. Key skills include: Machine Learning, Python, Excel, ETL, Pandas, A/B Testing. You will gain practical experience and build a strong foundation for your career. Tags: entry-level, student, junior, career. You will help maintain documentation, track metrics, and support regular check-ins with the team.","['student', 'junior', 'career', 'entry-level']"
5065,Junior Data Scientist (internship),data,On-site - Jerusalem,internship,startup,"['SQL', 'Machine Learning', 'ETL', 'NumPy', 'A/B Testing', 'Data Visualization', 'Statistics']","Junior Data Scientist (internship) role in the data domain (internship) at a startup organization. Location: On-site - Jerusalem. You will take ownership of tasks, communicate progress clearly, and help deliver high-quality outcomes on time. The ideal candidate is organized, curious, and comfortable learning new tools quickly. Key skills include: Machine Learning, ETL, A/B Testing, NumPy, Data Visualization, Statistics. You will gain practical experience and build a strong foundation for your career. Tags: student, career, entry-level, junior. You will help maintain documentation, track metrics, and support regular check-ins with the team.","['student', 'junior', 'career', 'entry-level']"
888,BI Analyst (student part-time),data,Remote (EU time),student part-time,corporate,"['ETL', 'SQL', 'A/B Testing', 'Statistics', 'Data Visualization', 'Pandas', 'Machine Learning']","BI Analyst (student part-time) role in the data domain (student part-time) at a corporate organization. Location: Remote (EU time). You will work closely with cross-functional teams, analyze needs, and translate them into actionable steps. We value problem-solving, ownership, and the ability to work independently when needed. Key skills include: SQL, Statistics, ETL, Pandas, Machine Learning, Data Visualization. You will work in a fast-paced setting with room to take initiative and make an impact. Tags: student, entry-level, career, junior. You will help maintain documentation, track metrics, and support regular check-ins with the team.","['student', 'junior', 'career', 'entry-level']"
4735,Junior Data Scientist (student part-time),data,Hybrid - Herzliya,student part-time,startup,"['Python', 'Statistics', 'Data Visualization', 'Excel', 'Pandas', 'SQL', 'NumPy']","Junior Data Scientist (student part-time) role in the data domain (student part-time) at a startup organization. Location: Hybrid - Herzliya. You will help run operations, document workflows, and drive continuous improvement initiatives. You should be reliable, collaborative, and able to manage multiple tasks in parallel. Key skills include: Data Visualization, Python, Statistics, NumPy, Pandas, SQL. You will gain practical experience and build a strong foundation for your career. Tags: entry-level, career, student, junior. You will help maintain documentation, track metrics, and support regular check-ins with the team.","['student', 'junior', 'career', 'entry-level']"
2810,Software Engineer (internship),tech,On-site - Tel Aviv,internship,startup,"['JavaScript', 'Linux', 'Cloud', 'Git', 'APIs', 'SQL', 'Python']","Software Engineer (internship) role in the tech domain (internship) at a startup organization. Location: On-site - Tel Aviv. You will assist with planning and reporting, and ensure smooth collaboration across teams. We value problem-solving, ownership, and the ability to work independently when needed. Key skills include: APIs, SQL, Git, Python, Linux, Cloud. This role offers hands-on experience in a dynamic environment and exposure to real business challenges. Tags: entry-level, student, career, junior. You will help maintain documentation, track metrics, and support regular check-ins with the team.","['student', 'junior', 'career', 'entry-level']"
4768,Backend Developer (student part-time),tech,Remote (EU time),student part-time,agency,"['JavaScript', 'APIs', 'SQL', 'React', 'Linux', 'Cloud', 'Docker']","Backend Developer (student part-time) role in the tech domain (student part-time) at a agency organization. Location: Remote (EU time). You will assist with planning and reporting, and ensure smooth collaboration across teams. You should be reliable, collaborative, and able to manage multiple tasks in parallel. Key skills include: Docker, SQL, Cloud, React, JavaScript, Linux. This role offers hands-on experience in a dynamic environment and exposure to real business challenges. Tags: student, career, junior, entry-level. You will help maintain documentation, track metrics, and support regular check-ins with the team.","['student', 'junior', 'career', 'entry-level']"
1667,BI Analyst (contract),data,Remote (EU time),contract,SMB,"['A/B Testing', 'Pandas', 'ETL', 'Machine Learning', 'NumPy', 'Statistics', 'Data Visualization']","BI Analyst (contract) role in the data domain (contract) at a SMB organization. Location: Remote (EU time). You will help run operations, document workflows, and drive continuous improvement initiatives. We are looking for a proactive, detail-oriented candidate with strong communication skills. Key skills include: A/B Testing, ETL, NumPy, Machine Learning, Data Visualization, Pandas. This role offers hands-on experience in a dynamic environment and exposure to real business challenges. Tags: junior, career, entry-level, student. You will help maintain documentation, track metrics, and support regular check-ins with the team.","['student', 'junior', 'career', 'entry-level']"
7077,BI Analyst (internship),data,On-site - Jerusalem,internship,corporate,"['Data Visualization', 'Machine Learning', 'Python', 'Pandas', 'Excel', 'ETL', 'Statistics']","BI Analyst (internship) role in the data domain (internship) at a corporate organization. Location: On-site - Jerusalem. You will help run operations, document workflows, and drive continuous improvement initiatives. The ideal candidate is organized, curious, and comfortable learning new tools quickly. Key skills include: Statistics, Data Visualization, Machine Learning, Pandas, ETL, Excel. This role offers hands-on experience in a dynamic environment and exposure to real business challenges. Tags: career, student, junior, entry-level. You will help maintain documentation, track metrics, and support regular check-ins with the team.","['student', 'junior', 'career', 'entry-level']"
515,Data Analyst (internship),data,Remote (EU time),internship,agency,"['Excel', 'Statistics', 'Data Visualization', 'A/B Testing', 'Pandas', 'Machine Learning', 'ETL']","Data Analyst (internship) role in the data domain (internship) at a agency organization. Location: Remote (EU time). You will support day-to-day execution, coordinate stakeholders, and contribute to process improvements. The ideal candidate is organized, curious, and comfortable learning new tools quickly. Key skills include: Pandas, Excel, Machine Learning, Data Visualization, Statistics, A/B Testing. You will gain practical experience and build a strong foundation for your career. Tags: entry-level, career, student, junior. You will help maintain documentation, track metrics, and support regular check-ins with the team.","['student', 'junior', 'career', 'entry-level']"
5117,Frontend Developer (student part-time),tech,Remote,student part-time,SMB,"['React', 'Git', 'JavaScript', 'Linux', 'SQL', 'Python', 'Cloud']","Frontend Developer (student part-time) role in the tech domain (student part-time) at a SMB organization. Location: Remote. You will help run operations, document workflows, and drive continuous improvement initiatives. You should be reliable, collaborative, and able to manage multiple tasks in parallel. Key skills include: React, JavaScript, Linux, Git, Python, SQL. You will join a supportive team with opportunities to learn and grow. Tags: junior, career, student, entry-level. You will help maintain documentation, track metrics, and support regular check-ins with the team.","['student', 'junior', 'career', 'entry-level']"
3371,BI Analyst (contract),data,Hybrid - Herzliya,contract,SMB,"['SQL', 'Pandas', 'ETL', 'Machine Learning', 'Excel', 'Python', 'NumPy']","BI Analyst (contract) role in the data domain (contract) at a SMB organization. Location: Hybrid - Herzliya. You will take ownership of tasks, communicate progress clearly, and help deliver high-quality outcomes on time. You should be reliable, collaborative, and able to manage multiple tasks in parallel. Key skills include: SQL, NumPy, Excel, ETL, Machine Learning, Pandas. You will work in a fast-paced setting with room to take initiative and make an impact. Tags: junior, entry-level, career, student. You will help maintain documentation, track metrics, and support regular check-ins with the team.","['student', 'junior', 'career', 'entry-level']"
4025,Junior Data Scientist (student part-time),data,Remote,student part-time,agency,"['SQL', 'NumPy', 'Python', 'Statistics', 'ETL', 'A/B Testing', 'Pandas']","Junior Data Scientist (student part-time) role in the data domain (student part-time) at a agency organization. Location: Remote. You will work closely with cross-functional teams, analyze needs, and translate them into actionable steps. The ideal candidate is organized, curious, and comfortable learning new tools quickly. Key skills include: NumPy, SQL, ETL, Pandas, A/B Testing, Statistics. This role offers hands-on experience in a dynamic environment and exposure to real business challenges. Tags: junior, entry-level, student, career. You will help maintain documentation, track metrics, and support regular check-ins with the team.","['student', 'junior', 'career', 'entry-level']"
7176,BI Analyst (internship),data,On-site - Jerusalem,internship,startup,"['Machine Learning', 'Pandas', 'NumPy', 'Data Visualization', 'Excel', 'Python', 'SQL']","BI Analyst (internship) role in the data domain (internship) at a startup organization. Location: On-site - Jerusalem. You will assist with planning and reporting, and ensure smooth collaboration across teams. We are looking for a proactive, detail-oriented candidate with strong communication skills. Key skills include: NumPy, Excel, Python, Data Visualization, Machine Learning, Pandas. You will gain practical experience and build a strong foundation for your career. Tags: career, junior, student, entry-level. You will help maintain documentation, track metrics, and support regular check-ins with the team.","['student', 'junior', 'career', 'entry-level']"
6625,Data Analyst (internship),data,Remote (EU time),internship,nonprofit,"['NumPy', 'Statistics', 'ETL', 'SQL', 'A/B Testing', 'Data Visualization', 'Pandas']","Data Analyst (internship) role in the data domain (internship) at a nonprofit organization. Location: Remote (EU time). You will help run operations, document workflows, and drive continuous improvement initiatives. You should be reliable, collaborative, and able to manage multiple tasks in parallel. Key skills include: NumPy, ETL, Statistics, SQL, A/B Testing, Data Visualization. You will work in a fast-paced setting with room to take initiative and make an impact. Tags: student, junior, career, entry-level. You will help maintain documentation, track metrics, and support regular check-ins with the team.","['student', 'junior', 'career', 'entry-level']"
5575,Software Engineer (student part-time),tech,On-site - Tel Aviv,student part-time,startup,"['React', 'Cloud', 'SQL', 'APIs', 'Testing', 'Docker', 'JavaScript']","Software Engineer (student part-time) role in the tech domain (student part-time) at a startup organization. Location: On-site - Tel Aviv. You will support day-to-day execution, coordinate stakeholders, and contribute to process improvements. The ideal candidate is organized, curious, and comfortable learning new tools quickly. Key skills include: Testing, APIs, React, Docker, JavaScript, Cloud. You will join a supportive team with opportunities to learn and grow. Tags: student, career, entry-level, junior. You will help maintain documentation, track metrics, and support regular check-ins with the team.","['student', 'junior', 'career', 'entry-level']"
7772,Junior Data Scientist (junior full-time),data,On-site - Tel Aviv,junior full-time,agency,"['Pandas', 'SQL', 'ETL', 'Python', 'A/B Testing', 'Excel', 'Machine Learning']","Junior Data Scientist (junior full-time) role in the data domain (junior full-time) at a agency organization. Location: On-site - Tel Aviv. You will help run operations, document workflows, and drive continuous improvement initiatives. You should be reliable, collaborative, and able to manage multiple tasks in parallel. Key skills include: Python, Pandas, SQL, ETL, A/B Testing, Excel. You will join a supportive team with opportunities to learn and grow. Tags: career, student, junior, entry-level. You will help maintain documentation, track metrics, and support regular check-ins with the team.","['student', 'junior', 'career', 'entry-level']"
2920,BI Analyst (junior full-time),data,Remote (EU time),junior full-time,corporate,"['Python', 'Statistics', 'SQL', 'NumPy', 'Pandas', 'Excel', 'Machine Learning']","BI Analyst (junior full-time) role in the data domain (junior full-time) at a corporate organization. Location: Remote (EU time). You will work closely with cross-functional teams, analyze needs, and translate them into actionable steps. You should be reliable, collaborative, and able to manage multiple tasks in parallel. Key skills include: Statistics, Machine Learning, SQL, Excel, Pandas, Python. This role offers hands-on experience in a dynamic environment and exposure to real business challenges. Tags: career, junior, student, entry-level. You will help maintain documentation, track metrics, and support regular check-ins with the team.","['student', 'junior', 'career', 'entry-level']"
1961,BI Analyst (student part-time),data,Remote,student part-time,SMB,"['NumPy', 'ETL', 'A/B Testing', 'SQL', 'Excel', 'Python', 'Data Visualization']","BI Analyst (student part-time) role in the data domain (student part-time) at a SMB organization. Location: Remote. You will work closely with cross-functional teams, analyze needs, and translate them into actionable steps. The ideal candidate is organized, curious, and comfortable learning new tools quickly. Key skills include: SQL, Excel, Data Visualization, A/B Testing, ETL, Python. You will join a supportive team with opportunities to learn and grow. Tags: career, student, junior, entry-level. You will help maintain documentation, track metrics, and support regular check-ins with the team.","['student', 'junior', 'career', 'entry-level']"
443,Backend Developer (contract),tech,Remote,contract,SMB,"['JavaScript', 'Cloud', 'Git', 'Linux', 'Testing', 'Python', 'SQL']","Backend Developer (contract) role in the tech domain (contract) at a SMB organization. Location: Remote. You will take ownership of tasks, communicate progress clearly, and help deliver high-quality outcomes on time. We are looking for a proactive, detail-oriented candidate with strong communication skills. Key skills include: Python, Cloud, Git, Linux, Testing, SQL. This role offers hands-on experience in a dynamic environment and exposure to real business challenges. Tags: entry-level, junior, student, career. You will help maintain documentation, track metrics, and support regular check-ins with the team.","['student', 'junior', 'career', 'entry-level']"
9415,Backend Developer (student part-time),tech,On-site - Jerusalem,student part-time,agency,"['Testing', 'APIs', 'Linux', 'React', 'Cloud', 'JavaScript', 'SQL']","Backend Developer (student part-time) role in the tech domain (student part-time) at a agency organization. Location: On-site - Jerusalem. You will help run operations, document workflows, and drive continuous improvement initiatives. You should be reliable, collaborative, and able to manage multiple tasks in parallel. Key skills include: SQL, React, JavaScript, Testing, APIs, Cloud. You will gain practical experience and build a strong foundation for your career. Tags: career, junior, student, entry-level. You will help maintain documentation, track metrics, and support regular check-ins with the team.","['student', 'junior', 'career', 'entry-level']"
4305,QA Engineer (contract),tech,Remote (EU time),contract,SMB,"['Python', 'React', 'APIs', 'Docker', 'Git', 'JavaScript', 'Cloud']","QA Engineer (contract) role in the tech domain (contract) at a SMB organization. Location: Remote (EU time). You will help run operations, document workflows, and drive continuous improvement initiatives. You should be reliable, collaborative, and able to manage multiple tasks in parallel. Key skills include: React, Python, JavaScript, Docker, Git, APIs. You will join a supportive team with opportunities to learn and grow. Tags: entry-level, junior, student, career. You will help maintain documentation, track metrics, and support regular check-ins with the team.","['student', 'junior', 'career', 'entry-level']"
6300,Frontend Developer (junior full-time),tech,Remote (EU time),junior full-time,SMB,"['Python', 'Cloud', 'JavaScript', 'APIs', 'Docker', 'Git', 'SQL']","Frontend Developer (junior full-time) role in the tech domain (junior full-time) at a SMB organization. Location: Remote (EU time). You will work closely with cross-functional teams, analyze needs, and translate them into actionable steps. The ideal candidate is organized, curious, and comfortable learning new tools quickly. Key skills include: APIs, JavaScript, SQL, Python, Docker, Git. You will join a supportive team with opportunities to learn and grow. Tags: career, student, entry-level, junior. You will help maintain documentation, track metrics, and support regular check-ins with the team.","['student', 'junior', 'career', 'entry-level']"
9130,Data Analyst (student part-time),data,Hybrid - Herzliya,student part-time,nonprofit,"['Excel', 'Data Visualization', 'NumPy', 'Pandas', 'Statistics', 'Python', 'Machine Learning']","Data Analyst (student part-time) role in the data domain (student part-time) at a nonprofit organization. Location: Hybrid - Herzliya. You will help run operations, document workflows, and drive continuous improvement initiatives. We value problem-solving, ownership, and the ability to work independently when needed. Key skills include: NumPy, Excel, Data Visualization, Pandas, Python, Machine Learning. You will work in a fast-paced setting with room to take initiative and make an impact. Tags: junior, entry-level, career, student. You will help maintain documentation, track metrics, and support regular check-ins with the team.","['student', 'junior', 'career', 'entry-level']"
670,Junior Data Scientist (student part-time),data,Hybrid - Herzliya,student part-time,startup,"['Machine Learning', 'Pandas', 'SQL', 'Python', 'Excel', 'Statistics', 'NumPy']","Junior Data Scientist (student part-time) role in the data domain (student part-time) at a startup organization. Location: Hybrid - Herzliya. You will work closely with cross-functional teams, analyze needs, and translate them into actionable steps. The ideal candidate is organized, curious, and comfortable learning new tools quickly. Key skills include: Machine Learning, Python, SQL, Excel, Statistics, NumPy. You will join a supportive team with opportunities to learn and grow. Tags: entry-level, career, junior, student. You will help maintain documentation, track metrics, and support regular check-ins with the team.","['student', 'junior', 'career', 'entry-level']"
4868,Frontend Developer (contract),tech,Remote (EU time),contract,SMB,"['APIs', 'SQL', 'Python', 'Git', 'Testing', 'JavaScript', 'Docker']","Frontend Developer (contract) role in the tech domain (contract) at a SMB organization. Location: Remote (EU time). You will assist with planning and reporting, and ensure smooth collaboration across teams. You should be reliable, collaborative, and able to manage multiple tasks in parallel. Key skills include: Docker, Testing, Python, SQL, Git, JavaScript. This role offers hands-on experience in a dynamic environment and exposure to real business challenges. Tags: career, student, entry-level, junior. You will help maintain documentation, track metrics, and support regular check-ins with the team.","['student', 'junior', 'career', 'entry-level']"
1803,Backend Developer (junior full-time),tech,Remote (EU time),junior full-time,SMB,"['Cloud', 'SQL', 'Testing', 'Docker', 'JavaScript', 'Linux', 'Python']","Backend Developer (junior full-time) role in the tech domain (junior full-time) at a SMB organization. Location: Remote (EU time). You will work closely with cross-functional teams, analyze needs, and translate them into actionable steps. The ideal candidate is organized, curious, and comfortable learning new tools quickly. Key skills include: Python, Testing, Cloud, JavaScript, Linux, Docker. You will join a supportive team with opportunities to learn and grow. Tags: junior, career, entry-level, student. You will help maintain documentation, track metrics, and support regular check-ins with the team.","['student', 'junior', 'career', 'entry-level']"
1951,Junior Data Scientist (student part-time),data,Remote (EU time),student part-time,startup,"['ETL', 'Excel', 'Python', 'Pandas', 'Data Visualization', 'SQL', 'NumPy']","Junior Data Scientist (student part-time) role in the data domain (student part-time) at a startup organization. Location: Remote (EU time). You will support day-to-day execution, coordinate stakeholders, and contribute to process improvements. You should be reliable, collaborative, and able to manage multiple tasks in parallel. Key skills include: SQL, Data Visualization, Excel, Pandas, Python, NumPy. You will gain practical experience and build a strong foundation for your career. Tags: student, career, entry-level, junior. You will help maintain documentation, track metrics, and support regular check-ins with the team.","['student', 'junior', 'career', 'entry-level']"
2146,Data Analyst (internship),data,Remote (EU time),internship,SMB,"['Data Visualization', 'SQL', 'Pandas', 'Excel', 'NumPy', 'Machine Learning', 'Statistics']","Data Analyst (internship) role in the data domain (internship) at a SMB organization. Location: Remote (EU time). You will take ownership of tasks, communicate progress clearly, and help deliver high-quality outcomes on time. The ideal candidate is organized, curious, and comfortable learning new tools quickly. Key skills include: Data Visualization, SQL, Machine Learning, Excel, Pandas, NumPy. You will join a supportive team with opportunities to learn and grow. Tags: entry-level, junior, career, student. You will help maintain documentation, track metrics, and support regular check-ins with the team.","['student', 'junior', 'career', 'entry-level']"
6314,BI Analyst (contract),data,On-site - Tel Aviv,contract,startup,"['Pandas', 'Statistics', 'Data Visualization', 'NumPy', 'SQL', 'Excel', 'Machine Learning']","BI Analyst (contract) role in the data domain (contract) at a startup organization. Location: On-site - Tel Aviv. You will assist with planning and reporting, and ensure smooth collaboration across teams. The ideal candidate is organized, curious, and comfortable learning new tools quickly. Key skills include: Excel, NumPy, SQL, Machine Learning, Data Visualization, Pandas. You will work in a fast-paced setting with room to take initiative and make an impact. Tags: entry-level, career, student, junior. You will help maintain documentation, track metrics, and support regular check-ins with the team.","['student', 'junior', 'career', 'entry-level']"
916,Frontend Developer (contract),tech,Remote (EU time),contract,nonprofit,"['Python', 'JavaScript', 'Testing', 'SQL', 'Git', 'Linux', 'Cloud']","Frontend Developer (contract) role in the tech domain (contract) at a nonprofit organization. Location: Remote (EU time). You will work closely with cross-functional teams, analyze needs, and translate them into actionable steps. We are looking for a proactive, detail-oriented candidate with strong communication skills. Key skills include: Cloud, Testing, Git, SQL, JavaScript, Python. You will join a supportive team with opportunities to learn and grow. Tags: junior, career, student, entry-level. You will help maintain documentation, track metrics, and support regular check-ins with the team.","['student', 'junior', 'career', 'entry-level']"
9837,Frontend Developer (student part-time),tech,On-site - Jerusalem,student part-time,startup,"['Testing', 'SQL', 'React', 'Python', 'Git', 'Docker', 'Linux']","Frontend Developer (student part-time) role in the tech domain (student part-time) at a startup organization. Location: On-site - Jerusalem. You will support day-to-day execution, coordinate stakeholders, and contribute to process improvements. We are looking for a proactive, detail-oriented candidate with strong communication skills. Key skills include: Docker, Git, SQL, Testing, React, Linux. This role offers hands-on experience in a dynamic environment and exposure to real business challenges. Tags: junior, career, entry-level, student. You will help maintain documentation, track metrics, and support regular check-ins with the team.","['student', 'junior', 'career', 'entry-level']"
2357,Software Engineer (internship),tech,Hybrid - Herzliya,internship,startup,"['Testing', 'Git', 'Linux', 'Cloud', 'Python', 'JavaScript', 'React']","Software Engineer (internship) role in the tech domain (internship) at a startup organization. Location: Hybrid - Herzliya. You will take ownership of tasks, communicate progress clearly, and help deliver high-quality outcomes on time. We value problem-solving, ownership, and the ability to work independently when needed. Key skills include: Testing, React, Cloud, Linux, Git, JavaScript. You will gain practical experience and build a strong foundation for your career. Tags: student, career, entry-level, junior. You will help maintain documentation, track metrics, and support regular check-ins with the team.","['student', 'junior', 'career', 'entry-level']"
1805,QA Engineer (internship),tech,Remote,internship,agency,"['Testing', 'APIs', 'React', 'JavaScript', 'Python', 'Cloud', 'Linux']","QA Engineer (internship) role in the tech domain (internship) at a agency organization. Location: Remote. You will assist with planning and reporting, and ensure smooth collaboration across teams. We are looking for a proactive, detail-oriented candidate with strong communication skills. Key skills include: React, JavaScript, Cloud, Testing, Linux, Python. This role offers hands-on experience in a dynamic environment and exposure to real business challenges. Tags: junior, student, career, entry-level. You will help maintain documentation, track metrics, and support regular check-ins with the team.","['student', 'junior', 'career', 'entry-level']"
9769,Junior Data Scientist (contract),data,Remote (EU time),contract,SMB,"['NumPy', 'ETL', 'Statistics', 'Excel', 'Data Visualization', 'Machine Learning', 'SQL']","Junior Data Scientist (contract) role in the data domain (contract) at a SMB organization. Location: Remote (EU time). You will support day-to-day execution, coordinate stakeholders, and contribute to process improvements. We value problem-solving, ownership, and the ability to work independently when needed. Key skills include: Machine Learning, Excel, Statistics, Data Visualization, ETL, SQL. You will work in a fast-paced setting with room to take initiative and make an impact. Tags: junior, student, career, entry-level. You will help maintain documentation, track metrics, and support regular check-ins with the team.","['student', 'junior', 'career', 'entry-level']"
597,Data Analyst (student part-time),data,Remote (EU time),student part-time,corporate,"['Machine Learning', 'Excel', 'Statistics', 'ETL', 'A/B Testing', 'NumPy', 'Pandas']","Data Analyst (student part-time) role in the data domain (student part-time) at a corporate organization. Location: Remote (EU time). You will work closely with cross-functional teams, analyze needs, and translate them into actionable steps. The ideal candidate is organized, curious, and comfortable learning new tools quickly. Key skills include: ETL, Machine Learning, A/B Testing, Pandas, Statistics, Excel. You will gain practical experience and build a strong foundation for your career. Tags: career, junior, entry-level, student. You will help maintain documentation, track metrics, and support regular check-ins with the team.","['student', 'junior', 'career', 'entry-level']"
6745,BI Analyst (student part-time),data,Hybrid - Tel Aviv,student part-time,nonprofit,"['Excel', 'A/B Testing', 'Statistics', 'NumPy', 'Pandas', 'SQL', 'ETL']","BI Analyst (student part-time) role in the data domain (student part-time) at a nonprofit organization. Location: Hybrid - Tel Aviv. You will work closely with cross-functional teams, analyze needs, and translate them into actionable steps. We value problem-solving, ownership, and the ability to work independently when needed. Key skills include: A/B Testing, Excel, NumPy, Pandas, Statistics, SQL. You will work in a fast-paced setting with room to take initiative and make an impact. Tags: entry-level, student, junior, career. You will help maintain documentation, track metrics, and support regular check-ins with the team.","['student', 'junior', 'career', 'entry-level']"
2958,Junior Data Scientist (junior full-time),data,On-site - Tel Aviv,junior full-time,agency,"['ETL', 'NumPy', 'Data Visualization', 'Excel', 'Pandas', 'A/B Testing', 'Python']","Junior Data Scientist (junior full-time) role in the data domain (junior full-time) at a agency organization. Location: On-site - Tel Aviv. You will work closely with cross-functional teams, analyze needs, and translate them into actionable steps. The ideal candidate is organized, curious, and comfortable learning new tools quickly. Key skills include: Data Visualization, A/B Testing, Pandas, Python, NumPy, Excel. You will work in a fast-paced setting with room to take initiative and make an impact. Tags: junior, entry-level, student, career.","['student', 'junior', 'career', 'entry-level']"
4584,Software Engineer (internship),tech,On-site - Tel Aviv,internship,startup,"['SQL', 'Linux', 'APIs', 'Cloud', 'JavaScript', 'React', 'Testing']","Software Engineer (internship) role in the tech domain (internship) at a startup organization. Location: On-site - Tel Aviv. You will take ownership of tasks, communicate progress clearly, and help deliver high-quality outcomes on time. You should be reliable, collaborative, and able to manage multiple tasks in parallel. Key skills include: Cloud, React, Linux, Testing, APIs, SQL. You will work in a fast-paced setting with room to take initiative and make an impact. Tags: student, career, entry-level, junior. You will help maintain documentation, track metrics, and support regular check-ins with the team.","['student', 'junior', 'career', 'entry-level']"
7771,QA Engineer (internship),tech,On-site - Tel Aviv,internship,SMB,"['Cloud', 'Python', 'Linux', 'Docker', 'React', 'SQL', 'Git']","QA Engineer (internship) role in the tech domain (internship) at a SMB organization. Location: On-site - Tel Aviv. You will take ownership of tasks, communicate progress clearly, and help deliver high-quality outcomes on time. We are looking for a proactive, detail-oriented candidate with strong communication skills. Key skills include: Cloud, Docker, Linux, Git, SQL, React. This role offers hands-on experience in a dynamic environment and exposure to real business challenges. Tags: entry-level, student, career, junior. You will help maintain documentation, track metrics, and support regular check-ins with the team.","['student', 'junior', 'career', 'entry-level']"
8086,Backend Developer (internship),tech,On-site - Jerusalem,internship,startup,"['Python', 'JavaScript', 'Docker', 'SQL', 'React', 'Git', 'APIs']","Backend Developer (internship) role in the tech domain (internship) at a startup organization. Location: On-site - Jerusalem. You will assist with planning and reporting, and ensure smooth collaboration across teams. You should be reliable, collaborative, and able to manage multiple tasks in parallel. Key skills include: JavaScript, SQL, React, APIs, Python, Git. You will gain practical experience and build a strong foundation for your career. Tags: career, entry-level, student, junior. You will help maintain documentation, track metrics, and support regular check-ins with the team.","['student', 'junior', 'career', 'entry-level']"
9864,Software Engineer (contract),tech,Hybrid - Herzliya,contract,nonprofit,"['Linux', 'React', 'SQL', 'Git', 'Cloud', 'Python', 'APIs']","Software Engineer (contract) role in the tech domain (contract) at a nonprofit organization. Location: Hybrid - Herzliya. You will take ownership of tasks, communicate progress clearly, and help deliver high-quality outcomes on time. You should be reliable, collaborative, and able to manage multiple tasks in parallel. Key skills include: React, APIs, Git, Python, Cloud, Linux. This role offers hands-on experience in a dynamic environment and exposure to real business challenges. Tags: entry-level, career, junior, student. You will help maintain documentation, track metrics, and support regular check-ins with the team.","['student', 'junior', 'career', 'entry-level']"
2074,Backend Developer (student part-time),tech,On-site - Jerusalem,student part-time,SMB,"['Python', 'Docker', 'APIs', 'React', 'Cloud', 'JavaScript', 'Testing']","Backend Developer (student part-time) role in the tech domain (student part-time) at a SMB organization. Location: On-site - Jerusalem. You will help run operations, document workflows, and drive continuous improvement initiatives. We are looking for a proactive, detail-oriented candidate with strong communication skills. Key skills include: Python, Docker, JavaScript, React, Cloud, Testing. You will gain practical experience and build a strong foundation for your career. Tags: entry-level, student, career, junior. You will help maintain documentation, track metrics, and support regular check-ins with the team.","['student', 'junior', 'career', 'entry-level']"
8575,Junior Data Scientist (internship),data,Remote,internship,nonprofit,"['Python', 'Machine Learning', 'A/B Testing', 'Pandas', 'NumPy', 'ETL', 'Excel']","Junior Data Scientist (internship) role in the data domain (internship) at a nonprofit organization. Location: Remote. You will work closely with cross-functional teams, analyze needs, and translate them into actionable steps. We are looking for a proactive, detail-oriented candidate with strong communication skills. Key skills include: ETL, Excel, Pandas, A/B Testing, Machine Learning, Python. You will join a supportive team with opportunities to learn and grow. Tags: student, career, junior, entry-level. You will help maintain documentation, track metrics, and support regular check-ins with the team.","['student', 'junior', 'career', 'entry-level']"
1278,Frontend Developer (contract),tech,Remote (EU time),contract,startup,"['Linux', 'React', 'SQL', 'Python', 'APIs', 'Docker', 'Git']","Frontend Developer (contract) role in the tech domain (contract) at a startup organization. Location: Remote (EU time). You will help run operations, document workflows, and drive continuous improvement initiatives. You should be reliable, collaborative, and able to manage multiple tasks in parallel. Key skills include: SQL, Python, Git, Docker, React, APIs. This role offers hands-on experience in a dynamic environment and exposure to real business challenges. Tags: entry-level, student, junior, career. You will help maintain documentation, track metrics, and support regular check-ins with the team.","['student', 'junior', 'career', 'entry-level']"
974,Backend Developer (contract),tech,Remote,contract,startup,"['Docker', 'Git', 'Testing', 'React', 'Cloud', 'SQL', 'Python']","Backend Developer (contract) role in the tech domain (contract) at a startup organization. Location: Remote. You will work closely with cross-functional teams, analyze needs, and translate them into actionable steps. The ideal candidate is organized, curious, and comfortable learning new tools quickly. Key skills include: React, Testing, Cloud, Git, SQL, Python. You will join a supportive team with opportunities to learn and grow. Tags: entry-level, career, junior, student. You will help maintain documentation, track metrics, and support regular check-ins with the team.","['student', 'junior', 'career', 'entry-level']"
5398,Software Engineer (internship),tech,Remote,internship,nonprofit,"['JavaScript', 'Testing', 'Git', 'Cloud', 'Python', 'SQL', 'Docker']","Software Engineer (internship) role in the tech domain (internship) at a nonprofit organization. Location: Remote. You will help run operations, document workflows, and drive continuous improvement initiatives. We are looking for a proactive, detail-oriented candidate with strong communication skills. Key skills include: Python, Cloud, SQL, JavaScript, Git, Testing. You will join a supportive team with opportunities to learn and grow. Tags: entry-level, junior, career, student. You will help maintain documentation, track metrics, and support regular check-ins with the team. You may assist with basic analysis, preparing summaries, and improving internal workflows.","['student', 'junior', 'career', 'entry-level']"
1367,Backend Developer (internship),tech,Remote,internship,nonprofit,"['JavaScript', 'SQL', 'React', 'Docker', 'APIs', 'Python', 'Git']","Backend Developer (internship) role in the tech domain (internship) at a nonprofit organization. Location: Remote. You will help run operations, document workflows, and drive continuous improvement initiatives. We value problem-solving, ownership, and the ability to work independently when needed. Key skills include: React, JavaScript, Docker, Git, Python, SQL. You will gain practical experience and build a strong foundation for your career. Tags: entry-level, junior, career, student. You will help maintain documentation, track metrics, and support regular check-ins with the team.","['student', 'junior', 'career', 'entry-level']"
6128,Frontend Developer (contract),tech,On-site - Tel Aviv,contract,agency,"['SQL', 'Python', 'Docker', 'Cloud', 'APIs', 'Testing', 'JavaScript']","Frontend Developer (contract) role in the tech domain (contract) at a agency organization. Location: On-site - Tel Aviv. You will help run operations, document workflows, and drive continuous improvement initiatives. You should be reliable, collaborative, and able to manage multiple tasks in parallel. Key skills include: Cloud, Testing, JavaScript, Python, SQL, APIs. You will join a supportive team with opportunities to learn and grow. Tags: student, career, junior, entry-level. You will help maintain documentation, track metrics, and support regular check-ins with the team.","['student', 'junior', 'career', 'entry-level']"
4031,Software Engineer (junior full-time),tech,Remote,junior full-time,corporate,"['Git', 'React', 'Linux', 'Cloud', 'APIs', 'SQL', 'Python']","Software Engineer (junior full-time) role in the tech domain (junior full-time) at a corporate organization. Location: Remote. You will work closely with cross-functional teams, analyze needs, and translate them into actionable steps. You should be reliable, collaborative, and able to manage multiple tasks in parallel. Key skills include: Python, React, Git, SQL, APIs, Cloud. You will gain practical experience and build a strong foundation for your career. Tags: entry-level, junior, student, career. You will help maintain documentation, track metrics, and support regular check-ins with the team.","['student', 'junior', 'career', 'entry-level']"
2606,Software Engineer (internship),tech,Hybrid - Tel Aviv,internship,nonprofit,"['Git', 'Python', 'Linux', 'SQL', 'Cloud', 'Testing', 'APIs']","Software Engineer (internship) role in the tech domain (internship) at a nonprofit organization. Location: Hybrid - Tel Aviv. You will take ownership of tasks, communicate progress clearly, and help deliver high-quality outcomes on time. We value problem-solving, ownership, and the ability to work independently when needed. Key skills include: Cloud, Testing, Python, Git, Linux, SQL. You will join a supportive team with opportunities to learn and grow. Tags: student, junior, entry-level, career. You will help maintain documentation, track metrics, and support regular check-ins with the team.","['student', 'junior', 'career', 'entry-level']"
3742,Data Analyst (student part-time),data,On-site - Tel Aviv,student part-time,agency,"['Data Visualization', 'Pandas', 'A/B Testing', 'SQL', 'NumPy', 'Statistics', 'Excel']","Data Analyst (student part-time) role in the data domain (student part-time) at a agency organization. Location: On-site - Tel Aviv. You will support day-to-day execution, coordinate stakeholders, and contribute to process improvements. The ideal candidate is organized, curious, and comfortable learning new tools quickly. Key skills include: Statistics, Pandas, Excel, A/B Testing, NumPy, Data Visualization. This role offers hands-on experience in a dynamic environment and exposure to real business challenges. Tags: career, student, entry-level, junior. You will help maintain documentation, track metrics, and support regular check-ins with the team.","['student', 'junior', 'career', 'entry-level']"
2730,Data Analyst (student part-time),data,On-site - Tel Aviv,student part-time,startup,"['Excel', 'Pandas', 'Machine Learning', 'Python', 'Statistics', 'SQL', 'Data Visualization']","Data Analyst (student part-time) role in the data domain (student part-time) at a startup organization. Location: On-site - Tel Aviv. You will support day-to-day execution, coordinate stakeholders, and contribute to process improvements. You should be reliable, collaborative, and able to manage multiple tasks in parallel. Key skills include: Python, Pandas, Statistics, Data Visualization, SQL, Machine Learning. You will join a supportive team with opportunities to learn and grow. Tags: entry-level, junior, career, student. You will help maintain documentation, track metrics, and support regular check-ins with the team.","['student', 'junior', 'career', 'entry-level']"
6915,Data Analyst (contract),data,On-site - Tel Aviv,contract,corporate,"['Statistics', 'Data Visualization', 'SQL', 'Machine Learning', 'Python', 'Pandas', 'A/B Testing']","Data Analyst (contract) role in the data domain (contract) at a corporate organization. Location: On-site - Tel Aviv. You will help run operations, document workflows, and drive continuous improvement initiatives. You should be reliable, collaborative, and able to manage multiple tasks in parallel. Key skills include: Machine Learning, Pandas, Python, Data Visualization, A/B Testing, Statistics. You will join a supportive team with opportunities to learn and grow. Tags: student, career, entry-level, junior. You will help maintain documentation, track metrics, and support regular check-ins with the team.","['student', 'junior', 'career', 'entry-level']"
4163,Data Analyst (student part-time),data,Hybrid - Tel Aviv,student part-time,agency,"['A/B Testing', 'Python', 'SQL', 'Statistics', 'ETL', 'Pandas', 'Machine Learning']","Data Analyst (student part-time) role in the data domain (student part-time) at a agency organization. Location: Hybrid - Tel Aviv. You will work closely with cross-functional teams, analyze needs, and translate them into actionable steps. We are looking for a proactive, detail-oriented candidate with strong communication skills. Key skills include: Machine Learning, Statistics, Python, A/B Testing, Pandas, ETL. You will gain practical experience and build a strong foundation for your career. Tags: career, student, entry-level, junior. You will help maintain documentation, track metrics, and support regular check-ins with the team.","['student', 'junior', 'career', 'entry-level']"
1836,Software Engineer (contract),tech,Hybrid - Herzliya,contract,agency,"['Git', 'Cloud', 'Linux', 'Docker', 'React', 'SQL', 'Python']","Software Engineer (contract) role in the tech domain (contract) at a agency organization. Location: Hybrid - Herzliya. You will support day-to-day execution, coordinate stakeholders, and contribute to process improvements. You should be reliable, collaborative, and able to manage multiple tasks in parallel. Key skills include: SQL, Python, Cloud, Linux, React, Git. This role offers hands-on experience in a dynamic environment and exposure to real business challenges. Tags: career, entry-level, junior, student. You will help maintain documentation, track metrics, and support regular check-ins with the team.","['student', 'junior', 'career', 'entry-level']"
8450,Junior Data Scientist (junior full-time),data,Hybrid - Herzliya,junior full-time,agency,"['ETL', 'Data Visualization', 'Statistics', 'Python', 'Excel', 'Machine Learning', 'NumPy']","Junior Data Scientist (junior full-time) role in the data domain (junior full-time) at a agency organization. Location: Hybrid - Herzliya. You will take ownership of tasks, communicate progress clearly, and help deliver high-quality outcomes on time. You should be reliable, collaborative, and able to manage multiple tasks in parallel. Key skills include: Statistics, Python, NumPy, ETL, Machine Learning, Data Visualization. You will gain practical experience and build a strong foundation for your career. Tags: career, student, entry-level, junior. You will help maintain documentation, track metrics, and support regular check-ins with the team.","['student', 'junior', 'career', 'entry-level']"
8027,Frontend Developer (student part-time),tech,Remote (EU time),student part-time,startup,"['APIs', 'React', 'Linux', 'JavaScript', 'Cloud', 'Testing', 'SQL']","Frontend Developer (student part-time) role in the tech domain (student part-time) at a startup organization. Location: Remote (EU time). You will assist with planning and reporting, and ensure smooth collaboration across teams. The ideal candidate is organized, curious, and comfortable learning new tools quickly. Key skills include: Cloud, JavaScript, APIs, React, SQL, Linux. You will gain practical experience and build a strong foundation for your career. Tags: entry-level, career, student, junior. You will help maintain documentation, track metrics, and support regular check-ins with the team.","['student', 'junior', 'career', 'entry-level']"
7095,Junior Data Scientist (contract),data,Hybrid - Herzliya,contract,agency,"['Data Visualization', 'Pandas', 'Machine Learning', 'Excel', 'SQL', 'Statistics', 'A/B Testing']","Junior Data Scientist (contract) role in the data domain (contract) at a agency organization. Location: Hybrid - Herzliya. You will support day-to-day execution, coordinate stakeholders, and contribute to process improvements. You should be reliable, collaborative, and able to manage multiple tasks in parallel. Key skills include: Machine Learning, A/B Testing, Pandas, Statistics, Data Visualization, Excel. You will work in a fast-paced setting with room to take initiative and make an impact. Tags: junior, student, entry-level, career. You will help maintain documentation, track metrics, and support regular check-ins with the team.","['student', 'junior', 'career', 'entry-level']"
527,BI Analyst (student part-time),data,Hybrid - Herzliya,student part-time,nonprofit,"['NumPy', 'Excel', 'Statistics', 'Pandas', 'ETL', 'Data Visualization', 'A/B Testing']","BI Analyst (student part-time) role in the data domain (student part-time) at a nonprofit organization. Location: Hybrid - Herzliya. You will assist with planning and reporting, and ensure smooth collaboration across teams. We are looking for a proactive, detail-oriented candidate with strong communication skills. Key skills include: A/B Testing, Data Visualization, NumPy, Pandas, ETL, Excel. This role offers hands-on experience in a dynamic environment and exposure to real business challenges. Tags: student, career, junior, entry-level. You will help maintain documentation, track metrics, and support regular check-ins with the team.","['student', 'junior', 'career', 'entry-level']"
5886,Data Analyst (student part-time),data,On-site - Jerusalem,student part-time,corporate,"['SQL', 'Excel', 'Pandas', 'Data Visualization', 'A/B Testing', 'Python', 'Machine Learning']","Data Analyst (student part-time) role in the data domain (student part-time) at a corporate organization. Location: On-site - Jerusalem. You will work closely with cross-functional teams, analyze needs, and translate them into actionable steps. The ideal candidate is organized, curious, and comfortable learning new tools quickly. Key skills include: SQL, Excel, Machine Learning, Python, Data Visualization, Pandas. You will work in a fast-paced setting with room to take initiative and make an impact. Tags: entry-level, junior, career, student. You will help maintain documentation, track metrics, and support regular check-ins with the team.","['student', 'junior', 'career', 'entry-level']"
1705,Frontend Developer (internship),tech,Remote (EU time),internship,startup,"['Cloud', 'Docker', 'SQL', 'Testing', 'Python', 'React', 'Git']","Frontend Developer (internship) role in the tech domain (internship) at a startup organization. Location: Remote (EU time). You will assist with planning and reporting, and ensure smooth collaboration across teams. We value problem-solving, ownership, and the ability to work independently when needed. Key skills include: Git, Cloud, SQL, Docker, Testing, Python. You will work in a fast-paced setting with room to take initiative and make an impact. Tags: junior, student, entry-level, career. You will help maintain documentation, track metrics, and support regular check-ins with the team.","['student', 'junior', 'career', 'entry-level']"
2053,Backend Developer (contract),tech,Remote (EU time),contract,corporate,"['SQL', 'Docker', 'Python', 'JavaScript', 'React', 'APIs', 'Cloud']","Backend Developer (contract) role in the tech domain (contract) at a corporate organization. Location: Remote (EU time). You will assist with planning and reporting, and ensure smooth collaboration across teams. We value problem-solving, ownership, and the ability to work independently when needed. Key skills include: Python, SQL, Docker, JavaScript, APIs, Cloud. You will join a supportive team with opportunities to learn and grow. Tags: student, career, entry-level, junior. You will help maintain documentation, track metrics, and support regular check-ins with the team.","['student', 'junior', 'career', 'entry-level']"
2009,Frontend Developer (student part-time),tech,On-site - Jerusalem,student part-time,nonprofit,"['Python', 'React', 'JavaScript', 'APIs', 'Git', 'Linux', 'Docker']","Frontend Developer (student part-time) role in the tech domain (student part-time) at a nonprofit organization. Location: On-site - Jerusalem. You will take ownership of tasks, communicate progress clearly, and help deliver high-quality outcomes on time. We value problem-solving, ownership, and the ability to work independently when needed. Key skills include: Git, Linux, Python, JavaScript, APIs, React. You will join a supportive team with opportunities to learn and grow. Tags: career, junior, entry-level, student. You will help maintain documentation, track metrics, and support regular check-ins with the team.","['student', 'junior', 'career', 'entry-level']"
5757,Junior Data Scientist (junior full-time),data,Remote (EU time),junior full-time,startup,"['NumPy', 'SQL', 'Python', 'ETL', 'Excel', 'Pandas', 'A/B Testing']","Junior Data Scientist (junior full-time) role in the data domain (junior full-time) at a startup organization. Location: Remote (EU time). You will help run operations, document workflows, and drive continuous improvement initiatives. You should be reliable, collaborative, and able to manage multiple tasks in parallel. Key skills include: Pandas, ETL, Python, A/B Testing, Excel, NumPy. This role offers hands-on experience in a dynamic environment and exposure to real business challenges. Tags: entry-level, career, student, junior. You will help maintain documentation, track metrics, and support regular check-ins with the team.","['student', 'junior', 'career', 'entry-level']"
6291,QA Engineer (student part-time),tech,On-site - Jerusalem,student part-time,corporate,"['SQL', 'APIs', 'JavaScript', 'Cloud', 'React', 'Docker', 'Testing']","QA Engineer (student part-time) role in the tech domain (student part-time) at a corporate organization. Location: On-site - Jerusalem. You will help run operations, document workflows, and drive continuous improvement initiatives. We value problem-solving, ownership, and the ability to work independently when needed. Key skills include: APIs, SQL, Cloud, Testing, Docker, React. You will work in a fast-paced setting with room to take initiative and make an impact. Tags: career, junior, entry-level, student. You will help maintain documentation, track metrics, and support regular check-ins with the team.","['student', 'junior', 'career', 'entry-level']"
9646,Junior Data Scientist (student part-time),data,Remote (EU time),student part-time,agency,"['Excel', 'Machine Learning', 'SQL', 'ETL', 'Data Visualization', 'Pandas', 'NumPy']","Junior Data Scientist (student part-time) role in the data domain (student part-time) at a agency organization. Location: Remote (EU time). You will take ownership of tasks, communicate progress clearly, and help deliver high-quality outcomes on time. You should be reliable, collaborative, and able to manage multiple tasks in parallel. Key skills include: Machine Learning, NumPy, Data Visualization, SQL, Excel, ETL. You will join a supportive team with opportunities to learn and grow. Tags: career, entry-level, student, junior. You will help maintain documentation, track metrics, and support regular check-ins with the team.","['student', 'junior', 'career', 'entry-level']"
6417,QA Engineer (internship),tech,Hybrid - Tel Aviv,internship,SMB,"['Python', 'JavaScript', 'Docker', 'Git', 'React', 'SQL', 'APIs']","QA Engineer (internship) role in the tech domain (internship) at a SMB organization. Location: Hybrid - Tel Aviv. You will help run operations, document workflows, and drive continuous improvement initiatives. You should be reliable, collaborative, and able to manage multiple tasks in parallel. Key skills include: Git, Docker, JavaScript, SQL, APIs, Python. You will join a supportive team with opportunities to learn and grow. Tags: entry-level, student, junior, career. You will help maintain documentation, track metrics, and support regular check-ins with the team.","['student', 'junior', 'career', 'entry-level']"
1144,Frontend Developer (junior full-time),tech,On-site - Jerusalem,junior full-time,nonprofit,"['Docker', 'APIs', 'Git', 'Cloud', 'Python', 'Linux', 'React']","Frontend Developer (junior full-time) role in the tech domain (junior full-time) at a nonprofit organization. Location: On-site - Jerusalem. You will assist with planning and reporting, and ensure smooth collaboration across teams. You should be reliable, collaborative, and able to manage multiple tasks in parallel. Key skills include: React, Git, APIs, Python, Cloud, Linux. This role offers hands-on experience in a dynamic environment and exposure to real business challenges. Tags: junior, entry-level, career, student. You will help maintain documentation, track metrics, and support regular check-ins with the team.","['student', 'junior', 'career', 'entry-level']"
176,Backend Developer (internship),tech,Remote,internship,corporate,"['APIs', 'Linux', 'Testing', 'JavaScript', 'Git', 'Cloud', 'Docker']","Backend Developer (internship) role in the tech domain (internship) at a corporate organization. Location: Remote. You will support day-to-day execution, coordinate stakeholders, and contribute to process improvements. We are looking for a proactive, detail-oriented candidate with strong communication skills. Key skills include: JavaScript, Testing, Cloud, Docker, Git, APIs. You will gain practical experience and build a strong foundation for your career. Tags: entry-level, student, career, junior. You will help maintain documentation, track metrics, and support regular check-ins with the team.","['student', 'junior', 'career', 'entry-level']"
8303,BI Analyst (internship),data,Hybrid - Tel Aviv,internship,nonprofit,"['NumPy', 'Data Visualization', 'Machine Learning', 'Python', 'Pandas', 'ETL', 'Excel']","BI Analyst (internship) role in the data domain (internship) at a nonprofit organization. Location: Hybrid - Tel Aviv. You will assist with planning and reporting, and ensure smooth collaboration across teams. You should be reliable, collaborative, and able to manage multiple tasks in parallel. Key skills include: Machine Learning, Pandas, Excel, Data Visualization, ETL, NumPy. This role offers hands-on experience in a dynamic environment and exposure to real business challenges. Tags: career, junior, entry-level, student. You will help maintain documentation, track metrics, and support regular check-ins with the team.","['student', 'junior', 'career', 'entry-level']"
8048,BI Analyst (student part-time),data,On-site - Jerusalem,student part-time,corporate,"['Pandas', 'ETL', 'Data Visualization', 'Machine Learning', 'Statistics', 'SQL', 'NumPy']","BI Analyst (student part-time) role in the data domain (student part-time) at a corporate organization. Location: On-site - Jerusalem. You will take ownership of tasks, communicate progress clearly, and help deliver high-quality outcomes on time. The ideal candidate is organized, curious, and comfortable learning new tools quickly. Key skills include: Pandas, SQL, NumPy, Machine Learning, ETL, Data Visualization. You will join a supportive team with opportunities to learn and grow. Tags: entry-level, student, junior, career. You will help maintain documentation, track metrics, and support regular check-ins with the team.","['student', 'junior', 'career', 'entry-level']"
4146,Junior Data Scientist (student part-time),data,On-site - Tel Aviv,student part-time,startup,"['A/B Testing', 'Machine Learning', 'SQL', 'Statistics', 'Data Visualization', 'Excel', 'Python']","Junior Data Scientist (student part-time) role in the data domain (student part-time) at a startup organization. Location: On-site - Tel Aviv. You will help run operations, document workflows, and drive continuous improvement initiatives. We are looking for a proactive, detail-oriented candidate with strong communication skills. Key skills include: Machine Learning, Data Visualization, Statistics, SQL, Python, A/B Testing. You will work in a fast-paced setting with room to take initiative and make an impact. Tags: junior, student, entry-level, career. You will help maintain documentation, track metrics, and support regular check-ins with the team.","['student', 'junior', 'career', 'entry-level']"
3315,QA Engineer (internship),tech,Hybrid - Herzliya,internship,agency,"['SQL', 'Linux', 'React', 'JavaScript', 'Docker', 'Testing', 'APIs']","QA Engineer (internship) role in the tech domain (internship) at a agency organization. Location: Hybrid - Herzliya. You will help run operations, document workflows, and drive continuous improvement initiatives. We are looking for a proactive, detail-oriented candidate with strong communication skills. Key skills include: Linux, Testing, JavaScript, SQL, APIs, React. This role offers hands-on experience in a dynamic environment and exposure to real business challenges. Tags: student, career, junior, entry-level. You will help maintain documentation, track metrics, and support regular check-ins with the team.","['student', 'junior', 'career', 'entry-level']"
3829,Software Engineer (contract),tech,Hybrid - Herzliya,contract,agency,"['React', 'APIs', 'Python', 'Cloud', 'Linux', 'JavaScript', 'Docker']","Software Engineer (contract) role in the tech domain (contract) at a agency organization. Location: Hybrid - Herzliya. You will take ownership of tasks, communicate progress clearly, and help deliver high-quality outcomes on time. You should be reliable, collaborative, and able to manage multiple tasks in parallel. Key skills include: Docker, APIs, Cloud, JavaScript, Linux, React. You will work in a fast-paced setting with room to take initiative and make an impact. Tags: student, junior, career, entry-level. You will help maintain documentation, track metrics, and support regular check-ins with the team.","['student', 'junior', 'career', 'entry-level']"
2384,Data Analyst (internship),data,Hybrid - Herzliya,internship,agency,"['Excel', 'Pandas', 'NumPy', 'Python', 'A/B Testing', 'Machine Learning', 'SQL']","Data Analyst (internship) role in the data domain (internship) at a agency organization. Location: Hybrid - Herzliya. You will assist with planning and reporting, and ensure smooth collaboration across teams. We value problem-solving, ownership, and the ability to work independently when needed. Key skills include: NumPy, Excel, Machine Learning, A/B Testing, SQL, Pandas. You will gain practical experience and build a strong foundation for your career. Tags: career, entry-level, junior, student. You will help maintain documentation, track metrics, and support regular check-ins with the team.","['student', 'junior', 'career', 'entry-level']"
3712,Junior Data Scientist (student part-time),data,On-site - Tel Aviv,student part-time,startup,"['Pandas', 'Excel', 'Python', 'Data Visualization', 'Machine Learning', 'NumPy', 'Statistics']","Junior Data Scientist (student part-time) role in the data domain (student part-time) at a startup organization. Location: On-site - Tel Aviv. You will take ownership of tasks, communicate progress clearly, and help deliver high-quality outcomes on time. You should be reliable, collaborative, and able to manage multiple tasks in parallel. Key skills include: Statistics, Python, Pandas, NumPy, Machine Learning, Excel. You will gain practical experience and build a strong foundation for your career. Tags: junior, career, student, entry-level. You will help maintain documentation, track metrics, and support regular check-ins with the team.","['student', 'junior', 'career', 'entry-level']"
2853,BI Analyst (internship),data,Hybrid - Tel Aviv,internship,SMB,"['SQL', 'Data Visualization', 'A/B Testing', 'Excel', 'Python', 'NumPy', 'Statistics']","BI Analyst (internship) role in the data domain (internship) at a SMB organization. Location: Hybrid - Tel Aviv. You will assist with planning and reporting, and ensure smooth collaboration across teams. The ideal candidate is organized, curious, and comfortable learning new tools quickly. Key skills include: NumPy, Statistics, Python, A/B Testing, Excel, SQL. You will join a supportive team with opportunities to learn and grow. Tags: entry-level, student, junior, career. You will help maintain documentation, track metrics, and support regular check-ins with the team.","['student', 'junior', 'career', 'entry-level']"
2889,Backend Developer (contract),tech,On-site - Tel Aviv,contract,startup,"['React', 'Cloud', 'Testing', 'Git', 'APIs', 'JavaScript', 'Python']","Backend Developer (contract) role in the tech domain (contract) at a startup organization. Location: On-site - Tel Aviv. You will work closely with cross-functional teams, analyze needs, and translate them into actionable steps. You should be reliable, collaborative, and able to manage multiple tasks in parallel. Key skills include: Testing, Git, React, JavaScript, Cloud, APIs. You will join a supportive team with opportunities to learn and grow. Tags: junior, entry-level, career, student. You will help maintain documentation, track metrics, and support regular check-ins with the team.","['student', 'junior', 'career', 'entry-level']"
5962,Junior Data Scientist (contract),data,On-site - Tel Aviv,contract,agency,"['Python', 'Machine Learning', 'NumPy', 'Pandas', 'SQL', 'Statistics', 'Excel']","Junior Data Scientist (contract) role in the data domain (contract) at a agency organization. Location: On-site - Tel Aviv. You will help run operations, document workflows, and drive continuous improvement initiatives. We value problem-solving, ownership, and the ability to work independently when needed. Key skills include: Statistics, Excel, Pandas, SQL, NumPy, Python. You will work in a fast-paced setting with room to take initiative and make an impact. Tags: student, entry-level, career, junior. You will help maintain documentation, track metrics, and support regular check-ins with the team.","['student', 'junior', 'career', 'entry-level']"
4186,Junior Data Scientist (student part-time),data,Remote (EU time),student part-time,corporate,"['Python', 'A/B Testing', 'NumPy', 'Machine Learning', 'SQL', 'Excel', 'Statistics']","Junior Data Scientist (student part-time) role in the data domain (student part-time) at a corporate organization. Location: Remote (EU time). You will assist with planning and reporting, and ensure smooth collaboration across teams. We are looking for a proactive, detail-oriented candidate with strong communication skills. Key skills include: Machine Learning, Python, A/B Testing, NumPy, SQL, Statistics. You will join a supportive team with opportunities to learn and grow. Tags: career, junior, entry-level, student. You will help maintain documentation, track metrics, and support regular check-ins with the team.","['student', 'junior', 'career', 'entry-level']"
4170,Frontend Developer (contract),tech,Hybrid - Herzliya,contract,SMB,"['Docker', 'SQL', 'React', 'Cloud', 'Linux', 'Git', 'APIs']","Frontend Developer (contract) role in the tech domain (contract) at a SMB organization. Location: Hybrid - Herzliya. You will take ownership of tasks, communicate progress clearly, and help deliver high-quality outcomes on time. The ideal candidate is organized, curious, and comfortable learning new tools quickly. Key skills include: Docker, Git, Linux, APIs, Cloud, SQL. You will gain practical experience and build a strong foundation for your career. Tags: entry-level, student, career, junior. You will help maintain documentation, track metrics, and support regular check-ins with the team.","['student', 'junior', 'career', 'entry-level']"
5090,Junior Data Scientist (junior full-time),data,Hybrid - Herzliya,junior full-time,agency,"['A/B Testing', 'Python', 'Statistics', 'Pandas', 'NumPy', 'SQL', 'Excel']","Junior Data Scientist (junior full-time) role in the data domain (junior full-time) at a agency organization. Location: Hybrid - Herzliya. You will help run operations, document workflows, and drive continuous improvement initiatives. We value problem-solving, ownership, and the ability to work independently when needed. Key skills include: Statistics, Python, Pandas, NumPy, A/B Testing, Excel. You will work in a fast-paced setting with room to take initiative and make an impact. Tags: career, entry-level, student, junior. You will help maintain documentation, track metrics, and support regular check-ins with the team.","['student', 'junior', 'career', 'entry-level']"
982,Junior Data Scientist (junior full-time),data,On-site - Jerusalem,junior full-time,nonprofit,"['ETL', 'Pandas', 'SQL', 'Excel', 'Data Visualization', 'A/B Testing', 'NumPy']","Junior Data Scientist (junior full-time) role in the data domain (junior full-time) at a nonprofit organization. Location: On-site - Jerusalem. You will support day-to-day execution, coordinate stakeholders, and contribute to process improvements. You should be reliable, collaborative, and able to manage multiple tasks in parallel. Key skills include: NumPy, Pandas, SQL, A/B Testing, ETL, Data Visualization. You will gain practical experience and build a strong foundation for your career. Tags: junior, student, entry-level, career. You will help maintain documentation, track metrics, and support regular check-ins with the team.","['student', 'junior', 'career', 'entry-level']"
2864,Junior Data Scientist (internship),data,On-site - Tel Aviv,internship,SMB,"['Data Visualization', 'SQL', 'Statistics', 'Excel', 'A/B Testing', 'Machine Learning', 'ETL']","Junior Data Scientist (internship) role in the data domain (internship) at a SMB organization. Location: On-site - Tel Aviv. You will support day-to-day execution, coordinate stakeholders, and contribute to process improvements. You should be reliable, collaborative, and able to manage multiple tasks in parallel. Key skills include: Data Visualization, ETL, A/B Testing, Machine Learning, Excel, SQL. This role offers hands-on experience in a dynamic environment and exposure to real business challenges. Tags: student, career, entry-level, junior. You will help maintain documentation, track metrics, and support regular check-ins with the team.","['student', 'junior', 'career', 'entry-level']"
1398,Software Engineer (internship),tech,Remote,internship,nonprofit,"['JavaScript', 'Testing', 'Git', 'Cloud', 'Python', 'SQL', 'Docker']","Software Engineer (internship) role in the tech domain (internship) at a nonprofit organization. Location: Remote. You will assist with planning and reporting, and ensure smooth collaboration across teams. You should be reliable, collaborative, and able to manage multiple tasks in parallel. Key skills include: SQL, Docker, Python, Testing, JavaScript, Cloud. This role offers hands-on experience in a dynamic environment and exposure to real business challenges. Tags: student, career, entry-level, junior. You will help maintain documentation, track metrics, and support regular check-ins with the team.","['student', 'junior', 'career', 'entry-level']"
3262,Data Analyst (junior full-time),data,On-site - Jerusalem,junior full-time,SMB,"['Statistics', 'NumPy', 'A/B Testing', 'Pandas', 'ETL', 'Excel', 'Machine Learning']","Data Analyst (junior full-time) role in the data domain (junior full-time) at a SMB organization. Location: On-site - Jerusalem. You will assist with planning and reporting, and ensure smooth collaboration across teams. The ideal candidate is organized, curious, and comfortable learning new tools quickly. Key skills include: Excel, Statistics, NumPy, Machine Learning, A/B Testing, Pandas. You will gain practical experience and build a strong foundation for your career. Tags: entry-level, junior, student, career. You will help maintain documentation, track metrics, and support regular check-ins with the team.","['student', 'junior', 'career', 'entry-level']"
4983,Data Analyst (student part-time),data,On-site - Jerusalem,student part-time,agency,"['NumPy', 'SQL', 'Statistics', 'Excel', 'A/B Testing', 'Pandas', 'Python']","Data Analyst (student part-time) role in the data domain (student part-time) at a agency organization. Location: On-site - Jerusalem. You will support day-to-day execution, coordinate stakeholders, and contribute to process improvements. We are looking for a proactive, detail-oriented candidate with strong communication skills. Key skills include: SQL, Pandas, NumPy, Python, Excel, Statistics. You will gain practical experience and build a strong foundation for your career. Tags: entry-level, student, career, junior. You will help maintain documentation, track metrics, and support regular check-ins with the team.","['student', 'junior', 'career', 'entry-level']"
3928,Junior Data Scientist (student part-time),data,Remote (EU time),student part-time,agency,"['Statistics', 'Pandas', 'ETL', 'SQL', 'NumPy', 'Excel', 'A/B Testing']","Junior Data Scientist (student part-time) role in the data domain (student part-time) at a agency organization. Location: Remote (EU time). You will help run operations, document workflows, and drive continuous improvement initiatives. We are looking for a proactive, detail-oriented candidate with strong communication skills. Key skills include: NumPy, Statistics, Pandas, SQL, A/B Testing, Excel. This role offers hands-on experience in a dynamic environment and exposure to real business challenges. Tags: student, career, junior, entry-level. You will help maintain documentation, track metrics, and support regular check-ins with the team.","['student', 'junior', 'career', 'entry-level']"
6163,Junior Data Scientist (internship),data,Remote (EU time),internship,nonprofit,"['NumPy', 'Python', 'Statistics', 'Machine Learning', 'ETL', 'A/B Testing', 'SQL']","Junior Data Scientist (internship) role in the data domain (internship) at a nonprofit organization. Location: Remote (EU time). You will assist with planning and reporting, and ensure smooth collaboration across teams. You should be reliable, collaborative, and able to manage multiple tasks in parallel. Key skills include: ETL, NumPy, Statistics, Machine Learning, Python, SQL. You will gain practical experience and build a strong foundation for your career. Tags: career, junior, entry-level, student. You will help maintain documentation, track metrics, and support regular check-ins with the team.","['student', 'junior', 'career', 'entry-level']"
820,BI Analyst (student part-time),data,Remote,student part-time,agency,"['Pandas', 'Data Visualization', 'Statistics', 'Machine Learning', 'Excel', 'ETL', 'NumPy']","BI Analyst (student part-time) role in the data domain (student part-time) at a agency organization. Location: Remote. You will support day-to-day execution, coordinate stakeholders, and contribute to process improvements. We are looking for a proactive, detail-oriented candidate with strong communication skills. Key skills include: Excel, Machine Learning, Data Visualization, ETL, NumPy, Statistics. You will gain practical experience and build a strong foundation for your career. Tags: career, entry-level, student, junior. You will help maintain documentation, track metrics, and support regular check-ins with the team.","['student', 'junior', 'career', 'entry-level']"
1430,Software Engineer (student part-time),tech,Remote,student part-time,startup,"['Git', 'Linux', 'JavaScript', 'Testing', 'SQL', 'Docker', 'APIs']","Software Engineer (student part-time) role in the tech domain (student part-time) at a startup organization. Location: Remote. You will help run operations, document workflows, and drive continuous improvement initiatives. The ideal candidate is organized, curious, and comfortable learning new tools quickly. Key skills include: Docker, JavaScript, Testing, Git, APIs, SQL. This role offers hands-on experience in a dynamic environment and exposure to real business challenges. Tags: student, junior, entry-level, career. You will help maintain documentation, track metrics, and support regular check-ins with the team.","['student', 'junior', 'career', 'entry-level']"
7869,Frontend Developer (contract),tech,On-site - Jerusalem,contract,corporate,"['SQL', 'Docker', 'APIs', 'Python', 'React', 'Cloud', 'Testing']","Frontend Developer (contract) role in the tech domain (contract) at a corporate organization. Location: On-site - Jerusalem. You will take ownership of tasks, communicate progress clearly, and help deliver high-quality outcomes on time. The ideal candidate is organized, curious, and comfortable learning new tools quickly. Key skills include: Cloud, SQL, APIs, Testing, Python, Docker. You will work in a fast-paced setting with room to take initiative and make an impact. Tags: entry-level, junior, student, career. You will help maintain documentation, track metrics, and support regular check-ins with the team.","['student', 'junior', 'career', 'entry-level']"
2509,BI Analyst (internship),data,Remote (EU time),internship,agency,"['NumPy', 'Data Visualization', 'Python', 'Excel', 'Machine Learning', 'Statistics', 'Pandas']","BI Analyst (internship) role in the data domain (internship) at a agency organization. Location: Remote (EU time). You will work closely with cross-functional teams, analyze needs, and translate them into actionable steps. We value problem-solving, ownership, and the ability to work independently when needed. Key skills include: NumPy, Python, Data Visualization, Excel, Pandas, Statistics. You will join a supportive team with opportunities to learn and grow. Tags: junior, entry-level, student, career. You will help maintain documentation, track metrics, and support regular check-ins with the team.","['student', 'junior', 'career', 'entry-level']"
536,Junior Data Scientist (student part-time),data,Hybrid - Tel Aviv,student part-time,agency,"['Data Visualization', 'SQL', 'Machine Learning', 'A/B Testing', 'ETL', 'Statistics', 'NumPy']","Junior Data Scientist (student part-time) role in the data domain (student part-time) at a agency organization. Location: Hybrid - Tel Aviv. You will support day-to-day execution, coordinate stakeholders, and contribute to process improvements. We value problem-solving, ownership, and the ability to work independently when needed. Key skills include: Statistics, SQL, NumPy, A/B Testing, Machine Learning, ETL. You will work in a fast-paced setting with room to take initiative and make an impact. Tags: entry-level, student, career, junior. You will help maintain documentation, track metrics, and support regular check-ins with the team.","['student', 'junior', 'career', 'entry-level']"
170,Frontend Developer (contract),tech,Hybrid - Herzliya,contract,SMB,"['Docker', 'SQL', 'React', 'Cloud', 'Linux', 'Git', 'APIs']","Frontend Developer (contract) role in the tech domain (contract) at a SMB organization. Location: Hybrid - Herzliya. You will take ownership of tasks, communicate progress clearly, and help deliver high-quality outcomes on time. We are looking for a proactive, detail-oriented candidate with strong communication skills. Key skills include: SQL, React, Docker, Cloud, APIs, Git. You will gain practical experience and build a strong foundation for your career. Tags: junior, entry-level, career, student. You will help maintain documentation, track metrics, and support regular check-ins with the team.","['student', 'junior', 'career', 'entry-level']"
8772,Data Analyst (contract),data,Remote (EU time),contract,SMB,"['SQL', 'Machine Learning', 'ETL', 'Excel', 'A/B Testing', 'Pandas', 'Statistics']","Data Analyst (contract) role in the data domain (contract) at a SMB organization. Location: Remote (EU time). You will assist with planning and reporting, and ensure smooth collaboration across teams. The ideal candidate is organized, curious, and comfortable learning new tools quickly. Key skills include: Excel, A/B Testing, Pandas, Machine Learning, Statistics, SQL. You will gain practical experience and build a strong foundation for your career. Tags: student, career, entry-level, junior. You will help maintain documentation, track metrics, and support regular check-ins with the team.","['student', 'junior', 'career', 'entry-level']"
5152,BI Analyst (junior full-time),data,Remote (EU time),junior full-time,startup,"['NumPy', 'Excel', 'Python', 'Machine Learning', 'Pandas', 'SQL', 'ETL']","BI Analyst (junior full-time) role in the data domain (junior full-time) at a startup organization. Location: Remote (EU time). You will help run operations, document workflows, and drive continuous improvement initiatives. You should be reliable, collaborative, and able to manage multiple tasks in parallel. Key skills include: ETL, SQL, Python, Machine Learning, Excel, Pandas. You will join a supportive team with opportunities to learn and grow. Tags: career, student, junior, entry-level. You will help maintain documentation, track metrics, and support regular check-ins with the team.","['student', 'junior', 'career', 'entry-level']"
4479,Junior Data Scientist (contract),data,Remote,contract,startup,"['Statistics', 'A/B Testing', 'Python', 'Pandas', 'Excel', 'Machine Learning', 'SQL']","Junior Data Scientist (contract) role in the data domain (contract) at a startup organization. Location: Remote. You will work closely with cross-functional teams, analyze needs, and translate them into actionable steps. The ideal candidate is organized, curious, and comfortable learning new tools quickly. Key skills include: Python, Excel, A/B Testing, Machine Learning, SQL, Pandas. You will work in a fast-paced setting with room to take initiative and make an impact. Tags: student, junior, entry-level, career. You will help maintain documentation, track metrics, and support regular check-ins with the team.","['student', 'junior', 'career', 'entry-level']"
1598,Data Analyst (internship),data,On-site - Jerusalem,internship,SMB,"['A/B Testing', 'ETL', 'Python', 'Statistics', 'Machine Learning', 'SQL', 'NumPy']","Data Analyst (internship) role in the data domain (internship) at a SMB organization. Location: On-site - Jerusalem. You will assist with planning and reporting, and ensure smooth collaboration across teams. We are looking for a proactive, detail-oriented candidate with strong communication skills. Key skills include: ETL, Machine Learning, Python, A/B Testing, Statistics, SQL. You will gain practical experience and build a strong foundation for your career. Tags: junior, student, entry-level, career. You will help maintain documentation, track metrics, and support regular check-ins with the team.","['student', 'junior', 'career', 'entry-level']"
2769,Data Analyst (junior full-time),data,On-site - Tel Aviv,junior full-time,agency,"['A/B Testing', 'Excel', 'Pandas', 'NumPy', 'Data Visualization', 'SQL', 'Python']","Data Analyst (junior full-time) role in the data domain (junior full-time) at a agency organization. Location: On-site - Tel Aviv. You will help run operations, document workflows, and drive continuous improvement initiatives. You should be reliable, collaborative, and able to manage multiple tasks in parallel. Key skills include: SQL, Excel, A/B Testing, Pandas, Data Visualization, Python. You will gain practical experience and build a strong foundation for your career. Tags: entry-level, junior, career, student. You will help maintain documentation, track metrics, and support regular check-ins with the team.","['student', 'junior', 'career', 'entry-level']"
3369,Data Analyst (junior full-time),data,On-site - Jerusalem,junior full-time,nonprofit,"['Pandas', 'ETL', 'Machine Learning', 'SQL', 'A/B Testing', 'Data Visualization', 'NumPy']","Data Analyst (junior full-time) role in the data domain (junior full-time) at a nonprofit organization. Location: On-site - Jerusalem. You will work closely with cross-functional teams, analyze needs, and translate them into actionable steps. We value problem-solving, ownership, and the ability to work independently when needed. Key skills include: Machine Learning, Pandas, ETL, Data Visualization, SQL, A/B Testing. You will gain practical experience and build a strong foundation for your career. Tags: career, junior, student, entry-level. You will help maintain documentation, track metrics, and support regular check-ins with the team.","['student', 'junior', 'career', 'entry-level']"
2328,Junior Data Scientist (student part-time),data,Remote (EU time),student part-time,agency,"['Statistics', 'Machine Learning', 'Data Visualization', 'SQL', 'ETL', 'Excel', 'Python']","Junior Data Scientist (student part-time) role in the data domain (student part-time) at a agency organization. Location: Remote (EU time). You will work closely with cross-functional teams, analyze needs, and translate them into actionable steps. We are looking for a proactive, detail-oriented candidate with strong communication skills. Key skills include: Machine Learning, Statistics, Python, Excel, Data Visualization, ETL. This role offers hands-on experience in a dynamic environment and exposure to real business challenges. Tags: junior, student, career, entry-level. You will help maintain documentation, track metrics, and support regular check-ins with the team.","['student', 'junior', 'career', 'entry-level']"
5333,Backend Developer (student part-time),tech,Remote (EU time),student part-time,SMB,"['Testing', 'Git', 'SQL', 'Docker', 'Linux', 'APIs', 'Python']","Backend Developer (student part-time) role in the tech domain (student part-time) at a SMB organization. Location: Remote (EU time). You will support day-to-day execution, coordinate stakeholders, and contribute to process improvements. The ideal candidate is organized, curious, and comfortable learning new tools quickly. Key skills include: APIs, Testing, Python, Git, SQL, Docker. You will join a supportive team with opportunities to learn and grow. Tags: career, junior, entry-level, student. You will help maintain documentation, track metrics, and support regular check-ins with the team.","['student', 'junior', 'career', 'entry-level']"
3553,Data Analyst (student part-time),data,Hybrid - Tel Aviv,student part-time,SMB,"['Python', 'Statistics', 'SQL', 'Machine Learning', 'A/B Testing', 'Excel', 'NumPy']","Data Analyst (student part-time) role in the data domain (student part-time) at a SMB organization. Location: Hybrid - Tel Aviv. You will support day-to-day execution, coordinate stakeholders, and contribute to process improvements. The ideal candidate is organized, curious, and comfortable learning new tools quickly. Key skills include: Python, Statistics, Machine Learning, SQL, Excel, NumPy. This role offers hands-on experience in a dynamic environment and exposure to real business challenges. Tags: career, junior, entry-level, student. You will help maintain documentation, track metrics, and support regular check-ins with the team.","['student', 'junior', 'career', 'entry-level']"
9131,Junior Data Scientist (contract),data,On-site - Tel Aviv,contract,SMB,"['Excel', 'NumPy', 'A/B Testing', 'Pandas', 'Data Visualization', 'Python', 'Statistics']","Junior Data Scientist (contract) role in the data domain (contract) at a SMB organization. Location: On-site - Tel Aviv. You will work closely with cross-functional teams, analyze needs, and translate them into actionable steps. We value problem-solving, ownership, and the ability to work independently when needed. Key skills include: A/B Testing, Data Visualization, NumPy, Pandas, Excel, Python. You will gain practical experience and build a strong foundation for your career. Tags: student, junior, career, entry-level. You will help maintain documentation, track metrics, and support regular check-ins with the team.","['student', 'junior', 'career', 'entry-level']"
6810,Software Engineer (internship),tech,On-site - Tel Aviv,internship,startup,"['JavaScript', 'Linux', 'Cloud', 'Git', 'APIs', 'SQL', 'Python']","Software Engineer (internship) role in the tech domain (internship) at a startup organization. Location: On-site - Tel Aviv. You will support day-to-day execution, coordinate stakeholders, and contribute to process improvements. The ideal candidate is organized, curious, and comfortable learning new tools quickly. Key skills include: APIs, Python, Git, JavaScript, Cloud, Linux. You will work in a fast-paced setting with room to take initiative and make an impact. Tags: junior, student, entry-level, career. You will help maintain documentation, track metrics, and support regular check-ins with the team.","['student', 'junior', 'career', 'entry-level']"
5470,Backend Developer (junior full-time),tech,Hybrid - Herzliya,junior full-time,corporate,"['JavaScript', 'React', 'Cloud', 'Testing', 'Python', 'APIs', 'Docker']","Backend Developer (junior full-time) role in the tech domain (junior full-time) at a corporate organization. Location: Hybrid - Herzliya. You will take ownership of tasks, communicate progress clearly, and help deliver high-quality outcomes on time. We value problem-solving, ownership, and the ability to work independently when needed. Key skills include: React, JavaScript, Testing, Docker, Python, Cloud. You will work in a fast-paced setting with room to take initiative and make an impact. Tags: entry-level, junior, student, career. You will help maintain documentation, track metrics, and support regular check-ins with the team.","['student', 'junior', 'career', 'entry-level']"
2602,Frontend Developer (internship),tech,Remote (EU time),internship,corporate,"['Testing', 'JavaScript', 'Git', 'Docker', 'SQL', 'Cloud', 'React']","Frontend Developer (internship) role in the tech domain (internship) at a corporate organization. Location: Remote (EU time). You will work closely with cross-functional teams, analyze needs, and translate them into actionable steps. We are looking for a proactive, detail-oriented candidate with strong communication skills. Key skills include: JavaScript, Testing, Git, React, Cloud, Docker. You will join a supportive team with opportunities to learn and grow. Tags: junior, entry-level, career, student. You will help maintain documentation, track metrics, and support regular check-ins with the team.","['student', 'junior', 'career', 'entry-level']"
6389,Data Analyst (student part-time),data,Remote,student part-time,corporate,"['NumPy', 'SQL', 'A/B Testing', 'Excel', 'Data Visualization', 'Statistics', 'Machine Learning']","Data Analyst (student part-time) role in the data domain (student part-time) at a corporate organization. Location: Remote. You will support day-to-day execution, coordinate stakeholders, and contribute to process improvements. You should be reliable, collaborative, and able to manage multiple tasks in parallel. Key skills include: Data Visualization, Statistics, Excel, NumPy, SQL, Machine Learning. You will work in a fast-paced setting with room to take initiative and make an impact. Tags: student, entry-level, junior, career. You will help maintain documentation, track metrics, and support regular check-ins with the team.","['student', 'junior', 'career', 'entry-level']"
2532,Data Analyst (internship),data,Hybrid - Tel Aviv,internship,agency,"['A/B Testing', 'Pandas', 'Python', 'ETL', 'SQL', 'Data Visualization', 'NumPy']","Data Analyst (internship) role in the data domain (internship) at a agency organization. Location: Hybrid - Tel Aviv. You will help run operations, document workflows, and drive continuous improvement initiatives. The ideal candidate is organized, curious, and comfortable learning new tools quickly. Key skills include: SQL, Pandas, A/B Testing, Python, ETL, NumPy. You will work in a fast-paced setting with room to take initiative and make an impact. Tags: student, junior, entry-level, career. You will help maintain documentation, track metrics, and support regular check-ins with the team.","['student', 'junior', 'career', 'entry-level']"
7094,Backend Developer (junior full-time),tech,On-site - Tel Aviv,junior full-time,corporate,"['Cloud', 'Git', 'JavaScript', 'React', 'Linux', 'Testing', 'Python']","Backend Developer (junior full-time) role in the tech domain (junior full-time) at a corporate organization. Location: On-site - Tel Aviv. You will assist with planning and reporting, and ensure smooth collaboration across teams. We are looking for a proactive, detail-oriented candidate with strong communication skills. Key skills include: Testing, Cloud, JavaScript, Python, React, Git. This role offers hands-on experience in a dynamic environment and exposure to real business challenges. Tags: career, junior, student, entry-level. You will help maintain documentation, track metrics, and support regular check-ins with the team.","['student', 'junior', 'career', 'entry-level']"
2780,QA Engineer (junior full-time),tech,Hybrid - Herzliya,junior full-time,SMB,"['Python', 'Testing', 'Cloud', 'APIs', 'Git', 'Docker', 'JavaScript']","QA Engineer (junior full-time) role in the tech domain (junior full-time) at a SMB organization. Location: Hybrid - Herzliya. You will assist with planning and reporting, and ensure smooth collaboration across teams. We value problem-solving, ownership, and the ability to work independently when needed. Key skills include: JavaScript, APIs, Git, Cloud, Python, Testing. You will join a supportive team with opportunities to learn and grow. Tags: student, junior, entry-level, career. You will help maintain documentation, track metrics, and support regular check-ins with the team.","['student', 'junior', 'career', 'entry-level']"
9387,QA Engineer (junior full-time),tech,Hybrid - Tel Aviv,junior full-time,startup,"['Linux', 'Docker', 'Testing', 'Cloud', 'Git', 'SQL', 'Python']","QA Engineer (junior full-time) role in the tech domain (junior full-time) at a startup organization. Location: Hybrid - Tel Aviv. You will help run operations, document workflows, and drive continuous improvement initiatives. The ideal candidate is organized, curious, and comfortable learning new tools quickly. Key skills include: Testing, SQL, Linux, Git, Python, Docker. You will work in a fast-paced setting with room to take initiative and make an impact. Tags: career, junior, entry-level, student. You will help maintain documentation, track metrics, and support regular check-ins with the team.","['student', 'junior', 'career', 'entry-level']"
4063,BI Analyst (contract),data,Hybrid - Herzliya,contract,SMB,"['A/B Testing', 'Machine Learning', 'Data Visualization', 'Excel', 'Statistics', 'Pandas', 'ETL']","BI Analyst (contract) role in the data domain (contract) at a SMB organization. Location: Hybrid - Herzliya. You will support day-to-day execution, coordinate stakeholders, and contribute to process improvements. You should be reliable, collaborative, and able to manage multiple tasks in parallel. Key skills include: Data Visualization, ETL, Excel, A/B Testing, Statistics, Machine Learning. You will work in a fast-paced setting with room to take initiative and make an impact. Tags: entry-level, career, junior, student. You will help maintain documentation, track metrics, and support regular check-ins with the team.","['student', 'junior', 'career', 'entry-level']"
9186,Software Engineer (student part-time),tech,Hybrid - Tel Aviv,student part-time,agency,"['JavaScript', 'Cloud', 'SQL', 'APIs', 'Python', 'Git', 'Docker']","Software Engineer (student part-time) role in the tech domain (student part-time) at a agency organization. Location: Hybrid - Tel Aviv. You will help run operations, document workflows, and drive continuous improvement initiatives. The ideal candidate is organized, curious, and comfortable learning new tools quickly. Key skills include: JavaScript, Python, Cloud, SQL, APIs, Docker. You will join a supportive team with opportunities to learn and grow. Tags: entry-level, career, junior, student. You will help maintain documentation, track metrics, and support regular check-ins with the team.","['student', 'junior', 'career', 'entry-level']"
5866,Junior Data Scientist (internship),data,Remote (EU time),internship,startup,"['ETL', 'Pandas', 'A/B Testing', 'Machine Learning', 'SQL', 'Excel', 'Python']","Junior Data Scientist (internship) role in the data domain (internship) at a startup organization. Location: Remote (EU time). You will take ownership of tasks, communicate progress clearly, and help deliver high-quality outcomes on time. The ideal candidate is organized, curious, and comfortable learning new tools quickly. Key skills include: SQL, Machine Learning, Python, A/B Testing, Excel, Pandas. You will join a supportive team with opportunities to learn and grow. Tags: junior, career, entry-level, student. You will help maintain documentation, track metrics, and support regular check-ins with the team.","['student', 'junior', 'career', 'entry-level']"
5050,Data Analyst (junior full-time),data,On-site - Jerusalem,junior full-time,startup,"['ETL', 'Pandas', 'Statistics', 'Data Visualization', 'A/B Testing', 'Machine Learning', 'NumPy']","Data Analyst (junior full-time) role in the data domain (junior full-time) at a startup organization. Location: On-site - Jerusalem. You will take ownership of tasks, communicate progress clearly, and help deliver high-quality outcomes on time. The ideal candidate is organized, curious, and comfortable learning new tools quickly. Key skills include: Data Visualization, ETL, Machine Learning, Statistics, Pandas, NumPy. You will gain practical experience and build a strong foundation for your career. Tags: student, junior, entry-level, career. You will help maintain documentation, track metrics, and support regular check-ins with the team.","['student', 'junior', 'career', 'entry-level']"
1162,BI Analyst (internship),data,On-site - Jerusalem,internship,SMB,"['Excel', 'Data Visualization', 'Python', 'Pandas', 'Statistics', 'SQL', 'Machine Learning']","BI Analyst (internship) role in the data domain (internship) at a SMB organization. Location: On-site - Jerusalem. You will take ownership of tasks, communicate progress clearly, and help deliver high-quality outcomes on time. The ideal candidate is organized, curious, and comfortable learning new tools quickly. Key skills include: SQL, Excel, Pandas, Statistics, Machine Learning, Data Visualization. You will join a supportive team with opportunities to learn and grow. Tags: career, student, junior, entry-level. You will help maintain documentation, track metrics, and support regular check-ins with the team.","['student', 'junior', 'career', 'entry-level']"
782,Backend Developer (junior full-time),tech,On-site - Tel Aviv,junior full-time,nonprofit,"['SQL', 'Docker', 'Testing', 'APIs', 'Cloud', 'Git', 'React']","Backend Developer (junior full-time) role in the tech domain (junior full-time) at a nonprofit organization. Location: On-site - Tel Aviv. You will assist with planning and reporting, and ensure smooth collaboration across teams. The ideal candidate is organized, curious, and comfortable learning new tools quickly. Key skills include: Git, Testing, APIs, SQL, Docker, React. You will gain practical experience and build a strong foundation for your career. Tags: career, student, junior, entry-level. You will help maintain documentation, track metrics, and support regular check-ins with the team.","['student', 'junior', 'career', 'entry-level']"
1758,Backend Developer (internship),tech,Hybrid - Tel Aviv,internship,startup,"['Git', 'APIs', 'React', 'Python', 'JavaScript', 'SQL', 'Docker']","Backend Developer (internship) role in the tech domain (internship) at a startup organization. Location: Hybrid - Tel Aviv. You will assist with planning and reporting, and ensure smooth collaboration across teams. You should be reliable, collaborative, and able to manage multiple tasks in parallel. Key skills include: React, Python, JavaScript, SQL, Docker, Git. You will join a supportive team with opportunities to learn and grow. Tags: student, career, junior, entry-level. You will help maintain documentation, track metrics, and support regular check-ins with the team.","['student', 'junior', 'career', 'entry-level']"
1354,Backend Developer (student part-time),tech,On-site - Tel Aviv,student part-time,startup,"['JavaScript', 'Cloud', 'SQL', 'Linux', 'Git', 'APIs', 'React']","Backend Developer (student part-time) role in the tech domain (student part-time) at a startup organization. Location: On-site - Tel Aviv. You will help run operations, document workflows, and drive continuous improvement initiatives. The ideal candidate is organized, curious, and comfortable learning new tools quickly. Key skills include: Cloud, Git, APIs, Linux, React, JavaScript. You will work in a fast-paced setting with room to take initiative and make an impact. Tags: career, student, entry-level, junior. You will help maintain documentation, track metrics, and support regular check-ins with the team.","['student', 'junior', 'career', 'entry-level']"
6434,QA Engineer (junior full-time),tech,Remote,junior full-time,corporate,"['React', 'Git', 'Cloud', 'APIs', 'SQL', 'Linux', 'JavaScript']","QA Engineer (junior full-time) role in the tech domain (junior full-time) at a corporate organization. Location: Remote. You will assist with planning and reporting, and ensure smooth collaboration across teams. We are looking for a proactive, detail-oriented candidate with strong communication skills. Key skills include: JavaScript, SQL, Git, Cloud, Linux, APIs. You will join a supportive team with opportunities to learn and grow. Tags: student, career, junior, entry-level. You will help maintain documentation, track metrics, and support regular check-ins with the team.","['student', 'junior', 'career', 'entry-level']"
1103,Junior Data Scientist (student part-time),data,On-site - Tel Aviv,student part-time,startup,"['Machine Learning', 'A/B Testing', 'NumPy', 'Pandas', 'Excel', 'Python', 'SQL']","Junior Data Scientist (student part-time) role in the data domain (student part-time) at a startup organization. Location: On-site - Tel Aviv. You will support day-to-day execution, coordinate stakeholders, and contribute to process improvements. The ideal candidate is organized, curious, and comfortable learning new tools quickly. Key skills include: Machine Learning, Pandas, SQL, NumPy, Excel, Python. You will join a supportive team with opportunities to learn and grow. Tags: student, entry-level, junior, career. You will help maintain documentation, track metrics, and support regular check-ins with the team.","['student', 'junior', 'career', 'entry-level']"
2695,Frontend Developer (internship),tech,Hybrid - Tel Aviv,internship,nonprofit,"['Docker', 'Testing', 'Linux', 'Python', 'Git', 'React', 'Cloud']","Frontend Developer (internship) role in the tech domain (internship) at a nonprofit organization. Location: Hybrid - Tel Aviv. You will take ownership of tasks, communicate progress clearly, and help deliver high-quality outcomes on time. We are looking for a proactive, detail-oriented candidate with strong communication skills. Key skills include: Docker, Linux, Git, Cloud, Testing, Python. You will join a supportive team with opportunities to learn and grow. Tags: junior, career, student, entry-level. You will help maintain documentation, track metrics, and support regular check-ins with the team.","['student', 'junior', 'career', 'entry-level']"
1003,Junior Data Scientist (junior full-time),data,Remote,junior full-time,corporate,"['Python', 'ETL', 'Machine Learning', 'SQL', 'A/B Testing', 'NumPy', 'Statistics']","Junior Data Scientist (junior full-time) role in the data domain (junior full-time) at a corporate organization. Location: Remote. You will assist with planning and reporting, and ensure smooth collaboration across teams. You should be reliable, collaborative, and able to manage multiple tasks in parallel. Key skills include: A/B Testing, Machine Learning, SQL, Python, Statistics, ETL. This role offers hands-on experience in a dynamic environment and exposure to real business challenges. Tags: career, junior, entry-level, student. You will help maintain documentation, track metrics, and support regular check-ins with the team.","['student', 'junior', 'career', 'entry-level']"
1247,BI Analyst (internship),data,Remote (EU time),internship,corporate,"['SQL', 'Excel', 'Data Visualization', 'ETL', 'Pandas', 'A/B Testing', 'Machine Learning']","BI Analyst (internship) role in the data domain (internship) at a corporate organization. Location: Remote (EU time). You will work closely with cross-functional teams, analyze needs, and translate them into actionable steps. You should be reliable, collaborative, and able to manage multiple tasks in parallel. Key skills include: Data Visualization, SQL, A/B Testing, Pandas, Machine Learning, Excel. You will gain practical experience and build a strong foundation for your career. Tags: student, junior, entry-level, career. You will help maintain documentation, track metrics, and support regular check-ins with the team.","['student', 'junior', 'career', 'entry-level']"
4725,Junior Data Scientist (internship),data,On-site - Tel Aviv,internship,startup,"['Machine Learning', 'Statistics', 'Python', 'A/B Testing', 'SQL', 'ETL', 'Pandas']","Junior Data Scientist (internship) role in the data domain (internship) at a startup organization. Location: On-site - Tel Aviv. You will help run operations, document workflows, and drive continuous improvement initiatives. We value problem-solving, ownership, and the ability to work independently when needed. Key skills include: SQL, Machine Learning, Python, Statistics, Pandas, ETL. You will gain practical experience and build a strong foundation for your career. Tags: entry-level, career, junior, student. You will help maintain documentation, track metrics, and support regular check-ins with the team.","['student', 'junior', 'career', 'entry-level']"
6315,Frontend Developer (junior full-time),tech,Remote (EU time),junior full-time,corporate,"['Docker', 'Linux', 'Testing', 'APIs', 'JavaScript', 'React', 'Git']","Frontend Developer (junior full-time) role in the tech domain (junior full-time) at a corporate organization. Location: Remote (EU time). You will assist with planning and reporting, and ensure smooth collaboration across teams. The ideal candidate is organized, curious, and comfortable learning new tools quickly. Key skills include: Testing, Docker, Linux, Git, APIs, React. You will join a supportive team with opportunities to learn and grow. Tags: career, junior, student, entry-level. You will help maintain documentation, track metrics, and support regular check-ins with the team.","['student', 'junior', 'career', 'entry-level']"
1840,Backend Developer (contract),tech,On-site - Jerusalem,contract,nonprofit,"['Cloud', 'Docker', 'React', 'SQL', 'Testing', 'Python', 'Git']","Backend Developer (contract) role in the tech domain (contract) at a nonprofit organization. Location: On-site - Jerusalem. You will help run operations, document workflows, and drive continuous improvement initiatives. We are looking for a proactive, detail-oriented candidate with strong communication skills. Key skills include: Docker, React, Git, Cloud, Python, Testing. This role offers hands-on experience in a dynamic environment and exposure to real business challenges. Tags: junior, entry-level, career, student. You will help maintain documentation, track metrics, and support regular check-ins with the team.","['student', 'junior', 'career', 'entry-level']"
9217,Backend Developer (student part-time),tech,On-site - Jerusalem,student part-time,SMB,"['APIs', 'Docker', 'Python', 'Git', 'Testing', 'Cloud', 'Linux']","Backend Developer (student part-time) role in the tech domain (student part-time) at a SMB organization. Location: On-site - Jerusalem. You will help run operations, document workflows, and drive continuous improvement initiatives. You should be reliable, collaborative, and able to manage multiple tasks in parallel. Key skills include: Testing, APIs, Python, Docker, Linux, Git. You will gain practical experience and build a strong foundation for your career. Tags: student, junior, career, entry-level. You will help maintain documentation, track metrics, and support regular check-ins with the team.","['student', 'junior', 'career', 'entry-level']"
7067,Backend Developer (contract),tech,On-site - Jerusalem,contract,nonprofit,"['Docker', 'React', 'Git', 'JavaScript', 'Testing', 'Cloud', 'APIs']","Backend Developer (contract) role in the tech domain (contract) at a nonprofit organization. Location: On-site - Jerusalem. You will take ownership of tasks, communicate progress clearly, and help deliver high-quality outcomes on time. We value problem-solving, ownership, and the ability to work independently when needed. Key skills include: Cloud, JavaScript, Docker, Git, Testing, APIs. You will gain practical experience and build a strong foundation for your career. Tags: entry-level, student, junior, career. You will help maintain documentation, track metrics, and support regular check-ins with the team.","['student', 'junior', 'career', 'entry-level']"
2479,QA Engineer (student part-time),tech,Remote (EU time),student part-time,SMB,"['JavaScript', 'Git', 'SQL', 'React', 'Cloud', 'Python', 'APIs']","QA Engineer (student part-time) role in the tech domain (student part-time) at a SMB organization. Location: Remote (EU time). You will work closely with cross-functional teams, analyze needs, and translate them into actionable steps. You should be reliable, collaborative, and able to manage multiple tasks in parallel. Key skills include: React, Git, APIs, JavaScript, Python, Cloud. This role offers hands-on experience in a dynamic environment and exposure to real business challenges. Tags: career, junior, entry-level, student. You will help maintain documentation, track metrics, and support regular check-ins with the team.","['student', 'junior', 'career', 'entry-level']"
1682,BI Analyst (contract),data,Hybrid - Tel Aviv,contract,agency,"['Statistics', 'A/B Testing', 'Data Visualization', 'Excel', 'Machine Learning', 'ETL', 'SQL']","BI Analyst (contract) role in the data domain (contract) at a agency organization. Location: Hybrid - Tel Aviv. You will support day-to-day execution, coordinate stakeholders, and contribute to process improvements. The ideal candidate is organized, curious, and comfortable learning new tools quickly. Key skills include: Statistics, A/B Testing, Machine Learning, SQL, Excel, Data Visualization. You will gain practical experience and build a strong foundation for your career. Tags: junior, student, entry-level, career. You will help maintain documentation, track metrics, and support regular check-ins with the team.","['student', 'junior', 'career', 'entry-level']"
2300,Frontend Developer (junior full-time),tech,Remote (EU time),junior full-time,SMB,"['Python', 'Cloud', 'JavaScript', 'APIs', 'Docker', 'Git', 'SQL']","Frontend Developer (junior full-time) role in the tech domain (junior full-time) at a SMB organization. Location: Remote (EU time). You will work closely with cross-functional teams, analyze needs, and translate them into actionable steps. You should be reliable, collaborative, and able to manage multiple tasks in parallel. Key skills include: Cloud, Git, Docker, SQL, JavaScript, APIs. This role offers hands-on experience in a dynamic environment and exposure to real business challenges. Tags: entry-level, student, career, junior. You will help maintain documentation, track metrics, and support regular check-ins with the team.","['student', 'junior', 'career', 'entry-level']"
9040,Frontend Developer (student part-time),tech,Remote (EU time),student part-time,nonprofit,"['Git', 'React', 'Docker', 'Python', 'Linux', 'SQL', 'JavaScript']","Frontend Developer (student part-time) role in the tech domain (student part-time) at a nonprofit organization. Location: Remote (EU time). You will take ownership of tasks, communicate progress clearly, and help deliver high-quality outcomes on time. The ideal candidate is organized, curious, and comfortable learning new tools quickly. Key skills include: Git, JavaScript, Python, SQL, Linux, React. You will work in a fast-paced setting with room to take initiative and make an impact. Tags: junior, career, entry-level, student. You will help maintain documentation, track metrics, and support regular check-ins with the team.","['student', 'junior', 'career', 'entry-level']"
1258,Data Analyst (junior full-time),data,Remote,junior full-time,SMB,"['SQL', 'Excel', 'A/B Testing', 'Statistics', 'NumPy', 'ETL', 'Data Visualization']","Data Analyst (junior full-time) role in the data domain (junior full-time) at a SMB organization. Location: Remote. You will help run operations, document workflows, and drive continuous improvement initiatives. You should be reliable, collaborative, and able to manage multiple tasks in parallel. Key skills include: SQL, Data Visualization, Excel, Statistics, ETL, A/B Testing. You will join a supportive team with opportunities to learn and grow. Tags: student, entry-level, junior, career. You will help maintain documentation, track metrics, and support regular check-ins with the team.","['student', 'junior', 'career', 'entry-level']"
7026,Junior Data Scientist (internship),data,On-site - Jerusalem,internship,SMB,"['Data Visualization', 'Excel', 'A/B Testing', 'Machine Learning', 'Python', 'SQL', 'NumPy']","Junior Data Scientist (internship) role in the data domain (internship) at a SMB organization. Location: On-site - Jerusalem. You will work closely with cross-functional teams, analyze needs, and translate them into actionable steps. The ideal candidate is organized, curious, and comfortable learning new tools quickly. Key skills include: Machine Learning, Data Visualization, SQL, Python, NumPy, Excel. You will work in a fast-paced setting with room to take initiative and make an impact. Tags: student, entry-level, career, junior. You will help maintain documentation, track metrics, and support regular check-ins with the team.","['student', 'junior', 'career', 'entry-level']"
614,Data Analyst (internship),data,On-site - Tel Aviv,internship,startup,"['Data Visualization', 'Statistics', 'Excel', 'SQL', 'A/B Testing', 'NumPy', 'ETL']","Data Analyst (internship) role in the data domain (internship) at a startup organization. Location: On-site - Tel Aviv. You will help run operations, document workflows, and drive continuous improvement initiatives. We are looking for a proactive, detail-oriented candidate with strong communication skills. Key skills include: NumPy, Statistics, ETL, SQL, Excel, Data Visualization. You will join a supportive team with opportunities to learn and grow. Tags: junior, student, entry-level, career. You will help maintain documentation, track metrics, and support regular check-ins with the team.","['student', 'junior', 'career', 'entry-level']"
6851,Software Engineer (student part-time),tech,On-site - Tel Aviv,student part-time,corporate,"['SQL', 'APIs', 'Python', 'JavaScript', 'Testing', 'Git', 'Docker']","Software Engineer (student part-time) role in the tech domain (student part-time) at a corporate organization. Location: On-site - Tel Aviv. You will help run operations, document workflows, and drive continuous improvement initiatives. The ideal candidate is organized, curious, and comfortable learning new tools quickly. Key skills include: Docker, SQL, Python, JavaScript, Git, Testing. This role offers hands-on experience in a dynamic environment and exposure to real business challenges. Tags: career, junior, entry-level, student. You will help maintain documentation, track metrics, and support regular check-ins with the team.","['student', 'junior', 'career', 'entry-level']"
1662,BI Analyst (contract),data,On-site - Jerusalem,contract,corporate,"['SQL', 'Excel', 'ETL', 'Python', 'Machine Learning', 'Statistics', 'Pandas']","BI Analyst (contract) role in the data domain (contract) at a corporate organization. Location: On-site - Jerusalem. You will work closely with cross-functional teams, analyze needs, and translate them into actionable steps. We value problem-solving, ownership, and the ability to work independently when needed. Key skills include: Machine Learning, Pandas, Excel, Python, SQL, Statistics. You will join a supportive team with opportunities to learn and grow. Tags: entry-level, student, junior, career. You will help maintain documentation, track metrics, and support regular check-ins with the team.","['student', 'junior', 'career', 'entry-level']"
3012,Junior Data Scientist (junior full-time),data,Hybrid - Herzliya,junior full-time,corporate,"['SQL', 'ETL', 'Machine Learning', 'Data Visualization', 'NumPy', 'Excel', 'A/B Testing']","Junior Data Scientist (junior full-time) role in the data domain (junior full-time) at a corporate organization. Location: Hybrid - Herzliya. You will help run operations, document workflows, and drive continuous improvement initiatives. We are looking for a proactive, detail-oriented candidate with strong communication skills. Key skills include: SQL, NumPy, Excel, Data Visualization, Machine Learning, A/B Testing. You will join a supportive team with opportunities to learn and grow. Tags: student, career, junior, entry-level. You will help maintain documentation, track metrics, and support regular check-ins with the team.","['student', 'junior', 'career', 'entry-level']"
2374,Junior Data Scientist (contract),data,Remote,contract,corporate,"['ETL', 'Data Visualization', 'Python', 'SQL', 'Pandas', 'A/B Testing', 'Machine Learning']","Junior Data Scientist (contract) role in the data domain (contract) at a corporate organization. Location: Remote. You will work closely with cross-functional teams, analyze needs, and translate them into actionable steps. We are looking for a proactive, detail-oriented candidate with strong communication skills. Key skills include: SQL, A/B Testing, Machine Learning, Python, Pandas, Data Visualization. You will work in a fast-paced setting with room to take initiative and make an impact. Tags: career, junior, student, entry-level. You will help maintain documentation, track metrics, and support regular check-ins with the team.","['student', 'junior', 'career', 'entry-level']"
2579,Junior Data Scientist (junior full-time),data,Hybrid - Herzliya,junior full-time,corporate,"['Statistics', 'A/B Testing', 'Machine Learning', 'SQL', 'Excel', 'Pandas', 'Data Visualization']","Junior Data Scientist (junior full-time) role in the data domain (junior full-time) at a corporate organization. Location: Hybrid - Herzliya. You will assist with planning and reporting, and ensure smooth collaboration across teams. The ideal candidate is organized, curious, and comfortable learning new tools quickly. Key skills include: Statistics, A/B Testing, Data Visualization, Machine Learning, Excel, SQL. You will gain practical experience and build a strong foundation for your career. Tags: entry-level, career, junior, student. You will help maintain documentation, track metrics, and support regular check-ins with the team.","['student', 'junior', 'career', 'entry-level']"
8080,Frontend Developer (junior full-time),tech,Remote,junior full-time,nonprofit,"['JavaScript', 'SQL', 'React', 'Testing', 'APIs', 'Cloud', 'Docker']","Frontend Developer (junior full-time) role in the tech domain (junior full-time) at a nonprofit organization. Location: Remote. You will take ownership of tasks, communicate progress clearly, and help deliver high-quality outcomes on time. We value problem-solving, ownership, and the ability to work independently when needed. Key skills include: SQL, Testing, APIs, Cloud, React, JavaScript. This role offers hands-on experience in a dynamic environment and exposure to real business challenges. Tags: career, student, entry-level, junior. You will help maintain documentation, track metrics, and support regular check-ins with the team.","['student', 'junior', 'career', 'entry-level']"
3214,BI Analyst (contract),data,On-site - Tel Aviv,contract,agency,"['A/B Testing', 'SQL', 'Excel', 'Machine Learning', 'Statistics', 'ETL', 'Data Visualization']","BI Analyst (contract) role in the data domain (contract) at a agency organization. Location: On-site - Tel Aviv. You will take ownership of tasks, communicate progress clearly, and help deliver high-quality outcomes on time. The ideal candidate is organized, curious, and comfortable learning new tools quickly. Key skills include: Data Visualization, Excel, ETL, A/B Testing, SQL, Machine Learning. This role offers hands-on experience in a dynamic environment and exposure to real business challenges. Tags: junior, entry-level, student, career. You will help maintain documentation, track metrics, and support regular check-ins with the team.","['student', 'junior', 'career', 'entry-level']"
8674,Frontend Developer (student part-time),tech,On-site - Jerusalem,student part-time,corporate,"['Docker', 'React', 'Linux', 'JavaScript', 'Testing', 'APIs', 'Git']","Frontend Developer (student part-time) role in the tech domain (student part-time) at a corporate organization. Location: On-site - Jerusalem. You will work closely with cross-functional teams, analyze needs, and translate them into actionable steps. We value problem-solving, ownership, and the ability to work independently when needed. Key skills include: Linux, Testing, React, APIs, Docker, Git. You will work in a fast-paced setting with room to take initiative and make an impact. Tags: entry-level, student, junior, career. You will help maintain documentation, track metrics, and support regular check-ins with the team.","['student', 'junior', 'career', 'entry-level']"
2308,Data Analyst (student part-time),data,On-site - Jerusalem,student part-time,startup,"['SQL', 'Data Visualization', 'A/B Testing', 'Excel', 'ETL', 'Statistics', 'Machine Learning']","Data Analyst (student part-time) role in the data domain (student part-time) at a startup organization. Location: On-site - Jerusalem. You will take ownership of tasks, communicate progress clearly, and help deliver high-quality outcomes on time. You should be reliable, collaborative, and able to manage multiple tasks in parallel. Key skills include: Excel, Data Visualization, Machine Learning, SQL, ETL, Statistics. You will join a supportive team with opportunities to learn and grow. Tags: student, career, junior, entry-level. You will help maintain documentation, track metrics, and support regular check-ins with the team.","['student', 'junior', 'career', 'entry-level']"
3003,QA Engineer (junior full-time),tech,Hybrid - Herzliya,junior full-time,nonprofit,"['Git', 'Docker', 'APIs', 'React', 'JavaScript', 'SQL', 'Linux']","QA Engineer (junior full-time) role in the tech domain (junior full-time) at a nonprofit organization. Location: Hybrid - Herzliya. You will help run operations, document workflows, and drive continuous improvement initiatives. You should be reliable, collaborative, and able to manage multiple tasks in parallel. Key skills include: JavaScript, APIs, SQL, Linux, Docker, Git. You will gain practical experience and build a strong foundation for your career. Tags: student, career, junior, entry-level. You will help maintain documentation, track metrics, and support regular check-ins with the team.","['student', 'junior', 'career', 'entry-level']"
4859,Backend Developer (student part-time),tech,On-site - Jerusalem,student part-time,startup,"['Git', 'JavaScript', 'Testing', 'APIs', 'Cloud', 'SQL', 'Python']","Backend Developer (student part-time) role in the tech domain (student part-time) at a startup organization. Location: On-site - Jerusalem. You will take ownership of tasks, communicate progress clearly, and help deliver high-quality outcomes on time. The ideal candidate is organized, curious, and comfortable learning new tools quickly. Key skills include: Python, Testing, Git, Cloud, SQL, JavaScript. You will work in a fast-paced setting with room to take initiative and make an impact. Tags: career, student, entry-level, junior. You will help maintain documentation, track metrics, and support regular check-ins with the team.","['student', 'junior', 'career', 'entry-level']"
4330,Data Analyst (student part-time),data,Hybrid - Tel Aviv,student part-time,corporate,"['NumPy', 'Statistics', 'Data Visualization', 'A/B Testing', 'Python', 'Machine Learning', 'Excel']","Data Analyst (student part-time) role in the data domain (student part-time) at a corporate organization. Location: Hybrid - Tel Aviv. You will assist with planning and reporting, and ensure smooth collaboration across teams. We value problem-solving, ownership, and the ability to work independently when needed. Key skills include: A/B Testing, Machine Learning, Excel, NumPy, Data Visualization, Python. You will gain practical experience and build a strong foundation for your career. Tags: junior, student, career, entry-level. You will help maintain documentation, track metrics, and support regular check-ins with the team.","['student', 'junior', 'career', 'entry-level']"
2165,Software Engineer (contract),tech,On-site - Jerusalem,contract,nonprofit,"['Docker', 'Git', 'React', 'APIs', 'Cloud', 'JavaScript', 'Linux']","Software Engineer (contract) role in the tech domain (contract) at a nonprofit organization. Location: On-site - Jerusalem. You will assist with planning and reporting, and ensure smooth collaboration across teams. We value problem-solving, ownership, and the ability to work independently when needed. Key skills include: Linux, Git, JavaScript, React, Docker, APIs. You will gain practical experience and build a strong foundation for your career. Tags: junior, entry-level, career, student. You will help maintain documentation, track metrics, and support regular check-ins with the team.","['student', 'junior', 'career', 'entry-level']"
7397,Data Analyst (student part-time),data,Hybrid - Herzliya,student part-time,agency,"['ETL', 'Python', 'SQL', 'Excel', 'Pandas', 'Statistics', 'Data Visualization']","Data Analyst (student part-time) role in the data domain (student part-time) at a agency organization. Location: Hybrid - Herzliya. You will assist with planning and reporting, and ensure smooth collaboration across teams. The ideal candidate is organized, curious, and comfortable learning new tools quickly. Key skills include: Data Visualization, SQL, Python, Statistics, ETL, Excel. This role offers hands-on experience in a dynamic environment and exposure to real business challenges. Tags: student, junior, entry-level, career. You will help maintain documentation, track metrics, and support regular check-ins with the team.","['student', 'junior', 'career', 'entry-level']"
1747,Data Analyst (student part-time),data,On-site - Jerusalem,student part-time,nonprofit,"['Statistics', 'A/B Testing', 'NumPy', 'Excel', 'Pandas', 'SQL', 'Machine Learning']","Data Analyst (student part-time) role in the data domain (student part-time) at a nonprofit organization. Location: On-site - Jerusalem. You will help run operations, document workflows, and drive continuous improvement initiatives. We value problem-solving, ownership, and the ability to work independently when needed. Key skills include: SQL, Statistics, A/B Testing, Machine Learning, Excel, Pandas. You will gain practical experience and build a strong foundation for your career. Tags: junior, career, entry-level, student. You will help maintain documentation, track metrics, and support regular check-ins with the team.","['student', 'junior', 'career', 'entry-level']"
3404,BI Analyst (student part-time),data,Remote,student part-time,startup,"['NumPy', 'Statistics', 'SQL', 'Data Visualization', 'ETL', 'Excel', 'Pandas']","BI Analyst (student part-time) role in the data domain (student part-time) at a startup organization. Location: Remote. You will work closely with cross-functional teams, analyze needs, and translate them into actionable steps. You should be reliable, collaborative, and able to manage multiple tasks in parallel. Key skills include: Pandas, Data Visualization, Statistics, NumPy, SQL, ETL. You will gain practical experience and build a strong foundation for your career. Tags: career, student, junior, entry-level. You will help maintain documentation, track metrics, and support regular check-ins with the team.","['student', 'junior', 'career', 'entry-level']"
3648,BI Analyst (contract),data,Remote (EU time),contract,corporate,"['SQL', 'NumPy', 'Pandas', 'Data Visualization', 'Machine Learning', 'ETL', 'Python']","BI Analyst (contract) role in the data domain (contract) at a corporate organization. Location: Remote (EU time). You will support day-to-day execution, coordinate stakeholders, and contribute to process improvements. We are looking for a proactive, detail-oriented candidate with strong communication skills. Key skills include: Data Visualization, Python, Machine Learning, SQL, Pandas, ETL. This role offers hands-on experience in a dynamic environment and exposure to real business challenges. Tags: student, junior, career, entry-level. You will help maintain documentation, track metrics, and support regular check-ins with the team.","['student', 'junior', 'career', 'entry-level']"
5951,Junior Data Scientist (student part-time),data,Remote (EU time),student part-time,startup,"['ETL', 'Excel', 'Python', 'Pandas', 'Data Visualization', 'SQL', 'NumPy']","Junior Data Scientist (student part-time) role in the data domain (student part-time) at a startup organization. Location: Remote (EU time). You will help run operations, document workflows, and drive continuous improvement initiatives. We value problem-solving, ownership, and the ability to work independently when needed. Key skills include: NumPy, Excel, ETL, Python, Pandas, SQL. You will gain practical experience and build a strong foundation for your career. Tags: student, junior, career, entry-level. You will help maintain documentation, track metrics, and support regular check-ins with the team.","['student', 'junior', 'career', 'entry-level']"
4982,Junior Data Scientist (junior full-time),data,On-site - Jerusalem,junior full-time,nonprofit,"['ETL', 'Pandas', 'SQL', 'Excel', 'Data Visualization', 'A/B Testing', 'NumPy']","Junior Data Scientist (junior full-time) role in the data domain (junior full-time) at a nonprofit organization. Location: On-site - Jerusalem. You will assist with planning and reporting, and ensure smooth collaboration across teams. We value problem-solving, ownership, and the ability to work independently when needed. Key skills include: SQL, NumPy, Pandas, ETL, Data Visualization, A/B Testing. This role offers hands-on experience in a dynamic environment and exposure to real business challenges. Tags: entry-level, junior, student, career. You will help maintain documentation, track metrics, and support regular check-ins with the team.","['student', 'junior', 'career', 'entry-level']"
1635,Software Engineer (junior full-time),tech,Hybrid - Tel Aviv,junior full-time,corporate,"['Cloud', 'Linux', 'Python', 'Docker', 'Testing', 'JavaScript', 'SQL']","Software Engineer (junior full-time) role in the tech domain (junior full-time) at a corporate organization. Location: Hybrid - Tel Aviv. You will support day-to-day execution, coordinate stakeholders, and contribute to process improvements. We are looking for a proactive, detail-oriented candidate with strong communication skills. Key skills include: JavaScript, Docker, SQL, Testing, Python, Cloud. You will gain practical experience and build a strong foundation for your career. Tags: career, junior, student, entry-level. You will help maintain documentation, track metrics, and support regular check-ins with the team.","['student', 'junior', 'career', 'entry-level']"
7648,BI Analyst (contract),data,Remote (EU time),contract,corporate,"['SQL', 'NumPy', 'Pandas', 'Data Visualization', 'Machine Learning', 'ETL', 'Python']","BI Analyst (contract) role in the data domain (contract) at a corporate organization. Location: Remote (EU time). You will take ownership of tasks, communicate progress clearly, and help deliver high-quality outcomes on time. We are looking for a proactive, detail-oriented candidate with strong communication skills. Key skills include: Machine Learning, SQL, NumPy, Pandas, ETL, Python. You will join a supportive team with opportunities to learn and grow. Tags: student, junior, entry-level, career. You will help maintain documentation, track metrics, and support regular check-ins with the team.","['student', 'junior', 'career', 'entry-level']"
668,Data Analyst (junior full-time),data,Hybrid - Herzliya,junior full-time,corporate,"['SQL', 'Data Visualization', 'Machine Learning', 'Excel', 'NumPy', 'ETL', 'A/B Testing']","Data Analyst (junior full-time) role in the data domain (junior full-time) at a corporate organization. Location: Hybrid - Herzliya. You will assist with planning and reporting, and ensure smooth collaboration across teams. We value problem-solving, ownership, and the ability to work independently when needed. Key skills include: NumPy, SQL, A/B Testing, Machine Learning, Excel, Data Visualization. You will join a supportive team with opportunities to learn and grow. Tags: student, entry-level, career, junior. You will help maintain documentation, track metrics, and support regular check-ins with the team.","['student', 'junior', 'career', 'entry-level']"
6619,Data Analyst (junior full-time),data,Remote,junior full-time,startup,"['A/B Testing', 'Excel', 'Machine Learning', 'NumPy', 'Data Visualization', 'Pandas', 'SQL']","Data Analyst (junior full-time) role in the data domain (junior full-time) at a startup organization. Location: Remote. You will work closely with cross-functional teams, analyze needs, and translate them into actionable steps. We are looking for a proactive, detail-oriented candidate with strong communication skills. Key skills include: SQL, Pandas, Excel, Machine Learning, Data Visualization, NumPy. This role offers hands-on experience in a dynamic environment and exposure to real business challenges. Tags: entry-level, career, junior, student. You will help maintain documentation, track metrics, and support regular check-ins with the team.","['student', 'junior', 'career', 'entry-level']"
6180,Software Engineer (internship),tech,Hybrid - Herzliya,internship,SMB,"['SQL', 'Python', 'Git', 'React', 'Docker', 'Testing', 'APIs']","Software Engineer (internship) role in the tech domain (internship) at a SMB organization. Location: Hybrid - Herzliya. You will take ownership of tasks, communicate progress clearly, and help deliver high-quality outcomes on time. You should be reliable, collaborative, and able to manage multiple tasks in parallel. Key skills include: Docker, APIs, Python, Git, SQL, React. This role offers hands-on experience in a dynamic environment and exposure to real business challenges. Tags: entry-level, student, career, junior. You will help maintain documentation, track metrics, and support regular check-ins with the team.","['student', 'junior', 'career', 'entry-level']"
5596,Data Analyst (contract),data,Hybrid - Tel Aviv,contract,agency,"['A/B Testing', 'SQL', 'NumPy', 'Data Visualization', 'ETL', 'Machine Learning', 'Pandas']","Data Analyst (contract) role in the data domain (contract) at a agency organization. Location: Hybrid - Tel Aviv. You will take ownership of tasks, communicate progress clearly, and help deliver high-quality outcomes on time. We value problem-solving, ownership, and the ability to work independently when needed. Key skills include: Data Visualization, ETL, SQL, A/B Testing, NumPy, Pandas. This role offers hands-on experience in a dynamic environment and exposure to real business challenges. Tags: student, entry-level, junior, career. You will help maintain documentation, track metrics, and support regular check-ins with the team.","['student', 'junior', 'career', 'entry-level']"
6262,BI Analyst (junior full-time),data,Remote,junior full-time,nonprofit,"['A/B Testing', 'Data Visualization', 'Pandas', 'NumPy', 'Statistics', 'SQL', 'ETL']","BI Analyst (junior full-time) role in the data domain (junior full-time) at a nonprofit organization. Location: Remote. You will support day-to-day execution, coordinate stakeholders, and contribute to process improvements. The ideal candidate is organized, curious, and comfortable learning new tools quickly. Key skills include: NumPy, Statistics, SQL, ETL, Data Visualization, Pandas. You will work in a fast-paced setting with room to take initiative and make an impact. Tags: junior, career, entry-level, student. You will help maintain documentation, track metrics, and support regular check-ins with the team.","['student', 'junior', 'career', 'entry-level']"
3026,Junior Data Scientist (internship),data,On-site - Jerusalem,internship,SMB,"['Data Visualization', 'Excel', 'A/B Testing', 'Machine Learning', 'Python', 'SQL', 'NumPy']","Junior Data Scientist (internship) role in the data domain (internship) at a SMB organization. Location: On-site - Jerusalem. You will assist with planning and reporting, and ensure smooth collaboration across teams. The ideal candidate is organized, curious, and comfortable learning new tools quickly. Key skills include: Data Visualization, Machine Learning, Excel, A/B Testing, NumPy, Python. This role offers hands-on experience in a dynamic environment and exposure to real business challenges. Tags: entry-level, junior, career, student. You will help maintain documentation, track metrics, and support regular check-ins with the team.","['student', 'junior', 'career', 'entry-level']"
9505,Backend Developer (student part-time),tech,Hybrid - Tel Aviv,student part-time,agency,"['Docker', 'Cloud', 'JavaScript', 'SQL', 'Git', 'Python', 'Testing']","Backend Developer (student part-time) role in the tech domain (student part-time) at a agency organization. Location: Hybrid - Tel Aviv. You will work closely with cross-functional teams, analyze needs, and translate them into actionable steps. We value problem-solving, ownership, and the ability to work independently when needed. Key skills include: SQL, Cloud, Git, Testing, Python, Docker. You will gain practical experience and build a strong foundation for your career. Tags: student, junior, career, entry-level. You will help maintain documentation, track metrics, and support regular check-ins with the team.","['student', 'junior', 'career', 'entry-level']"
4764,Backend Developer (student part-time),tech,On-site - Tel Aviv,student part-time,startup,"['SQL', 'Cloud', 'Linux', 'Git', 'JavaScript', 'APIs', 'Testing']","Backend Developer (student part-time) role in the tech domain (student part-time) at a startup organization. Location: On-site - Tel Aviv. You will help run operations, document workflows, and drive continuous improvement initiatives. We are looking for a proactive, detail-oriented candidate with strong communication skills. Key skills include: APIs, Git, Cloud, SQL, JavaScript, Linux. You will work in a fast-paced setting with room to take initiative and make an impact. Tags: student, entry-level, junior, career. You will help maintain documentation, track metrics, and support regular check-ins with the team.","['student', 'junior', 'career', 'entry-level']"
3667,Junior Data Scientist (student part-time),data,On-site - Tel Aviv,student part-time,nonprofit,"['Python', 'Machine Learning', 'Excel', 'NumPy', 'A/B Testing', 'SQL', 'Statistics']","Junior Data Scientist (student part-time) role in the data domain (student part-time) at a nonprofit organization. Location: On-site - Tel Aviv. You will assist with planning and reporting, and ensure smooth collaboration across teams. The ideal candidate is organized, curious, and comfortable learning new tools quickly. Key skills include: Python, A/B Testing, NumPy, SQL, Statistics, Machine Learning. You will join a supportive team with opportunities to learn and grow. Tags: entry-level, student, junior, career. You will help maintain documentation, track metrics, and support regular check-ins with the team.","['student', 'junior', 'career', 'entry-level']"
4268,Data Analyst (student part-time),data,Remote,student part-time,agency,"['Machine Learning', 'NumPy', 'Pandas', 'A/B Testing', 'Statistics', 'Data Visualization', 'SQL']","Data Analyst (student part-time) role in the data domain (student part-time) at a agency organization. Location: Remote. You will support day-to-day execution, coordinate stakeholders, and contribute to process improvements. We value problem-solving, ownership, and the ability to work independently when needed. Key skills include: Pandas, NumPy, Statistics, A/B Testing, Machine Learning, Data Visualization. You will join a supportive team with opportunities to learn and grow. Tags: junior, career, entry-level, student. You will help maintain documentation, track metrics, and support regular check-ins with the team.","['student', 'junior', 'career', 'entry-level']"
438,QA Engineer (internship),tech,On-site - Tel Aviv,internship,nonprofit,"['Cloud', 'SQL', 'React', 'Docker', 'Linux', 'APIs', 'Git']","QA Engineer (internship) role in the tech domain (internship) at a nonprofit organization. Location: On-site - Tel Aviv. You will assist with planning and reporting, and ensure smooth collaboration across teams. You should be reliable, collaborative, and able to manage multiple tasks in parallel. Key skills include: Linux, Cloud, Git, SQL, React, Docker. You will gain practical experience and build a strong foundation for your career. Tags: student, junior, career, entry-level. You will help maintain documentation, track metrics, and support regular check-ins with the team.","['student', 'junior', 'career', 'entry-level']"
1710,QA Engineer (junior full-time),tech,Remote (EU time),junior full-time,corporate,"['Cloud', 'JavaScript', 'React', 'Git', 'SQL', 'Docker', 'Linux']","QA Engineer (junior full-time) role in the tech domain (junior full-time) at a corporate organization. Location: Remote (EU time). You will support day-to-day execution, coordinate stakeholders, and contribute to process improvements. We value problem-solving, ownership, and the ability to work independently when needed. Key skills include: Cloud, SQL, Linux, Docker, React, Git. You will join a supportive team with opportunities to learn and grow. Tags: student, junior, career, entry-level. You will help maintain documentation, track metrics, and support regular check-ins with the team.","['student', 'junior', 'career', 'entry-level']"
3047,Data Analyst (junior full-time),data,On-site - Tel Aviv,junior full-time,SMB,"['NumPy', 'Statistics', 'Pandas', 'A/B Testing', 'Data Visualization', 'SQL', 'Python']","Data Analyst (junior full-time) role in the data domain (junior full-time) at a SMB organization. Location: On-site - Tel Aviv. You will support day-to-day execution, coordinate stakeholders, and contribute to process improvements. We are looking for a proactive, detail-oriented candidate with strong communication skills. Key skills include: Statistics, A/B Testing, SQL, Data Visualization, Pandas, NumPy. You will work in a fast-paced setting with room to take initiative and make an impact. Tags: entry-level, junior, student, career. You will help maintain documentation, track metrics, and support regular check-ins with the team.","['student', 'junior', 'career', 'entry-level']"
7668,Data Analyst (student part-time),data,Remote,student part-time,SMB,"['Statistics', 'NumPy', 'Python', 'SQL', 'Machine Learning', 'Data Visualization', 'Pandas']","Data Analyst (student part-time) role in the data domain (student part-time) at a SMB organization. Location: Remote. You will work closely with cross-functional teams, analyze needs, and translate them into actionable steps. We are looking for a proactive, detail-oriented candidate with strong communication skills. Key skills include: Pandas, Python, Machine Learning, NumPy, SQL, Data Visualization. You will join a supportive team with opportunities to learn and grow. Tags: student, career, entry-level, junior. You will help maintain documentation, track metrics, and support regular check-ins with the team.","['student', 'junior', 'career', 'entry-level']"
2227,Junior Data Scientist (junior full-time),data,On-site - Jerusalem,junior full-time,SMB,"['SQL', 'Statistics', 'Data Visualization', 'Python', 'A/B Testing', 'Machine Learning', 'Pandas']","Junior Data Scientist (junior full-time) role in the data domain (junior full-time) at a SMB organization. Location: On-site - Jerusalem. You will support day-to-day execution, coordinate stakeholders, and contribute to process improvements. We value problem-solving, ownership, and the ability to work independently when needed. Key skills include: Machine Learning, Pandas, Python, SQL, Statistics, Data Visualization. This role offers hands-on experience in a dynamic environment and exposure to real business challenges. Tags: career, entry-level, student, junior. You will help maintain documentation, track metrics, and support regular check-ins with the team.","['student', 'junior', 'career', 'entry-level']"
9341,BI Analyst (internship),data,On-site - Jerusalem,internship,startup,"['Statistics', 'Python', 'A/B Testing', 'Pandas', 'Data Visualization', 'Machine Learning', 'Excel']","BI Analyst (internship) role in the data domain (internship) at a startup organization. Location: On-site - Jerusalem. You will support day-to-day execution, coordinate stakeholders, and contribute to process improvements. We value problem-solving, ownership, and the ability to work independently when needed. Key skills include: A/B Testing, Excel, Statistics, Machine Learning, Python, Data Visualization. This role offers hands-on experience in a dynamic environment and exposure to real business challenges. Tags: junior, entry-level, student, career. You will help maintain documentation, track metrics, and support regular check-ins with the team.","['student', 'junior', 'career', 'entry-level']"
2000,Software Engineer (contract),tech,Remote,contract,corporate,"['Git', 'Docker', 'Linux', 'JavaScript', 'Cloud', 'Python', 'APIs']","Software Engineer (contract) role in the tech domain (contract) at a corporate organization. Location: Remote. You will work closely with cross-functional teams, analyze needs, and translate them into actionable steps. You should be reliable, collaborative, and able to manage multiple tasks in parallel. Key skills include: Cloud, JavaScript, Python, Linux, Git, Docker. You will join a supportive team with opportunities to learn and grow. Tags: entry-level, student, career, junior. You will help maintain documentation, track metrics, and support regular check-ins with the team.","['student', 'junior', 'career', 'entry-level']"
8513,Frontend Developer (contract),tech,Hybrid - Tel Aviv,contract,SMB,"['JavaScript', 'Python', 'Cloud', 'Testing', 'Linux', 'APIs', 'Docker']","Frontend Developer (contract) role in the tech domain (contract) at a SMB organization. Location: Hybrid - Tel Aviv. You will assist with planning and reporting, and ensure smooth collaboration across teams. We are looking for a proactive, detail-oriented candidate with strong communication skills. Key skills include: Docker, APIs, Cloud, Python, Testing, Linux. You will join a supportive team with opportunities to learn and grow. Tags: student, career, entry-level, junior. You will help maintain documentation, track metrics, and support regular check-ins with the team.","['student', 'junior', 'career', 'entry-level']"
973,BI Analyst (contract),data,Remote,contract,nonprofit,"['Pandas', 'Data Visualization', 'Python', 'Statistics', 'A/B Testing', 'ETL', 'Excel']","BI Analyst (contract) role in the data domain (contract) at a nonprofit organization. Location: Remote. You will assist with planning and reporting, and ensure smooth collaboration across teams. You should be reliable, collaborative, and able to manage multiple tasks in parallel. Key skills include: Python, Excel, Data Visualization, A/B Testing, Statistics, ETL. You will gain practical experience and build a strong foundation for your career. Tags: entry-level, junior, student, career. You will help maintain documentation, track metrics, and support regular check-ins with the team.","['student', 'junior', 'career', 'entry-level']"
3346,Backend Developer (student part-time),tech,Hybrid - Herzliya,student part-time,SMB,"['JavaScript', 'Linux', 'Testing', 'Git', 'Docker', 'APIs', 'Cloud']","Backend Developer (student part-time) role in the tech domain (student part-time) at a SMB organization. Location: Hybrid - Herzliya. You will help run operations, document workflows, and drive continuous improvement initiatives. We value problem-solving, ownership, and the ability to work independently when needed. Key skills include: Git, Docker, JavaScript, Testing, APIs, Linux. You will join a supportive team with opportunities to learn and grow. Tags: entry-level, career, student, junior. You will help maintain documentation, track metrics, and support regular check-ins with the team.","['student', 'junior', 'career', 'entry-level']"
6394,BI Analyst (student part-time),data,Hybrid - Tel Aviv,student part-time,agency,"['A/B Testing', 'Statistics', 'SQL', 'NumPy', 'Machine Learning', 'Excel', 'ETL']","BI Analyst (student part-time) role in the data domain (student part-time) at a agency organization. Location: Hybrid - Tel Aviv. You will take ownership of tasks, communicate progress clearly, and help deliver high-quality outcomes on time. You should be reliable, collaborative, and able to manage multiple tasks in parallel. Key skills include: ETL, NumPy, A/B Testing, Excel, SQL, Machine Learning. You will work in a fast-paced setting with room to take initiative and make an impact. Tags: student, career, entry-level, junior.","['student', 'junior', 'career', 'entry-level']"
3397,Data Analyst (student part-time),data,Hybrid - Herzliya,student part-time,agency,"['ETL', 'Python', 'SQL', 'Excel', 'Pandas', 'Statistics', 'Data Visualization']","Data Analyst (student part-time) role in the data domain (student part-time) at a agency organization. Location: Hybrid - Herzliya. You will work closely with cross-functional teams, analyze needs, and translate them into actionable steps. The ideal candidate is organized, curious, and comfortable learning new tools quickly. Key skills include: Excel, ETL, Statistics, Pandas, Python, SQL. You will work in a fast-paced setting with room to take initiative and make an impact. Tags: career, entry-level, junior, student. You will help maintain documentation, track metrics, and support regular check-ins with the team.","['student', 'junior', 'career', 'entry-level']"
7083,Frontend Developer (contract),tech,On-site - Tel Aviv,contract,startup,"['JavaScript', 'React', 'Docker', 'Linux', 'APIs', 'Cloud', 'Python']","Frontend Developer (contract) role in the tech domain (contract) at a startup organization. Location: On-site - Tel Aviv. You will take ownership of tasks, communicate progress clearly, and help deliver high-quality outcomes on time. You should be reliable, collaborative, and able to manage multiple tasks in parallel. Key skills include: Python, APIs, Docker, Cloud, Linux, JavaScript. You will join a supportive team with opportunities to learn and grow. Tags: entry-level, career, junior, student. You will help maintain documentation, track metrics, and support regular check-ins with the team.","['student', 'junior', 'career', 'entry-level']"
1657,Data Analyst (internship),data,On-site - Tel Aviv,internship,agency,"['Data Visualization', 'A/B Testing', 'Statistics', 'Python', 'NumPy', 'Machine Learning', 'Excel']","Data Analyst (internship) role in the data domain (internship) at a agency organization. Location: On-site - Tel Aviv. You will support day-to-day execution, coordinate stakeholders, and contribute to process improvements. The ideal candidate is organized, curious, and comfortable learning new tools quickly. Key skills include: Python, Machine Learning, Statistics, A/B Testing, Data Visualization, NumPy. You will work in a fast-paced setting with room to take initiative and make an impact. Tags: entry-level, career, junior, student. You will help maintain documentation, track metrics, and support regular check-ins with the team.","['student', 'junior', 'career', 'entry-level']"
9386,Frontend Developer (student part-time),tech,Hybrid - Herzliya,student part-time,startup,"['Testing', 'Cloud', 'SQL', 'Python', 'Git', 'JavaScript', 'APIs']","Frontend Developer (student part-time) role in the tech domain (student part-time) at a startup organization. Location: Hybrid - Herzliya. You will assist with planning and reporting, and ensure smooth collaboration across teams. We value problem-solving, ownership, and the ability to work independently when needed. Key skills include: Git, APIs, Testing, JavaScript, SQL, Python. You will gain practical experience and build a strong foundation for your career. Tags: junior, entry-level, career, student. You will help maintain documentation, track metrics, and support regular check-ins with the team.","['student', 'junior', 'career', 'entry-level']"
9083,Frontend Developer (student part-time),tech,Hybrid - Tel Aviv,student part-time,nonprofit,"['Docker', 'Cloud', 'Git', 'SQL', 'React', 'Python', 'JavaScript']","Frontend Developer (student part-time) role in the tech domain (student part-time) at a nonprofit organization. Location: Hybrid - Tel Aviv. You will take ownership of tasks, communicate progress clearly, and help deliver high-quality outcomes on time. We are looking for a proactive, detail-oriented candidate with strong communication skills. Key skills include: Git, Python, React, Docker, JavaScript, SQL. You will work in a fast-paced setting with room to take initiative and make an impact. Tags: career, entry-level, junior, student. You will help maintain documentation, track metrics, and support regular check-ins with the team.","['student', 'junior', 'career', 'entry-level']"
6484,Junior Data Scientist (internship),data,Remote (EU time),internship,SMB,"['NumPy', 'Machine Learning', 'SQL', 'Python', 'Excel', 'Pandas', 'Statistics']","Junior Data Scientist (internship) role in the data domain (internship) at a SMB organization. Location: Remote (EU time). You will assist with planning and reporting, and ensure smooth collaboration across teams. We value problem-solving, ownership, and the ability to work independently when needed. Key skills include: SQL, Machine Learning, NumPy, Pandas, Python, Statistics. You will gain practical experience and build a strong foundation for your career. Tags: junior, student, entry-level, career. You will help maintain documentation, track metrics, and support regular check-ins with the team.","['student', 'junior', 'career', 'entry-level']"
4988,QA Engineer (junior full-time),tech,Remote,junior full-time,corporate,"['JavaScript', 'Testing', 'Cloud', 'React', 'Linux', 'Git', 'SQL']","QA Engineer (junior full-time) role in the tech domain (junior full-time) at a corporate organization. Location: Remote. You will work closely with cross-functional teams, analyze needs, and translate them into actionable steps. You should be reliable, collaborative, and able to manage multiple tasks in parallel. Key skills include: React, Git, Linux, SQL, Cloud, Testing. This role offers hands-on experience in a dynamic environment and exposure to real business challenges. Tags: entry-level, student, junior, career. You will help maintain documentation, track metrics, and support regular check-ins with the team.","['student', 'junior', 'career', 'entry-level']"
432,Backend Developer (student part-time),tech,Remote,student part-time,agency,"['Cloud', 'JavaScript', 'APIs', 'React', 'Git', 'Docker', 'Testing']","Backend Developer (student part-time) role in the tech domain (student part-time) at a agency organization. Location: Remote. You will support day-to-day execution, coordinate stakeholders, and contribute to process improvements. The ideal candidate is organized, curious, and comfortable learning new tools quickly. Key skills include: JavaScript, Docker, APIs, Git, Cloud, React. You will gain practical experience and build a strong foundation for your career. Tags: career, student, junior, entry-level. You will help maintain documentation, track metrics, and support regular check-ins with the team.","['student', 'junior', 'career', 'entry-level']"
6430,Frontend Developer (internship),tech,On-site - Jerusalem,internship,startup,"['Linux', 'JavaScript', 'React', 'Python', 'Docker', 'Testing', 'Cloud']","Frontend Developer (internship) role in the tech domain (internship) at a startup organization. Location: On-site - Jerusalem. You will help run operations, document workflows, and drive continuous improvement initiatives. The ideal candidate is organized, curious, and comfortable learning new tools quickly. Key skills include: JavaScript, Cloud, Linux, Python, Docker, Testing. You will gain practical experience and build a strong foundation for your career. Tags: student, entry-level, career, junior. You will help maintain documentation, track metrics, and support regular check-ins with the team.","['student', 'junior', 'career', 'entry-level']"
6658,Data Analyst (contract),data,Hybrid - Herzliya,contract,SMB,"['Statistics', 'ETL', 'Machine Learning', 'Excel', 'Python', 'NumPy', 'Data Visualization']","Data Analyst (contract) role in the data domain (contract) at a SMB organization. Location: Hybrid - Herzliya. You will assist with planning and reporting, and ensure smooth collaboration across teams. The ideal candidate is organized, curious, and comfortable learning new tools quickly. Key skills include: Data Visualization, ETL, Machine Learning, Python, Statistics, Excel. You will join a supportive team with opportunities to learn and grow. Tags: junior, career, entry-level, student. You will help maintain documentation, track metrics, and support regular check-ins with the team.","['student', 'junior', 'career', 'entry-level']"
5144,Frontend Developer (junior full-time),tech,On-site - Jerusalem,junior full-time,nonprofit,"['Docker', 'APIs', 'Git', 'Cloud', 'Python', 'Linux', 'React']","Frontend Developer (junior full-time) role in the tech domain (junior full-time) at a nonprofit organization. Location: On-site - Jerusalem. You will take ownership of tasks, communicate progress clearly, and help deliver high-quality outcomes on time. We value problem-solving, ownership, and the ability to work independently when needed. Key skills include: Docker, Git, React, Python, Linux, Cloud. You will work in a fast-paced setting with room to take initiative and make an impact. Tags: entry-level, career, junior, student. You will help maintain documentation, track metrics, and support regular check-ins with the team.","['student', 'junior', 'career', 'entry-level']"
9253,Junior Data Scientist (junior full-time),data,Remote,junior full-time,SMB,"['NumPy', 'Excel', 'Data Visualization', 'Pandas', 'Statistics', 'A/B Testing', 'ETL']","Junior Data Scientist (junior full-time) role in the data domain (junior full-time) at a SMB organization. Location: Remote. You will help run operations, document workflows, and drive continuous improvement initiatives. You should be reliable, collaborative, and able to manage multiple tasks in parallel. Key skills include: Pandas, Statistics, Data Visualization, NumPy, A/B Testing, Excel. You will join a supportive team with opportunities to learn and grow. Tags: career, entry-level, student, junior. You will help maintain documentation, track metrics, and support regular check-ins with the team.","['student', 'junior', 'career', 'entry-level']"
9402,QA Engineer (internship),tech,Hybrid - Herzliya,internship,nonprofit,"['Linux', 'JavaScript', 'Git', 'Python', 'APIs', 'Cloud', 'SQL']","QA Engineer (internship) role in the tech domain (internship) at a nonprofit organization. Location: Hybrid - Herzliya. You will help run operations, document workflows, and drive continuous improvement initiatives. You should be reliable, collaborative, and able to manage multiple tasks in parallel. Key skills include: APIs, Linux, Git, Cloud, JavaScript, Python. You will work in a fast-paced setting with room to take initiative and make an impact. Tags: entry-level, student, junior, career. You will help maintain documentation, track metrics, and support regular check-ins with the team.","['student', 'junior', 'career', 'entry-level']"
2625,Data Analyst (internship),data,Remote (EU time),internship,nonprofit,"['NumPy', 'Statistics', 'ETL', 'SQL', 'A/B Testing', 'Data Visualization', 'Pandas']","Data Analyst (internship) role in the data domain (internship) at a nonprofit organization. Location: Remote (EU time). You will take ownership of tasks, communicate progress clearly, and help deliver high-quality outcomes on time. The ideal candidate is organized, curious, and comfortable learning new tools quickly. Key skills include: A/B Testing, ETL, SQL, NumPy, Statistics, Pandas. You will work in a fast-paced setting with room to take initiative and make an impact. Tags: career, student, junior, entry-level. You will help maintain documentation, track metrics, and support regular check-ins with the team.","['student', 'junior', 'career', 'entry-level']"
4457,Frontend Developer (internship),tech,Remote (EU time),internship,nonprofit,"['Linux', 'Git', 'SQL', 'React', 'Python', 'JavaScript', 'APIs']","Frontend Developer (internship) role in the tech domain (internship) at a nonprofit organization. Location: Remote (EU time). You will help run operations, document workflows, and drive continuous improvement initiatives. The ideal candidate is organized, curious, and comfortable learning new tools quickly. Key skills include: Git, SQL, Linux, React, Python, JavaScript. This role offers hands-on experience in a dynamic environment and exposure to real business challenges. Tags: career, junior, entry-level, student. You will help maintain documentation, track metrics, and support regular check-ins with the team.","['student', 'junior', 'career', 'entry-level']"
440,BI Analyst (contract),data,On-site - Jerusalem,contract,startup,"['SQL', 'Pandas', 'Machine Learning', 'Excel', 'A/B Testing', 'ETL', 'Statistics']","BI Analyst (contract) role in the data domain (contract) at a startup organization. Location: On-site - Jerusalem. You will support day-to-day execution, coordinate stakeholders, and contribute to process improvements. You should be reliable, collaborative, and able to manage multiple tasks in parallel. Key skills include: Excel, SQL, Pandas, ETL, A/B Testing, Statistics. You will join a supportive team with opportunities to learn and grow. Tags: junior, student, career, entry-level. You will help maintain documentation, track metrics, and support regular check-ins with the team.","['student', 'junior', 'career', 'entry-level']"
299,Backend Developer (contract),tech,Hybrid - Tel Aviv,contract,nonprofit,"['React', 'Cloud', 'SQL', 'Git', 'Testing', 'APIs', 'Python']","Backend Developer (contract) role in the tech domain (contract) at a nonprofit organization. Location: Hybrid - Tel Aviv. You will support day-to-day execution, coordinate stakeholders, and contribute to process improvements. You should be reliable, collaborative, and able to manage multiple tasks in parallel. Key skills include: React, SQL, Python, Cloud, Git, Testing. You will gain practical experience and build a strong foundation for your career. Tags: entry-level, junior, student, career. You will help maintain documentation, track metrics, and support regular check-ins with the team.","['student', 'junior', 'career', 'entry-level']"
1548,Backend Developer (junior full-time),tech,On-site - Jerusalem,junior full-time,SMB,"['Cloud', 'SQL', 'React', 'JavaScript', 'Python', 'Docker', 'Git']","Backend Developer (junior full-time) role in the tech domain (junior full-time) at a SMB organization. Location: On-site - Jerusalem. You will help run operations, document workflows, and drive continuous improvement initiatives. We are looking for a proactive, detail-oriented candidate with strong communication skills. Key skills include: JavaScript, React, Cloud, SQL, Python, Git. You will join a supportive team with opportunities to learn and grow. Tags: entry-level, junior, career, student. You will help maintain documentation, track metrics, and support regular check-ins with the team.","['student', 'junior', 'career', 'entry-level']"
2590,BI Analyst (junior full-time),data,Remote,junior full-time,corporate,"['Machine Learning', 'Data Visualization', 'Excel', 'Statistics', 'A/B Testing', 'Pandas', 'Python']","BI Analyst (junior full-time) role in the data domain (junior full-time) at a corporate organization. Location: Remote. You will take ownership of tasks, communicate progress clearly, and help deliver high-quality outcomes on time. We are looking for a proactive, detail-oriented candidate with strong communication skills. Key skills include: Pandas, Excel, Python, Data Visualization, Machine Learning, Statistics. You will gain practical experience and build a strong foundation for your career. Tags: entry-level, career, student, junior. You will help maintain documentation, track metrics, and support regular check-ins with the team.","['student', 'junior', 'career', 'entry-level']"
9379,Data Analyst (student part-time),data,Hybrid - Tel Aviv,student part-time,SMB,"['Excel', 'SQL', 'NumPy', 'Machine Learning', 'Pandas', 'Python', 'ETL']","Data Analyst (student part-time) role in the data domain (student part-time) at a SMB organization. Location: Hybrid - Tel Aviv. You will take ownership of tasks, communicate progress clearly, and help deliver high-quality outcomes on time. We value problem-solving, ownership, and the ability to work independently when needed. Key skills include: ETL, Pandas, Excel, NumPy, Python, Machine Learning. This role offers hands-on experience in a dynamic environment and exposure to real business challenges. Tags: junior, entry-level, student, career. You will help maintain documentation, track metrics, and support regular check-ins with the team.","['student', 'junior', 'career', 'entry-level']"
5475,Junior Data Scientist (internship),data,Remote (EU time),internship,startup,"['ETL', 'NumPy', 'Pandas', 'SQL', 'Machine Learning', 'Statistics', 'Data Visualization']","Junior Data Scientist (internship) role in the data domain (internship) at a startup organization. Location: Remote (EU time). You will work closely with cross-functional teams, analyze needs, and translate them into actionable steps. We are looking for a proactive, detail-oriented candidate with strong communication skills. Key skills include: SQL, Machine Learning, Statistics, NumPy, Data Visualization, Pandas. This role offers hands-on experience in a dynamic environment and exposure to real business challenges. Tags: entry-level, junior, student, career. You will help maintain documentation, track metrics, and support regular check-ins with the team.","['student', 'junior', 'career', 'entry-level']"
3028,QA Engineer (student part-time),tech,Remote,student part-time,agency,"['Python', 'Cloud', 'Linux', 'Testing', 'JavaScript', 'SQL', 'Docker']","QA Engineer (student part-time) role in the tech domain (student part-time) at a agency organization. Location: Remote. You will help run operations, document workflows, and drive continuous improvement initiatives. The ideal candidate is organized, curious, and comfortable learning new tools quickly. Key skills include: Testing, JavaScript, Docker, Cloud, Linux, SQL. You will join a supportive team with opportunities to learn and grow. Tags: student, entry-level, career, junior. You will help maintain documentation, track metrics, and support regular check-ins with the team.","['student', 'junior', 'career', 'entry-level']"
4783,BI Analyst (internship),data,Remote,internship,corporate,"['Pandas', 'Machine Learning', 'Data Visualization', 'NumPy', 'SQL', 'ETL', 'Python']","BI Analyst (internship) role in the data domain (internship) at a corporate organization. Location: Remote. You will work closely with cross-functional teams, analyze needs, and translate them into actionable steps. You should be reliable, collaborative, and able to manage multiple tasks in parallel. Key skills include: Machine Learning, Python, ETL, NumPy, Data Visualization, SQL. This role offers hands-on experience in a dynamic environment and exposure to real business challenges. Tags: entry-level, student, junior, career. You will help maintain documentation, track metrics, and support regular check-ins with the team.","['student', 'junior', 'career', 'entry-level']"
2841,Junior Data Scientist (student part-time),data,Remote (EU time),student part-time,nonprofit,"['ETL', 'Statistics', 'SQL', 'Python', 'Data Visualization', 'NumPy', 'Excel']","Junior Data Scientist (student part-time) role in the data domain (student part-time) at a nonprofit organization. Location: Remote (EU time). You will work closely with cross-functional teams, analyze needs, and translate them into actionable steps. You should be reliable, collaborative, and able to manage multiple tasks in parallel. Key skills include: Excel, Python, SQL, NumPy, Statistics, ETL. You will join a supportive team with opportunities to learn and grow. Tags: student, junior, career, entry-level. You will help maintain documentation, track metrics, and support regular check-ins with the team.","['student', 'junior', 'career', 'entry-level']"
3293,QA Engineer (contract),tech,Remote,contract,nonprofit,"['Python', 'React', 'Cloud', 'Git', 'Docker', 'Testing', 'APIs']","QA Engineer (contract) role in the tech domain (contract) at a nonprofit organization. Location: Remote. You will take ownership of tasks, communicate progress clearly, and help deliver high-quality outcomes on time. We value problem-solving, ownership, and the ability to work independently when needed. Key skills include: Python, APIs, React, Git, Cloud, Docker. You will work in a fast-paced setting with room to take initiative and make an impact. Tags: junior, career, entry-level, student. You will help maintain documentation, track metrics, and support regular check-ins with the team.","['student', 'junior', 'career', 'entry-level']"
1606,BI Analyst (contract),data,On-site - Jerusalem,contract,corporate,"['ETL', 'NumPy', 'Data Visualization', 'A/B Testing', 'Machine Learning', 'Excel', 'Pandas']","BI Analyst (contract) role in the data domain (contract) at a corporate organization. Location: On-site - Jerusalem. You will help run operations, document workflows, and drive continuous improvement initiatives. You should be reliable, collaborative, and able to manage multiple tasks in parallel. Key skills include: ETL, Machine Learning, NumPy, Excel, Data Visualization, Pandas. You will join a supportive team with opportunities to learn and grow. Tags: career, junior, student, entry-level. You will help maintain documentation, track metrics, and support regular check-ins with the team.","['student', 'junior', 'career', 'entry-level']"
6513,BI Analyst (junior full-time),data,Remote,junior full-time,nonprofit,"['Machine Learning', 'Statistics', 'Excel', 'NumPy', 'A/B Testing', 'Data Visualization', 'SQL']","BI Analyst (junior full-time) role in the data domain (junior full-time) at a nonprofit organization. Location: Remote. You will help run operations, document workflows, and drive continuous improvement initiatives. We value problem-solving, ownership, and the ability to work independently when needed. Key skills include: SQL, A/B Testing, Machine Learning, Data Visualization, Statistics, NumPy. You will work in a fast-paced setting with room to take initiative and make an impact. Tags: student, entry-level, junior, career. You will help maintain documentation, track metrics, and support regular check-ins with the team.","['student', 'junior', 'career', 'entry-level']"
2480,Data Analyst (student part-time),data,Hybrid - Herzliya,student part-time,corporate,"['ETL', 'Machine Learning', 'NumPy', 'Python', 'A/B Testing', 'Data Visualization', 'Statistics']","Data Analyst (student part-time) role in the data domain (student part-time) at a corporate organization. Location: Hybrid - Herzliya. You will work closely with cross-functional teams, analyze needs, and translate them into actionable steps. We are looking for a proactive, detail-oriented candidate with strong communication skills. Key skills include: Data Visualization, A/B Testing, ETL, Machine Learning, NumPy, Statistics. This role offers hands-on experience in a dynamic environment and exposure to real business challenges. Tags: junior, entry-level, career, student. You will help maintain documentation, track metrics, and support regular check-ins with the team.","['student', 'junior', 'career', 'entry-level']"
8322,BI Analyst (contract),data,Hybrid - Tel Aviv,contract,corporate,"['Python', 'Machine Learning', 'A/B Testing', 'Data Visualization', 'ETL', 'Pandas', 'Statistics']","BI Analyst (contract) role in the data domain (contract) at a corporate organization. Location: Hybrid - Tel Aviv. You will take ownership of tasks, communicate progress clearly, and help deliver high-quality outcomes on time. We are looking for a proactive, detail-oriented candidate with strong communication skills. Key skills include: Statistics, Python, ETL, A/B Testing, Machine Learning, Data Visualization. You will work in a fast-paced setting with room to take initiative and make an impact. Tags: student, entry-level, junior, career. You will help maintain documentation, track metrics, and support regular check-ins with the team.","['student', 'junior', 'career', 'entry-level']"
2686,BI Analyst (contract),data,Remote,contract,startup,"['NumPy', 'Statistics', 'Pandas', 'ETL', 'Machine Learning', 'Python', 'Excel']","BI Analyst (contract) role in the data domain (contract) at a startup organization. Location: Remote. You will work closely with cross-functional teams, analyze needs, and translate them into actionable steps. We are looking for a proactive, detail-oriented candidate with strong communication skills. Key skills include: Pandas, Python, Statistics, Machine Learning, ETL, NumPy. You will gain practical experience and build a strong foundation for your career. Tags: career, junior, student, entry-level. You will help maintain documentation, track metrics, and support regular check-ins with the team.","['student', 'junior', 'career', 'entry-level']"
6328,Junior Data Scientist (student part-time),data,Remote (EU time),student part-time,agency,"['Statistics', 'Machine Learning', 'Data Visualization', 'SQL', 'ETL', 'Excel', 'Python']","Junior Data Scientist (student part-time) role in the data domain (student part-time) at a agency organization. Location: Remote (EU time). You will work closely with cross-functional teams, analyze needs, and translate them into actionable steps. We value problem-solving, ownership, and the ability to work independently when needed. Key skills include: Excel, Data Visualization, ETL, SQL, Statistics, Python. You will join a supportive team with opportunities to learn and grow. Tags: junior, entry-level, career, student. You will help maintain documentation, track metrics, and support regular check-ins with the team.","['student', 'junior', 'career', 'entry-level']"
1757,Junior Data Scientist (junior full-time),data,Remote (EU time),junior full-time,startup,"['NumPy', 'SQL', 'Python', 'ETL', 'Excel', 'Pandas', 'A/B Testing']","Junior Data Scientist (junior full-time) role in the data domain (junior full-time) at a startup organization. Location: Remote (EU time). You will support day-to-day execution, coordinate stakeholders, and contribute to process improvements. We are looking for a proactive, detail-oriented candidate with strong communication skills. Key skills include: NumPy, Pandas, Python, A/B Testing, ETL, Excel. You will gain practical experience and build a strong foundation for your career. Tags: junior, career, entry-level, student. You will help maintain documentation, track metrics, and support regular check-ins with the team.","['student', 'junior', 'career', 'entry-level']"
7797,BI Analyst (student part-time),data,On-site - Tel Aviv,student part-time,corporate,"['ETL', 'Pandas', 'A/B Testing', 'Data Visualization', 'Machine Learning', 'NumPy', 'SQL']","BI Analyst (student part-time) role in the data domain (student part-time) at a corporate organization. Location: On-site - Tel Aviv. You will help run operations, document workflows, and drive continuous improvement initiatives. We are looking for a proactive, detail-oriented candidate with strong communication skills. Key skills include: A/B Testing, NumPy, Data Visualization, SQL, ETL, Pandas. You will work in a fast-paced setting with room to take initiative and make an impact. Tags: entry-level, student, junior, career. You will help maintain documentation, track metrics, and support regular check-ins with the team.","['student', 'junior', 'career', 'entry-level']"
8079,BI Analyst (contract),data,Remote,contract,corporate,"['Pandas', 'Data Visualization', 'ETL', 'Statistics', 'Excel', 'Python', 'NumPy']","BI Analyst (contract) role in the data domain (contract) at a corporate organization. Location: Remote. You will take ownership of tasks, communicate progress clearly, and help deliver high-quality outcomes on time. You should be reliable, collaborative, and able to manage multiple tasks in parallel. Key skills include: Data Visualization, Excel, ETL, Statistics, NumPy, Pandas. You will work in a fast-paced setting with room to take initiative and make an impact. Tags: student, entry-level, career, junior. You will help maintain documentation, track metrics, and support regular check-ins with the team.","['student', 'junior', 'career', 'entry-level']"
8256,Junior Data Scientist (contract),data,Hybrid - Herzliya,contract,agency,"['Python', 'SQL', 'Statistics', 'Machine Learning', 'Excel', 'A/B Testing', 'Data Visualization']","Junior Data Scientist (contract) role in the data domain (contract) at a agency organization. Location: Hybrid - Herzliya. You will assist with planning and reporting, and ensure smooth collaboration across teams. We value problem-solving, ownership, and the ability to work independently when needed. Key skills include: SQL, Statistics, Excel, Data Visualization, Machine Learning, Python. You will join a supportive team with opportunities to learn and grow. Tags: entry-level, junior, career, student. You will help maintain documentation, track metrics, and support regular check-ins with the team.","['student', 'junior', 'career', 'entry-level']"
1872,Software Engineer (junior full-time),tech,Hybrid - Tel Aviv,junior full-time,SMB,"['Docker', 'Python', 'JavaScript', 'SQL', 'Testing', 'Cloud', 'React']","Software Engineer (junior full-time) role in the tech domain (junior full-time) at a SMB organization. Location: Hybrid - Tel Aviv. You will take ownership of tasks, communicate progress clearly, and help deliver high-quality outcomes on time. We value problem-solving, ownership, and the ability to work independently when needed. Key skills include: Python, SQL, Testing, Docker, Cloud, JavaScript. This role offers hands-on experience in a dynamic environment and exposure to real business challenges. Tags: student, junior, entry-level, career. You will help maintain documentation, track metrics, and support regular check-ins with the team.","['student', 'junior', 'career', 'entry-level']"
5247,BI Analyst (internship),data,Remote (EU time),internship,corporate,"['SQL', 'Excel', 'Data Visualization', 'ETL', 'Pandas', 'A/B Testing', 'Machine Learning']","BI Analyst (internship) role in the data domain (internship) at a corporate organization. Location: Remote (EU time). You will help run operations, document workflows, and drive continuous improvement initiatives. We value problem-solving, ownership, and the ability to work independently when needed. Key skills include: Data Visualization, ETL, SQL, Excel, Machine Learning, A/B Testing. This role offers hands-on experience in a dynamic environment and exposure to real business challenges. Tags: entry-level, student, career, junior. You will help maintain documentation, track metrics, and support regular check-ins with the team.","['student', 'junior', 'career', 'entry-level']"
6636,Software Engineer (student part-time),tech,Remote,student part-time,nonprofit,"['Testing', 'React', 'Python', 'Docker', 'Linux', 'SQL', 'JavaScript']","Software Engineer (student part-time) role in the tech domain (student part-time) at a nonprofit organization. Location: Remote. You will help run operations, document workflows, and drive continuous improvement initiatives. We are looking for a proactive, detail-oriented candidate with strong communication skills. Key skills include: React, JavaScript, Testing, Python, SQL, Docker. You will join a supportive team with opportunities to learn and grow. Tags: junior, student, career, entry-level. You will help maintain documentation, track metrics, and support regular check-ins with the team.","['student', 'junior', 'career', 'entry-level']"
5872,Software Engineer (junior full-time),tech,Hybrid - Tel Aviv,junior full-time,SMB,"['Docker', 'Python', 'JavaScript', 'SQL', 'Testing', 'Cloud', 'React']","Software Engineer (junior full-time) role in the tech domain (junior full-time) at a SMB organization. Location: Hybrid - Tel Aviv. You will assist with planning and reporting, and ensure smooth collaboration across teams. The ideal candidate is organized, curious, and comfortable learning new tools quickly. Key skills include: React, Python, JavaScript, Testing, Docker, SQL. This role offers hands-on experience in a dynamic environment and exposure to real business challenges. Tags: career, junior, entry-level, student. You will help maintain documentation, track metrics, and support regular check-ins with the team.","['student', 'junior', 'career', 'entry-level']"
3058,Junior Data Scientist (internship),data,Hybrid - Tel Aviv,internship,agency,"['Data Visualization', 'Python', 'SQL', 'Statistics', 'A/B Testing', 'Machine Learning', 'Excel']","Junior Data Scientist (internship) role in the data domain (internship) at a agency organization. Location: Hybrid - Tel Aviv. You will take ownership of tasks, communicate progress clearly, and help deliver high-quality outcomes on time. We value problem-solving, ownership, and the ability to work independently when needed. Key skills include: A/B Testing, Data Visualization, Machine Learning, Excel, Statistics, Python. You will gain practical experience and build a strong foundation for your career. Tags: entry-level, student, junior, career. You will help maintain documentation, track metrics, and support regular check-ins with the team.","['student', 'junior', 'career', 'entry-level']"
6222,Software Engineer (junior full-time),tech,Hybrid - Herzliya,junior full-time,corporate,"['Cloud', 'Testing', 'Git', 'JavaScript', 'APIs', 'React', 'Python']","Software Engineer (junior full-time) role in the tech domain (junior full-time) at a corporate organization. Location: Hybrid - Herzliya. You will take ownership of tasks, communicate progress clearly, and help deliver high-quality outcomes on time. The ideal candidate is organized, curious, and comfortable learning new tools quickly. Key skills include: Cloud, Git, Python, JavaScript, Testing, React. You will gain practical experience and build a strong foundation for your career. Tags: student, junior, career, entry-level. You will help maintain documentation, track metrics, and support regular check-ins with the team.","['student', 'junior', 'career', 'entry-level']"
3797,BI Analyst (student part-time),data,On-site - Tel Aviv,student part-time,corporate,"['ETL', 'Pandas', 'A/B Testing', 'Data Visualization', 'Machine Learning', 'NumPy', 'SQL']","BI Analyst (student part-time) role in the data domain (student part-time) at a corporate organization. Location: On-site - Tel Aviv. You will assist with planning and reporting, and ensure smooth collaboration across teams. We are looking for a proactive, detail-oriented candidate with strong communication skills. Key skills include: Pandas, Data Visualization, NumPy, SQL, ETL, A/B Testing. You will work in a fast-paced setting with room to take initiative and make an impact. Tags: junior, career, entry-level, student. You will help maintain documentation, track metrics, and support regular check-ins with the team.","['student', 'junior', 'career', 'entry-level']"
3602,Junior Data Scientist (junior full-time),data,Hybrid - Herzliya,junior full-time,SMB,"['Statistics', 'NumPy', 'Excel', 'Machine Learning', 'Pandas', 'A/B Testing', 'ETL']","Junior Data Scientist (junior full-time) role in the data domain (junior full-time) at a SMB organization. Location: Hybrid - Herzliya. You will help run operations, document workflows, and drive continuous improvement initiatives. We are looking for a proactive, detail-oriented candidate with strong communication skills. Key skills include: Excel, Machine Learning, Pandas, NumPy, Statistics, A/B Testing. You will join a supportive team with opportunities to learn and grow. Tags: student, career, entry-level, junior. You will help maintain documentation, track metrics, and support regular check-ins with the team.","['student', 'junior', 'career', 'entry-level']"
8869,Software Engineer (internship),tech,On-site - Jerusalem,internship,agency,"['SQL', 'Linux', 'APIs', 'Python', 'React', 'Cloud', 'JavaScript']","Software Engineer (internship) role in the tech domain (internship) at a agency organization. Location: On-site - Jerusalem. You will work closely with cross-functional teams, analyze needs, and translate them into actionable steps. We value problem-solving, ownership, and the ability to work independently when needed. Key skills include: SQL, React, APIs, Linux, Python, JavaScript. You will gain practical experience and build a strong foundation for your career. Tags: entry-level, student, career, junior. You will help maintain documentation, track metrics, and support regular check-ins with the team.","['student', 'junior', 'career', 'entry-level']"
740,Backend Developer (junior full-time),tech,On-site - Tel Aviv,junior full-time,corporate,"['Python', 'Cloud', 'Linux', 'React', 'Git', 'Docker', 'SQL']","Backend Developer (junior full-time) role in the tech domain (junior full-time) at a corporate organization. Location: On-site - Tel Aviv. You will support day-to-day execution, coordinate stakeholders, and contribute to process improvements. We are looking for a proactive, detail-oriented candidate with strong communication skills. Key skills include: React, SQL, Git, Docker, Python, Linux. This role offers hands-on experience in a dynamic environment and exposure to real business challenges. Tags: career, entry-level, junior, student. You will help maintain documentation, track metrics, and support regular check-ins with the team.","['student', 'junior', 'career', 'entry-level']"
8288,Junior Data Scientist (contract),data,On-site - Tel Aviv,contract,SMB,"['Statistics', 'SQL', 'NumPy', 'Machine Learning', 'ETL', 'Data Visualization', 'Excel']","Junior Data Scientist (contract) role in the data domain (contract) at a SMB organization. Location: On-site - Tel Aviv. You will assist with planning and reporting, and ensure smooth collaboration across teams. We value problem-solving, ownership, and the ability to work independently when needed. Key skills include: Data Visualization, Machine Learning, NumPy, Excel, ETL, Statistics. You will join a supportive team with opportunities to learn and grow. Tags: junior, career, student, entry-level. You will help maintain documentation, track metrics, and support regular check-ins with the team.","['student', 'junior', 'career', 'entry-level']"
1130,Software Engineer (student part-time),tech,Hybrid - Tel Aviv,student part-time,nonprofit,"['Cloud', 'Testing', 'SQL', 'Git', 'JavaScript', 'APIs', 'React']","Software Engineer (student part-time) role in the tech domain (student part-time) at a nonprofit organization. Location: Hybrid - Tel Aviv. You will work closely with cross-functional teams, analyze needs, and translate them into actionable steps. You should be reliable, collaborative, and able to manage multiple tasks in parallel. Key skills include: Cloud, Testing, APIs, SQL, React, Git. You will work in a fast-paced setting with room to take initiative and make an impact. Tags: junior, student, entry-level, career. You will help maintain documentation, track metrics, and support regular check-ins with the team.","['student', 'junior', 'career', 'entry-level']"
561,BI Analyst (student part-time),data,Remote (EU time),student part-time,SMB,"['SQL', 'Excel', 'A/B Testing', 'Data Visualization', 'Statistics', 'ETL', 'NumPy']","BI Analyst (student part-time) role in the data domain (student part-time) at a SMB organization. Location: Remote (EU time). You will support day-to-day execution, coordinate stakeholders, and contribute to process improvements. We are looking for a proactive, detail-oriented candidate with strong communication skills. Key skills include: Excel, SQL, A/B Testing, ETL, NumPy, Statistics. You will gain practical experience and build a strong foundation for your career. Tags: career, student, junior, entry-level. You will help maintain documentation, track metrics, and support regular check-ins with the team.","['student', 'junior', 'career', 'entry-level']"
6466,Data Analyst (internship),data,Hybrid - Tel Aviv,internship,SMB,"['Python', 'Data Visualization', 'Pandas', 'Excel', 'A/B Testing', 'NumPy', 'SQL']","Data Analyst (internship) role in the data domain (internship) at a SMB organization. Location: Hybrid - Tel Aviv. You will help run operations, document workflows, and drive continuous improvement initiatives. The ideal candidate is organized, curious, and comfortable learning new tools quickly. Key skills include: Excel, Data Visualization, Pandas, Python, SQL, NumPy. You will join a supportive team with opportunities to learn and grow. Tags: junior, student, career, entry-level. You will help maintain documentation, track metrics, and support regular check-ins with the team.","['student', 'junior', 'career', 'entry-level']"
3621,Data Analyst (internship),data,Hybrid - Herzliya,internship,corporate,"['Machine Learning', 'ETL', 'Python', 'Excel', 'Data Visualization', 'SQL', 'Statistics']","Data Analyst (internship) role in the data domain (internship) at a corporate organization. Location: Hybrid - Herzliya. You will take ownership of tasks, communicate progress clearly, and help deliver high-quality outcomes on time. We are looking for a proactive, detail-oriented candidate with strong communication skills. Key skills include: Machine Learning, Data Visualization, ETL, SQL, Statistics, Excel. You will join a supportive team with opportunities to learn and grow. Tags: entry-level, junior, student, career. You will help maintain documentation, track metrics, and support regular check-ins with the team.","['student', 'junior', 'career', 'entry-level']"
6991,Junior Data Scientist (internship),data,On-site - Tel Aviv,internship,nonprofit,"['Python', 'A/B Testing', 'Data Visualization', 'SQL', 'ETL', 'Machine Learning', 'Statistics']","Junior Data Scientist (internship) role in the data domain (internship) at a nonprofit organization. Location: On-site - Tel Aviv. You will help run operations, document workflows, and drive continuous improvement initiatives. We are looking for a proactive, detail-oriented candidate with strong communication skills. Key skills include: A/B Testing, SQL, ETL, Data Visualization, Machine Learning, Python. You will gain practical experience and build a strong foundation for your career. Tags: career, student, entry-level, junior. You will help maintain documentation, track metrics, and support regular check-ins with the team.","['student', 'junior', 'career', 'entry-level']"
1650,Frontend Developer (internship),tech,Hybrid - Tel Aviv,internship,SMB,"['Python', 'APIs', 'SQL', 'Testing', 'JavaScript', 'Git', 'Linux']","Frontend Developer (internship) role in the tech domain (internship) at a SMB organization. Location: Hybrid - Tel Aviv. You will help run operations, document workflows, and drive continuous improvement initiatives. The ideal candidate is organized, curious, and comfortable learning new tools quickly. Key skills include: Linux, APIs, Testing, JavaScript, Python, SQL. This role offers hands-on experience in a dynamic environment and exposure to real business challenges. Tags: career, entry-level, student, junior. You will help maintain documentation, track metrics, and support regular check-ins with the team.","['student', 'junior', 'career', 'entry-level']"
1510,QA Engineer (junior full-time),tech,Remote,junior full-time,corporate,"['Cloud', 'JavaScript', 'Testing', 'APIs', 'Linux', 'SQL', 'Python']","QA Engineer (junior full-time) role in the tech domain (junior full-time) at a corporate organization. Location: Remote. You will help run operations, document workflows, and drive continuous improvement initiatives. We are looking for a proactive, detail-oriented candidate with strong communication skills. Key skills include: APIs, JavaScript, Linux, SQL, Python, Cloud. This role offers hands-on experience in a dynamic environment and exposure to real business challenges. Tags: student, career, junior, entry-level. You will help maintain documentation, track metrics, and support regular check-ins with the team.","['student', 'junior', 'career', 'entry-level']"
7404,BI Analyst (student part-time),data,Remote,student part-time,startup,"['NumPy', 'Statistics', 'SQL', 'Data Visualization', 'ETL', 'Excel', 'Pandas']","BI Analyst (student part-time) role in the data domain (student part-time) at a startup organization. Location: Remote. You will take ownership of tasks, communicate progress clearly, and help deliver high-quality outcomes on time. You should be reliable, collaborative, and able to manage multiple tasks in parallel. Key skills include: Excel, Statistics, SQL, NumPy, Pandas, ETL. You will join a supportive team with opportunities to learn and grow. Tags: entry-level, student, career, junior. You will help maintain documentation, track metrics, and support regular check-ins with the team.","['student', 'junior', 'career', 'entry-level']"
2437,Data Analyst (internship),data,Remote,internship,nonprofit,"['Python', 'SQL', 'Excel', 'ETL', 'NumPy', 'A/B Testing', 'Machine Learning']","Data Analyst (internship) role in the data domain (internship) at a nonprofit organization. Location: Remote. You will work closely with cross-functional teams, analyze needs, and translate them into actionable steps. You should be reliable, collaborative, and able to manage multiple tasks in parallel. Key skills include: Python, SQL, Excel, Machine Learning, ETL, NumPy. You will join a supportive team with opportunities to learn and grow. Tags: entry-level, junior, career, student. You will help maintain documentation, track metrics, and support regular check-ins with the team.","['student', 'junior', 'career', 'entry-level']"
3900,QA Engineer (junior full-time),tech,Hybrid - Tel Aviv,junior full-time,startup,"['JavaScript', 'Cloud', 'Linux', 'SQL', 'Python', 'Docker', 'APIs']","QA Engineer (junior full-time) role in the tech domain (junior full-time) at a startup organization. Location: Hybrid - Tel Aviv. You will help run operations, document workflows, and drive continuous improvement initiatives. We value problem-solving, ownership, and the ability to work independently when needed. Key skills include: JavaScript, SQL, Linux, APIs, Python, Docker. This role offers hands-on experience in a dynamic environment and exposure to real business challenges. Tags: junior, entry-level, career, student. You will help maintain documentation, track metrics, and support regular check-ins with the team.","['student', 'junior', 'career', 'entry-level']"
2394,BI Analyst (student part-time),data,Hybrid - Tel Aviv,student part-time,agency,"['A/B Testing', 'Statistics', 'SQL', 'NumPy', 'Machine Learning', 'Excel', 'ETL']","BI Analyst (student part-time) role in the data domain (student part-time) at a agency organization. Location: Hybrid - Tel Aviv. You will help run operations, document workflows, and drive continuous improvement initiatives. We are looking for a proactive, detail-oriented candidate with strong communication skills. Key skills include: Excel, NumPy, Machine Learning, ETL, Statistics, SQL. You will gain practical experience and build a strong foundation for your career. Tags: career, entry-level, junior, student. You will help maintain documentation, track metrics, and support regular check-ins with the team.","['student', 'junior', 'career', 'entry-level']"
7168,Junior Data Scientist (junior full-time),data,On-site - Jerusalem,junior full-time,startup,"['NumPy', 'Excel', 'ETL', 'A/B Testing', 'Statistics', 'Data Visualization', 'Python']","Junior Data Scientist (junior full-time) role in the data domain (junior full-time) at a startup organization. Location: On-site - Jerusalem. You will help run operations, document workflows, and drive continuous improvement initiatives. We are looking for a proactive, detail-oriented candidate with strong communication skills. Key skills include: A/B Testing, Data Visualization, Python, NumPy, Excel, ETL. You will join a supportive team with opportunities to learn and grow. Tags: career, entry-level, student, junior. You will help maintain documentation, track metrics, and support regular check-ins with the team.","['student', 'junior', 'career', 'entry-level']"
6459,Junior Data Scientist (contract),data,On-site - Tel Aviv,contract,nonprofit,"['Python', 'A/B Testing', 'NumPy', 'Statistics', 'Pandas', 'Data Visualization', 'Excel']","Junior Data Scientist (contract) role in the data domain (contract) at a nonprofit organization. Location: On-site - Tel Aviv. You will take ownership of tasks, communicate progress clearly, and help deliver high-quality outcomes on time. We value problem-solving, ownership, and the ability to work independently when needed. Key skills include: Python, Data Visualization, A/B Testing, NumPy, Excel, Pandas. You will work in a fast-paced setting with room to take initiative and make an impact. Tags: student, junior, career, entry-level. You will help maintain documentation, track metrics, and support regular check-ins with the team.","['student', 'junior', 'career', 'entry-level']"
5682,BI Analyst (contract),data,Hybrid - Tel Aviv,contract,agency,"['Statistics', 'A/B Testing', 'Data Visualization', 'Excel', 'Machine Learning', 'ETL', 'SQL']","BI Analyst (contract) role in the data domain (contract) at a agency organization. Location: Hybrid - Tel Aviv. You will help run operations, document workflows, and drive continuous improvement initiatives. You should be reliable, collaborative, and able to manage multiple tasks in parallel. Key skills include: Machine Learning, SQL, A/B Testing, ETL, Excel, Data Visualization. You will work in a fast-paced setting with room to take initiative and make an impact. Tags: career, student, junior, entry-level. You will help maintain documentation, track metrics, and support regular check-ins with the team.","['student', 'junior', 'career', 'entry-level']"
4593,BI Analyst (contract),data,Remote,contract,agency,"['Pandas', 'Data Visualization', 'Excel', 'A/B Testing', 'ETL', 'NumPy', 'Python']","BI Analyst (contract) role in the data domain (contract) at a agency organization. Location: Remote. You will work closely with cross-functional teams, analyze needs, and translate them into actionable steps. You should be reliable, collaborative, and able to manage multiple tasks in parallel. Key skills include: Pandas, Python, Data Visualization, A/B Testing, ETL, NumPy. You will join a supportive team with opportunities to learn and grow. Tags: career, student, junior, entry-level. You will help maintain documentation, track metrics, and support regular check-ins with the team.","['student', 'junior', 'career', 'entry-level']"
1886,Data Analyst (student part-time),data,On-site - Jerusalem,student part-time,corporate,"['SQL', 'Excel', 'Pandas', 'Data Visualization', 'A/B Testing', 'Python', 'Machine Learning']","Data Analyst (student part-time) role in the data domain (student part-time) at a corporate organization. Location: On-site - Jerusalem. You will support day-to-day execution, coordinate stakeholders, and contribute to process improvements. We value problem-solving, ownership, and the ability to work independently when needed. Key skills include: Excel, Pandas, A/B Testing, Data Visualization, Python, Machine Learning. You will join a supportive team with opportunities to learn and grow. Tags: junior, student, entry-level, career. You will help maintain documentation, track metrics, and support regular check-ins with the team.","['student', 'junior', 'career', 'entry-level']"
5336,BI Analyst (junior full-time),data,On-site - Tel Aviv,junior full-time,corporate,"['Excel', 'Pandas', 'Machine Learning', 'Python', 'Data Visualization', 'ETL', 'A/B Testing']","BI Analyst (junior full-time) role in the data domain (junior full-time) at a corporate organization. Location: On-site - Tel Aviv. You will support day-to-day execution, coordinate stakeholders, and contribute to process improvements. The ideal candidate is organized, curious, and comfortable learning new tools quickly. Key skills include: Machine Learning, ETL, Pandas, A/B Testing, Data Visualization, Excel. This role offers hands-on experience in a dynamic environment and exposure to real business challenges. Tags: student, career, junior, entry-level. You will help maintain documentation, track metrics, and support regular check-ins with the team.","['student', 'junior', 'career', 'entry-level']"
9843,BI Analyst (internship),data,On-site - Jerusalem,internship,corporate,"['A/B Testing', 'Machine Learning', 'Statistics', 'Python', 'SQL', 'Data Visualization', 'NumPy']","BI Analyst (internship) role in the data domain (internship) at a corporate organization. Location: On-site - Jerusalem. You will take ownership of tasks, communicate progress clearly, and help deliver high-quality outcomes on time. The ideal candidate is organized, curious, and comfortable learning new tools quickly. Key skills include: Machine Learning, A/B Testing, NumPy, SQL, Data Visualization, Statistics. You will gain practical experience and build a strong foundation for your career. Tags: entry-level, junior, career, student. You will help maintain documentation, track metrics, and support regular check-ins with the team.","['student', 'junior', 'career', 'entry-level']"
7830,Backend Developer (junior full-time),tech,Remote (EU time),junior full-time,nonprofit,"['Testing', 'Linux', 'React', 'JavaScript', 'Cloud', 'SQL', 'APIs']","Backend Developer (junior full-time) role in the tech domain (junior full-time) at a nonprofit organization. Location: Remote (EU time). You will take ownership of tasks, communicate progress clearly, and help deliver high-quality outcomes on time. We value problem-solving, ownership, and the ability to work independently when needed. Key skills include: Linux, Cloud, JavaScript, APIs, Testing, SQL. You will join a supportive team with opportunities to learn and grow. Tags: student, junior, entry-level, career. You will help maintain documentation, track metrics, and support regular check-ins with the team.","['student', 'junior', 'career', 'entry-level']"
516,Data Analyst (contract),data,On-site - Jerusalem,contract,SMB,"['ETL', 'Excel', 'Pandas', 'Statistics', 'SQL', 'A/B Testing', 'Machine Learning']","Data Analyst (contract) role in the data domain (contract) at a SMB organization. Location: On-site - Jerusalem. You will assist with planning and reporting, and ensure smooth collaboration across teams. The ideal candidate is organized, curious, and comfortable learning new tools quickly. Key skills include: Pandas, SQL, Machine Learning, ETL, Excel, Statistics. You will gain practical experience and build a strong foundation for your career. Tags: student, junior, career, entry-level. You will help maintain documentation, track metrics, and support regular check-ins with the team.","['student', 'junior', 'career', 'entry-level']"
3031,QA Engineer (junior full-time),tech,On-site - Tel Aviv,junior full-time,nonprofit,"['APIs', 'Docker', 'Cloud', 'SQL', 'JavaScript', 'Testing', 'Git']","QA Engineer (junior full-time) role in the tech domain (junior full-time) at a nonprofit organization. Location: On-site - Tel Aviv. You will work closely with cross-functional teams, analyze needs, and translate them into actionable steps. The ideal candidate is organized, curious, and comfortable learning new tools quickly. Key skills include: Testing, SQL, Git, Cloud, JavaScript, Docker. You will join a supportive team with opportunities to learn and grow. Tags: junior, entry-level, student, career. You will help maintain documentation, track metrics, and support regular check-ins with the team.","['student', 'junior', 'career', 'entry-level']"
1668,Software Engineer (internship),tech,Hybrid - Herzliya,internship,SMB,"['APIs', 'SQL', 'JavaScript', 'React', 'Python', 'Git', 'Testing']","Software Engineer (internship) role in the tech domain (internship) at a SMB organization. Location: Hybrid - Herzliya. You will help run operations, document workflows, and drive continuous improvement initiatives. You should be reliable, collaborative, and able to manage multiple tasks in parallel. Key skills include: React, Git, Python, SQL, Testing, APIs. This role offers hands-on experience in a dynamic environment and exposure to real business challenges. Tags: student, junior, entry-level, career. You will help maintain documentation, track metrics, and support regular check-ins with the team.","['student', 'junior', 'career', 'entry-level']"
2980,Junior Data Scientist (internship),data,On-site - Jerusalem,internship,SMB,"['A/B Testing', 'Excel', 'SQL', 'Statistics', 'NumPy', 'Machine Learning', 'Pandas']","Junior Data Scientist (internship) role in the data domain (internship) at a SMB organization. Location: On-site - Jerusalem. You will help run operations, document workflows, and drive continuous improvement initiatives. We value problem-solving, ownership, and the ability to work independently when needed. Key skills include: NumPy, Excel, A/B Testing, SQL, Machine Learning, Pandas. You will work in a fast-paced setting with room to take initiative and make an impact. Tags: career, junior, entry-level, student. You will help maintain documentation, track metrics, and support regular check-ins with the team.","['student', 'junior', 'career', 'entry-level']"
9823,Junior Data Scientist (internship),data,Hybrid - Tel Aviv,internship,nonprofit,"['Pandas', 'Python', 'SQL', 'Statistics', 'Excel', 'Data Visualization', 'A/B Testing']","Junior Data Scientist (internship) role in the data domain (internship) at a nonprofit organization. Location: Hybrid - Tel Aviv. You will assist with planning and reporting, and ensure smooth collaboration across teams. We value problem-solving, ownership, and the ability to work independently when needed. Key skills include: Pandas, Python, Data Visualization, A/B Testing, Statistics, Excel. You will work in a fast-paced setting with room to take initiative and make an impact. Tags: junior, career, student, entry-level. You will help maintain documentation, track metrics, and support regular check-ins with the team.","['student', 'junior', 'career', 'entry-level']"
2603,Data Analyst (junior full-time),data,Hybrid - Tel Aviv,junior full-time,corporate,"['SQL', 'Machine Learning', 'ETL', 'A/B Testing', 'Excel', 'Python', 'Statistics']","Data Analyst (junior full-time) role in the data domain (junior full-time) at a corporate organization. Location: Hybrid - Tel Aviv. You will take ownership of tasks, communicate progress clearly, and help deliver high-quality outcomes on time. We value problem-solving, ownership, and the ability to work independently when needed. Key skills include: Python, A/B Testing, ETL, Machine Learning, Excel, Statistics. This role offers hands-on experience in a dynamic environment and exposure to real business challenges. Tags: entry-level, career, student, junior. You will help maintain documentation, track metrics, and support regular check-ins with the team.","['student', 'junior', 'career', 'entry-level']"
242,BI Analyst (student part-time),data,Remote (EU time),student part-time,nonprofit,"['Python', 'ETL', 'SQL', 'Pandas', 'NumPy', 'Excel', 'Statistics']","BI Analyst (student part-time) role in the data domain (student part-time) at a nonprofit organization. Location: Remote (EU time). You will take ownership of tasks, communicate progress clearly, and help deliver high-quality outcomes on time. The ideal candidate is organized, curious, and comfortable learning new tools quickly. Key skills include: Python, Statistics, Pandas, SQL, NumPy, Excel. This role offers hands-on experience in a dynamic environment and exposure to real business challenges. Tags: entry-level, student, career, junior. You will help maintain documentation, track metrics, and support regular check-ins with the team.","['student', 'junior', 'career', 'entry-level']"
8782,Frontend Developer (internship),tech,Hybrid - Tel Aviv,internship,nonprofit,"['Linux', 'React', 'APIs', 'Cloud', 'Docker', 'Python', 'SQL']","Frontend Developer (internship) role in the tech domain (internship) at a nonprofit organization. Location: Hybrid - Tel Aviv. You will support day-to-day execution, coordinate stakeholders, and contribute to process improvements. We value problem-solving, ownership, and the ability to work independently when needed. Key skills include: Linux, Cloud, SQL, React, APIs, Docker. You will gain practical experience and build a strong foundation for your career. Tags: entry-level, career, student, junior. You will help maintain documentation, track metrics, and support regular check-ins with the team.","['student', 'junior', 'career', 'entry-level']"
2415,Backend Developer (student part-time),tech,Hybrid - Herzliya,student part-time,startup,"['APIs', 'Docker', 'Testing', 'Git', 'React', 'Python', 'JavaScript']","Backend Developer (student part-time) role in the tech domain (student part-time) at a startup organization. Location: Hybrid - Herzliya. You will take ownership of tasks, communicate progress clearly, and help deliver high-quality outcomes on time. We are looking for a proactive, detail-oriented candidate with strong communication skills. Key skills include: Testing, Git, React, APIs, Docker, Python. You will gain practical experience and build a strong foundation for your career. Tags: career, student, entry-level, junior. You will help maintain documentation, track metrics, and support regular check-ins with the team.","['student', 'junior', 'career', 'entry-level']"
7200,Junior Data Scientist (internship),data,Remote,internship,SMB,"['Data Visualization', 'Python', 'Statistics', 'SQL', 'A/B Testing', 'NumPy', 'Machine Learning']","Junior Data Scientist (internship) role in the data domain (internship) at a SMB organization. Location: Remote. You will assist with planning and reporting, and ensure smooth collaboration across teams. We are looking for a proactive, detail-oriented candidate with strong communication skills. Key skills include: Machine Learning, Data Visualization, SQL, A/B Testing, Statistics, Python. You will join a supportive team with opportunities to learn and grow. Tags: junior, career, entry-level, student. You will help maintain documentation, track metrics, and support regular check-ins with the team.","['student', 'junior', 'career', 'entry-level']"
2644,Backend Developer (internship),tech,Hybrid - Tel Aviv,internship,nonprofit,"['APIs', 'SQL', 'Testing', 'Docker', 'Python', 'Linux', 'Git']","Backend Developer (internship) role in the tech domain (internship) at a nonprofit organization. Location: Hybrid - Tel Aviv. You will help run operations, document workflows, and drive continuous improvement initiatives. You should be reliable, collaborative, and able to manage multiple tasks in parallel. Key skills include: SQL, APIs, Python, Git, Linux, Docker. This role offers hands-on experience in a dynamic environment and exposure to real business challenges. Tags: student, career, junior, entry-level. You will help maintain documentation, track metrics, and support regular check-ins with the team.","['student', 'junior', 'career', 'entry-level']"
479,Junior Data Scientist (contract),data,Remote,contract,startup,"['Statistics', 'A/B Testing', 'Python', 'Pandas', 'Excel', 'Machine Learning', 'SQL']","Junior Data Scientist (contract) role in the data domain (contract) at a startup organization. Location: Remote. You will support day-to-day execution, coordinate stakeholders, and contribute to process improvements. The ideal candidate is organized, curious, and comfortable learning new tools quickly. Key skills include: Excel, A/B Testing, Machine Learning, Python, Pandas, SQL. You will work in a fast-paced setting with room to take initiative and make an impact. Tags: student, career, entry-level, junior. You will help maintain documentation, track metrics, and support regular check-ins with the team.","['student', 'junior', 'career', 'entry-level']"
1774,Frontend Developer (junior full-time),tech,Remote (EU time),junior full-time,SMB,"['JavaScript', 'Docker', 'Cloud', 'Testing', 'Python', 'Git', 'SQL']","Frontend Developer (junior full-time) role in the tech domain (junior full-time) at a SMB organization. Location: Remote (EU time). You will work closely with cross-functional teams, analyze needs, and translate them into actionable steps. The ideal candidate is organized, curious, and comfortable learning new tools quickly. Key skills include: Testing, SQL, Python, Cloud, Git, Docker. This role offers hands-on experience in a dynamic environment and exposure to real business challenges. Tags: entry-level, career, student, junior. You will help maintain documentation, track metrics, and support regular check-ins with the team.","['student', 'junior', 'career', 'entry-level']"
425,QA Engineer (internship),tech,On-site - Tel Aviv,internship,nonprofit,"['JavaScript', 'Docker', 'SQL', 'APIs', 'Testing', 'Cloud', 'React']","QA Engineer (internship) role in the tech domain (internship) at a nonprofit organization. Location: On-site - Tel Aviv. You will help run operations, document workflows, and drive continuous improvement initiatives. You should be reliable, collaborative, and able to manage multiple tasks in parallel. Key skills include: Testing, Docker, Cloud, JavaScript, APIs, React. You will join a supportive team with opportunities to learn and grow. Tags: career, student, junior, entry-level. You will help maintain documentation, track metrics, and support regular check-ins with the team.","['student', 'junior', 'career', 'entry-level']"
2936,Frontend Developer (student part-time),tech,Remote,student part-time,SMB,"['SQL', 'Docker', 'Python', 'APIs', 'React', 'Git', 'Cloud']","Frontend Developer (student part-time) role in the tech domain (student part-time) at a SMB organization. Location: Remote. You will assist with planning and reporting, and ensure smooth collaboration across teams. You should be reliable, collaborative, and able to manage multiple tasks in parallel. Key skills include: Docker, Git, APIs, Python, Cloud, React. This role offers hands-on experience in a dynamic environment and exposure to real business challenges. Tags: entry-level, student, career, junior. You will help maintain documentation, track metrics, and support regular check-ins with the team.","['student', 'junior', 'career', 'entry-level']"
1597,QA Engineer (junior full-time),tech,On-site - Jerusalem,junior full-time,corporate,"['JavaScript', 'Git', 'Cloud', 'Python', 'React', 'Linux', 'SQL']","QA Engineer (junior full-time) role in the tech domain (junior full-time) at a corporate organization. Location: On-site - Jerusalem. You will help run operations, document workflows, and drive continuous improvement initiatives. We are looking for a proactive, detail-oriented candidate with strong communication skills. Key skills include: React, SQL, Linux, Git, JavaScript, Cloud. You will gain practical experience and build a strong foundation for your career. Tags: entry-level, junior, student, career. You will help maintain documentation, track metrics, and support regular check-ins with the team.","['student', 'junior', 'career', 'entry-level']"
8245,QA Engineer (junior full-time),tech,Hybrid - Herzliya,junior full-time,startup,"['SQL', 'Python', 'Cloud', 'React', 'Git', 'Testing', 'APIs']","QA Engineer (junior full-time) role in the tech domain (junior full-time) at a startup organization. Location: Hybrid - Herzliya. You will assist with planning and reporting, and ensure smooth collaboration across teams. The ideal candidate is organized, curious, and comfortable learning new tools quickly. Key skills include: React, Git, Testing, Python, SQL, APIs. You will work in a fast-paced setting with room to take initiative and make an impact. Tags: junior, entry-level, career, student. You will help maintain documentation, track metrics, and support regular check-ins with the team.","['student', 'junior', 'career', 'entry-level']"
2851,Software Engineer (student part-time),tech,On-site - Tel Aviv,student part-time,corporate,"['SQL', 'APIs', 'Python', 'JavaScript', 'Testing', 'Git', 'Docker']","Software Engineer (student part-time) role in the tech domain (student part-time) at a corporate organization. Location: On-site - Tel Aviv. You will assist with planning and reporting, and ensure smooth collaboration across teams. We are looking for a proactive, detail-oriented candidate with strong communication skills. Key skills include: Testing, Python, SQL, JavaScript, Git, APIs. This role offers hands-on experience in a dynamic environment and exposure to real business challenges. Tags: career, junior, student, entry-level. You will help maintain documentation, track metrics, and support regular check-ins with the team.","['student', 'junior', 'career', 'entry-level']"
3727,Junior Data Scientist (internship),data,Hybrid - Tel Aviv,internship,startup,"['A/B Testing', 'Python', 'Machine Learning', 'Statistics', 'Data Visualization', 'ETL', 'Excel']","Junior Data Scientist (internship) role in the data domain (internship) at a startup organization. Location: Hybrid - Tel Aviv. You will help run operations, document workflows, and drive continuous improvement initiatives. We value problem-solving, ownership, and the ability to work independently when needed. Key skills include: Statistics, ETL, Machine Learning, A/B Testing, Excel, Python. This role offers hands-on experience in a dynamic environment and exposure to real business challenges. Tags: junior, student, career, entry-level. You will help maintain documentation, track metrics, and support regular check-ins with the team.","['student', 'junior', 'career', 'entry-level']"
5662,BI Analyst (contract),data,On-site - Jerusalem,contract,corporate,"['SQL', 'Excel', 'ETL', 'Python', 'Machine Learning', 'Statistics', 'Pandas']","BI Analyst (contract) role in the data domain (contract) at a corporate organization. Location: On-site - Jerusalem. You will support day-to-day execution, coordinate stakeholders, and contribute to process improvements. You should be reliable, collaborative, and able to manage multiple tasks in parallel. Key skills include: ETL, Excel, Pandas, Machine Learning, Statistics, Python. You will gain practical experience and build a strong foundation for your career. Tags: entry-level, junior, career, student. You will help maintain documentation, track metrics, and support regular check-ins with the team.","['student', 'junior', 'career', 'entry-level']"
2180,Software Engineer (internship),tech,Hybrid - Herzliya,internship,SMB,"['SQL', 'Python', 'Git', 'React', 'Docker', 'Testing', 'APIs']","Software Engineer (internship) role in the tech domain (internship) at a SMB organization. Location: Hybrid - Herzliya. You will help run operations, document workflows, and drive continuous improvement initiatives. We value problem-solving, ownership, and the ability to work independently when needed. Key skills include: Python, Git, React, SQL, Testing, APIs. You will work in a fast-paced setting with room to take initiative and make an impact. Tags: career, student, junior, entry-level. You will help maintain documentation, track metrics, and support regular check-ins with the team.","['student', 'junior', 'career', 'entry-level']"
5367,Backend Developer (internship),tech,Remote,internship,nonprofit,"['JavaScript', 'SQL', 'React', 'Docker', 'APIs', 'Python', 'Git']","Backend Developer (internship) role in the tech domain (internship) at a nonprofit organization. Location: Remote. You will work closely with cross-functional teams, analyze needs, and translate them into actionable steps. You should be reliable, collaborative, and able to manage multiple tasks in parallel. Key skills include: JavaScript, Docker, APIs, Git, Python, React. You will work in a fast-paced setting with room to take initiative and make an impact. Tags: junior, entry-level, career, student. You will help maintain documentation, track metrics, and support regular check-ins with the team.","['student', 'junior', 'career', 'entry-level']"
7050,Backend Developer (contract),tech,On-site - Tel Aviv,contract,agency,"['Testing', 'Docker', 'Python', 'SQL', 'APIs', 'Cloud', 'JavaScript']","Backend Developer (contract) role in the tech domain (contract) at a agency organization. Location: On-site - Tel Aviv. You will assist with planning and reporting, and ensure smooth collaboration across teams. We value problem-solving, ownership, and the ability to work independently when needed. Key skills include: Docker, Cloud, SQL, JavaScript, APIs, Python. This role offers hands-on experience in a dynamic environment and exposure to real business challenges. Tags: entry-level, student, junior, career. You will help maintain documentation, track metrics, and support regular check-ins with the team.","['student', 'junior', 'career', 'entry-level']"
4562,Junior Data Scientist (internship),data,Hybrid - Tel Aviv,internship,corporate,"['Statistics', 'Excel', 'ETL', 'Machine Learning', 'Python', 'NumPy', 'Pandas']","Junior Data Scientist (internship) role in the data domain (internship) at a corporate organization. Location: Hybrid - Tel Aviv. You will take ownership of tasks, communicate progress clearly, and help deliver high-quality outcomes on time. We are looking for a proactive, detail-oriented candidate with strong communication skills. Key skills include: Machine Learning, NumPy, Python, ETL, Excel, Statistics. You will gain practical experience and build a strong foundation for your career. Tags: career, entry-level, student, junior. You will help maintain documentation, track metrics, and support regular check-ins with the team.","['student', 'junior', 'career', 'entry-level']"
9660,Software Engineer (internship),tech,Hybrid - Tel Aviv,internship,corporate,"['Python', 'Cloud', 'JavaScript', 'Docker', 'APIs', 'Testing', 'Linux']","Software Engineer (internship) role in the tech domain (internship) at a corporate organization. Location: Hybrid - Tel Aviv. You will assist with planning and reporting, and ensure smooth collaboration across teams. You should be reliable, collaborative, and able to manage multiple tasks in parallel. Key skills include: JavaScript, Cloud, Testing, Linux, APIs, Python. This role offers hands-on experience in a dynamic environment and exposure to real business challenges. Tags: entry-level, career, junior, student. You will help maintain documentation, track metrics, and support regular check-ins with the team.","['student', 'junior', 'career', 'entry-level']"
2677,QA Engineer (internship),tech,Hybrid - Tel Aviv,internship,SMB,"['SQL', 'Linux', 'Docker', 'Git', 'React', 'Python', 'APIs']","QA Engineer (internship) role in the tech domain (internship) at a SMB organization. Location: Hybrid - Tel Aviv. You will help run operations, document workflows, and drive continuous improvement initiatives. You should be reliable, collaborative, and able to manage multiple tasks in parallel. Key skills include: Linux, Docker, Python, React, Git, APIs. You will work in a fast-paced setting with room to take initiative and make an impact. Tags: career, student, junior, entry-level. You will help maintain documentation, track metrics, and support regular check-ins with the team.","['student', 'junior', 'career', 'entry-level']"
8658,Frontend Developer (contract),tech,Hybrid - Tel Aviv,contract,agency,"['Python', 'APIs', 'Cloud', 'JavaScript', 'React', 'SQL', 'Docker']","Frontend Developer (contract) role in the tech domain (contract) at a agency organization. Location: Hybrid - Tel Aviv. You will help run operations, document workflows, and drive continuous improvement initiatives. You should be reliable, collaborative, and able to manage multiple tasks in parallel. Key skills include: Docker, React, SQL, Cloud, APIs, Python. You will work in a fast-paced setting with room to take initiative and make an impact. Tags: entry-level, student, career, junior. You will help maintain documentation, track metrics, and support regular check-ins with the team.","['student', 'junior', 'career', 'entry-level']"
5136,BI Analyst (student part-time),data,Hybrid - Tel Aviv,student part-time,nonprofit,"['Machine Learning', 'Excel', 'Python', 'Statistics', 'Data Visualization', 'NumPy', 'ETL']","BI Analyst (student part-time) role in the data domain (student part-time) at a nonprofit organization. Location: Hybrid - Tel Aviv. You will support day-to-day execution, coordinate stakeholders, and contribute to process improvements. You should be reliable, collaborative, and able to manage multiple tasks in parallel. Key skills include: NumPy, Statistics, Data Visualization, Machine Learning, Excel, ETL. This role offers hands-on experience in a dynamic environment and exposure to real business challenges. Tags: student, entry-level, career, junior. You will help maintain documentation, track metrics, and support regular check-ins with the team.","['student', 'junior', 'career', 'entry-level']"
9283,Frontend Developer (internship),tech,Remote (EU time),internship,SMB,"['React', 'Python', 'APIs', 'Testing', 'Git', 'Docker', 'SQL']","Frontend Developer (internship) role in the tech domain (internship) at a SMB organization. Location: Remote (EU time). You will work closely with cross-functional teams, analyze needs, and translate them into actionable steps. We are looking for a proactive, detail-oriented candidate with strong communication skills. Key skills include: Git, React, Docker, Python, Testing, APIs. This role offers hands-on experience in a dynamic environment and exposure to real business challenges. Tags: junior, entry-level, student, career. You will help maintain documentation, track metrics, and support regular check-ins with the team.","['student', 'junior', 'career', 'entry-level']"
5946,BI Analyst (student part-time),data,Hybrid - Herzliya,student part-time,SMB,"['SQL', 'Python', 'Pandas', 'Excel', 'A/B Testing', 'NumPy', 'Statistics']","BI Analyst (student part-time) role in the data domain (student part-time) at a SMB organization. Location: Hybrid - Herzliya. You will work closely with cross-functional teams, analyze needs, and translate them into actionable steps. We are looking for a proactive, detail-oriented candidate with strong communication skills. Key skills include: Excel, SQL, Python, A/B Testing, Statistics, NumPy. You will work in a fast-paced setting with room to take initiative and make an impact. Tags: career, student, entry-level, junior. You will help maintain documentation, track metrics, and support regular check-ins with the team.","['student', 'junior', 'career', 'entry-level']"
725,Junior Data Scientist (internship),data,On-site - Tel Aviv,internship,startup,"['Machine Learning', 'Statistics', 'Python', 'A/B Testing', 'SQL', 'ETL', 'Pandas']","Junior Data Scientist (internship) role in the data domain (internship) at a startup organization. Location: On-site - Tel Aviv. You will take ownership of tasks, communicate progress clearly, and help deliver high-quality outcomes on time. The ideal candidate is organized, curious, and comfortable learning new tools quickly. Key skills include: ETL, Python, A/B Testing, Machine Learning, Statistics, Pandas. This role offers hands-on experience in a dynamic environment and exposure to real business challenges. Tags: career, student, junior, entry-level. You will help maintain documentation, track metrics, and support regular check-ins with the team.","['student', 'junior', 'career', 'entry-level']"
4707,Data Analyst (internship),data,Hybrid - Tel Aviv,internship,SMB,"['NumPy', 'ETL', 'Statistics', 'Pandas', 'Data Visualization', 'Python', 'Machine Learning']","Data Analyst (internship) role in the data domain (internship) at a SMB organization. Location: Hybrid - Tel Aviv. You will support day-to-day execution, coordinate stakeholders, and contribute to process improvements. The ideal candidate is organized, curious, and comfortable learning new tools quickly. Key skills include: NumPy, Python, Data Visualization, Statistics, Pandas, ETL. This role offers hands-on experience in a dynamic environment and exposure to real business challenges. Tags: career, junior, student, entry-level. You will help maintain documentation, track metrics, and support regular check-ins with the team.","['student', 'junior', 'career', 'entry-level']"
1323,QA Engineer (contract),tech,On-site - Tel Aviv,contract,corporate,"['Git', 'Testing', 'Cloud', 'JavaScript', 'Docker', 'SQL', 'Linux']","QA Engineer (contract) role in the tech domain (contract) at a corporate organization. Location: On-site - Tel Aviv. You will help run operations, document workflows, and drive continuous improvement initiatives. We are looking for a proactive, detail-oriented candidate with strong communication skills. Key skills include: Git, Cloud, Linux, SQL, Testing, Docker. You will gain practical experience and build a strong foundation for your career. Tags: career, entry-level, student, junior. You will help maintain documentation, track metrics, and support regular check-ins with the team.","['student', 'junior', 'career', 'entry-level']"
1236,BI Analyst (junior full-time),data,On-site - Jerusalem,junior full-time,corporate,"['ETL', 'Data Visualization', 'A/B Testing', 'Python', 'Machine Learning', 'Excel', 'Pandas']","BI Analyst (junior full-time) role in the data domain (junior full-time) at a corporate organization. Location: On-site - Jerusalem. You will help run operations, document workflows, and drive continuous improvement initiatives. The ideal candidate is organized, curious, and comfortable learning new tools quickly. Key skills include: Machine Learning, Excel, A/B Testing, Pandas, Data Visualization, ETL. You will join a supportive team with opportunities to learn and grow. Tags: junior, student, entry-level, career. You will help maintain documentation, track metrics, and support regular check-ins with the team.","['student', 'junior', 'career', 'entry-level']"
4662,Frontend Developer (student part-time),tech,Remote (EU time),student part-time,nonprofit,"['Testing', 'Docker', 'Git', 'APIs', 'Cloud', 'React', 'Python']","Frontend Developer (student part-time) role in the tech domain (student part-time) at a nonprofit organization. Location: Remote (EU time). You will help run operations, document workflows, and drive continuous improvement initiatives. We are looking for a proactive, detail-oriented candidate with strong communication skills. Key skills include: Python, Git, Cloud, Testing, Docker, APIs. You will gain practical experience and build a strong foundation for your career. Tags: student, entry-level, junior, career. You will help maintain documentation, track metrics, and support regular check-ins with the team.","['student', 'junior', 'career', 'entry-level']"
8391,Junior Data Scientist (contract),data,Hybrid - Tel Aviv,contract,corporate,"['A/B Testing', 'Excel', 'ETL', 'Machine Learning', 'Data Visualization', 'Pandas', 'Statistics']","Junior Data Scientist (contract) role in the data domain (contract) at a corporate organization. Location: Hybrid - Tel Aviv. You will work closely with cross-functional teams, analyze needs, and translate them into actionable steps. We are looking for a proactive, detail-oriented candidate with strong communication skills. Key skills include: Machine Learning, Excel, A/B Testing, Pandas, Data Visualization, ETL. You will join a supportive team with opportunities to learn and grow. Tags: career, student, junior, entry-level. You will help maintain documentation, track metrics, and support regular check-ins with the team.","['student', 'junior', 'career', 'entry-level']"
5983,Software Engineer (contract),tech,Remote,contract,corporate,"['React', 'APIs', 'Python', 'Linux', 'SQL', 'JavaScript', 'Testing']","Software Engineer (contract) role in the tech domain (contract) at a corporate organization. Location: Remote. You will assist with planning and reporting, and ensure smooth collaboration across teams. We are looking for a proactive, detail-oriented candidate with strong communication skills. Key skills include: Linux, Testing, Python, JavaScript, APIs, React. You will join a supportive team with opportunities to learn and grow. Tags: entry-level, junior, student, career. You will help maintain documentation, track metrics, and support regular check-ins with the team.","['student', 'junior', 'career', 'entry-level']"
1293,Data Analyst (contract),data,Hybrid - Herzliya,contract,SMB,"['Data Visualization', 'Machine Learning', 'Statistics', 'SQL', 'NumPy', 'Excel', 'A/B Testing']","Data Analyst (contract) role in the data domain (contract) at a SMB organization. Location: Hybrid - Herzliya. You will help run operations, document workflows, and drive continuous improvement initiatives. We are looking for a proactive, detail-oriented candidate with strong communication skills. Key skills include: Machine Learning, Statistics, A/B Testing, SQL, NumPy, Excel. This role offers hands-on experience in a dynamic environment and exposure to real business challenges. Tags: career, entry-level, student, junior. You will help maintain documentation, track metrics, and support regular check-ins with the team.","['student', 'junior', 'career', 'entry-level']"
1056,Frontend Developer (student part-time),tech,Hybrid - Herzliya,student part-time,SMB,"['Python', 'JavaScript', 'SQL', 'Docker', 'React', 'Git', 'APIs']","Frontend Developer (student part-time) role in the tech domain (student part-time) at a SMB organization. Location: Hybrid - Herzliya. You will help run operations, document workflows, and drive continuous improvement initiatives. We are looking for a proactive, detail-oriented candidate with strong communication skills. Key skills include: Docker, SQL, React, Git, Python, APIs. You will work in a fast-paced setting with room to take initiative and make an impact. Tags: entry-level, career, student, junior. You will help maintain documentation, track metrics, and support regular check-ins with the team.","['student', 'junior', 'career', 'entry-level']"
4161,Junior Data Scientist (contract),data,Hybrid - Herzliya,contract,SMB,"['Pandas', 'SQL', 'A/B Testing', 'Excel', 'NumPy', 'Machine Learning', 'Statistics']","Junior Data Scientist (contract) role in the data domain (contract) at a SMB organization. Location: Hybrid - Herzliya. You will help run operations, document workflows, and drive continuous improvement initiatives. We value problem-solving, ownership, and the ability to work independently when needed. Key skills include: SQL, Machine Learning, Pandas, Statistics, Excel, NumPy. This role offers hands-on experience in a dynamic environment and exposure to real business challenges. Tags: entry-level, career, student, junior. You will help maintain documentation, track metrics, and support regular check-ins with the team.","['student', 'junior', 'career', 'entry-level']"
6248,Frontend Developer (internship),tech,Hybrid - Herzliya,internship,corporate,"['Docker', 'Python', 'React', 'APIs', 'Git', 'Linux', 'Cloud']","Frontend Developer (internship) role in the tech domain (internship) at a corporate organization. Location: Hybrid - Herzliya. You will work closely with cross-functional teams, analyze needs, and translate them into actionable steps. The ideal candidate is organized, curious, and comfortable learning new tools quickly. Key skills include: Git, Python, APIs, Linux, React, Cloud. You will gain practical experience and build a strong foundation for your career. Tags: entry-level, career, junior, student. You will help maintain documentation, track metrics, and support regular check-ins with the team.","['student', 'junior', 'career', 'entry-level']"
9038,Frontend Developer (contract),tech,On-site - Jerusalem,contract,corporate,"['Linux', 'Git', 'Python', 'APIs', 'React', 'Cloud', 'Docker']","Frontend Developer (contract) role in the tech domain (contract) at a corporate organization. Location: On-site - Jerusalem. You will take ownership of tasks, communicate progress clearly, and help deliver high-quality outcomes on time. The ideal candidate is organized, curious, and comfortable learning new tools quickly. Key skills include: Docker, Cloud, Linux, React, Python, APIs. You will gain practical experience and build a strong foundation for your career. Tags: career, entry-level, student, junior. You will help maintain documentation, track metrics, and support regular check-ins with the team.","['student', 'junior', 'career', 'entry-level']"
1172,BI Analyst (junior full-time),data,Hybrid - Herzliya,junior full-time,nonprofit,"['Pandas', 'Statistics', 'ETL', 'Machine Learning', 'NumPy', 'Excel', 'SQL']","BI Analyst (junior full-time) role in the data domain (junior full-time) at a nonprofit organization. Location: Hybrid - Herzliya. You will support day-to-day execution, coordinate stakeholders, and contribute to process improvements. We value problem-solving, ownership, and the ability to work independently when needed. Key skills include: Machine Learning, Excel, ETL, NumPy, SQL, Pandas. You will work in a fast-paced setting with room to take initiative and make an impact. Tags: career, junior, student, entry-level. You will help maintain documentation, track metrics, and support regular check-ins with the team.","['student', 'junior', 'career', 'entry-level']"
7008,QA Engineer (junior full-time),tech,On-site - Jerusalem,junior full-time,agency,"['Python', 'SQL', 'Git', 'Cloud', 'APIs', 'Linux', 'Docker']","QA Engineer (junior full-time) role in the tech domain (junior full-time) at a agency organization. Location: On-site - Jerusalem. You will take ownership of tasks, communicate progress clearly, and help deliver high-quality outcomes on time. We are looking for a proactive, detail-oriented candidate with strong communication skills. Key skills include: Git, Cloud, Python, Linux, SQL, Docker. You will join a supportive team with opportunities to learn and grow. Tags: student, junior, entry-level, career. You will help maintain documentation, track metrics, and support regular check-ins with the team.","['student', 'junior', 'career', 'entry-level']"
2226,BI Analyst (junior full-time),data,On-site - Tel Aviv,junior full-time,nonprofit,"['Excel', 'ETL', 'NumPy', 'Python', 'Statistics', 'SQL', 'A/B Testing']","BI Analyst (junior full-time) role in the data domain (junior full-time) at a nonprofit organization. Location: On-site - Tel Aviv. You will assist with planning and reporting, and ensure smooth collaboration across teams. You should be reliable, collaborative, and able to manage multiple tasks in parallel. Key skills include: NumPy, SQL, Python, ETL, Excel, A/B Testing. You will work in a fast-paced setting with room to take initiative and make an impact. Tags: career, junior, entry-level, student. You will help maintain documentation, track metrics, and support regular check-ins with the team.","['student', 'junior', 'career', 'entry-level']"
1763,Junior Data Scientist (junior full-time),data,Remote (EU time),junior full-time,corporate,"['Python', 'Excel', 'Data Visualization', 'NumPy', 'ETL', 'Machine Learning', 'SQL']","Junior Data Scientist (junior full-time) role in the data domain (junior full-time) at a corporate organization. Location: Remote (EU time). You will work closely with cross-functional teams, analyze needs, and translate them into actionable steps. We value problem-solving, ownership, and the ability to work independently when needed. Key skills include: NumPy, Data Visualization, Machine Learning, Python, Excel, SQL. You will gain practical experience and build a strong foundation for your career. Tags: entry-level, junior, student, career. You will help maintain documentation, track metrics, and support regular check-ins with the team.","['student', 'junior', 'career', 'entry-level']"
2894,Software Engineer (student part-time),tech,Hybrid - Tel Aviv,student part-time,corporate,"['Python', 'Linux', 'APIs', 'React', 'Testing', 'Cloud', 'SQL']","Software Engineer (student part-time) role in the tech domain (student part-time) at a corporate organization. Location: Hybrid - Tel Aviv. You will work closely with cross-functional teams, analyze needs, and translate them into actionable steps. We value problem-solving, ownership, and the ability to work independently when needed. Key skills include: APIs, React, SQL, Cloud, Python, Linux. You will join a supportive team with opportunities to learn and grow. Tags: entry-level, student, junior, career. You will help maintain documentation, track metrics, and support regular check-ins with the team.","['student', 'junior', 'career', 'entry-level']"
5711,Junior Data Scientist (contract),data,On-site - Jerusalem,contract,SMB,"['A/B Testing', 'Excel', 'Pandas', 'Data Visualization', 'Machine Learning', 'Statistics', 'Python']","Junior Data Scientist (contract) role in the data domain (contract) at a SMB organization. Location: On-site - Jerusalem. You will help run operations, document workflows, and drive continuous improvement initiatives. We value problem-solving, ownership, and the ability to work independently when needed. Key skills include: Machine Learning, Python, Excel, A/B Testing, Pandas, Data Visualization. You will join a supportive team with opportunities to learn and grow. Tags: career, junior, entry-level, student. You will help maintain documentation, track metrics, and support regular check-ins with the team.","['student', 'junior', 'career', 'entry-level']"
7687,Junior Data Scientist (contract),data,Remote,contract,agency,"['A/B Testing', 'SQL', 'Statistics', 'Pandas', 'NumPy', 'Data Visualization', 'Machine Learning']","Junior Data Scientist (contract) role in the data domain (contract) at a agency organization. Location: Remote. You will support day-to-day execution, coordinate stakeholders, and contribute to process improvements. The ideal candidate is organized, curious, and comfortable learning new tools quickly. Key skills include: A/B Testing, Machine Learning, Statistics, SQL, NumPy, Data Visualization. You will work in a fast-paced setting with room to take initiative and make an impact. Tags: career, student, entry-level, junior. You will help maintain documentation, track metrics, and support regular check-ins with the team.","['student', 'junior', 'career', 'entry-level']"
9070,Junior Data Scientist (junior full-time),data,Hybrid - Herzliya,junior full-time,corporate,"['SQL', 'Pandas', 'Machine Learning', 'ETL', 'Statistics', 'NumPy', 'Python']","Junior Data Scientist (junior full-time) role in the data domain (junior full-time) at a corporate organization. Location: Hybrid - Herzliya. You will assist with planning and reporting, and ensure smooth collaboration across teams. You should be reliable, collaborative, and able to manage multiple tasks in parallel. Key skills include: SQL, Python, Pandas, Statistics, ETL, Machine Learning. You will gain practical experience and build a strong foundation for your career. Tags: entry-level, junior, career, student. You will help maintain documentation, track metrics, and support regular check-ins with the team.","['student', 'junior', 'career', 'entry-level']"
9254,Frontend Developer (internship),tech,Remote (EU time),internship,nonprofit,"['Testing', 'Linux', 'JavaScript', 'Git', 'Cloud', 'Docker', 'Python']","Frontend Developer (internship) role in the tech domain (internship) at a nonprofit organization. Location: Remote (EU time). You will take ownership of tasks, communicate progress clearly, and help deliver high-quality outcomes on time. You should be reliable, collaborative, and able to manage multiple tasks in parallel. Key skills include: Docker, Cloud, Testing, Linux, JavaScript, Git. This role offers hands-on experience in a dynamic environment and exposure to real business challenges. Tags: junior, student, career, entry-level. You will help maintain documentation, track metrics, and support regular check-ins with the team.","['student', 'junior', 'career', 'entry-level']"
1722,Backend Developer (contract),tech,On-site - Tel Aviv,contract,agency,"['Docker', 'Git', 'JavaScript', 'Python', 'Cloud', 'SQL', 'React']","Backend Developer (contract) role in the tech domain (contract) at a agency organization. Location: On-site - Tel Aviv. You will work closely with cross-functional teams, analyze needs, and translate them into actionable steps. We value problem-solving, ownership, and the ability to work independently when needed. Key skills include: Cloud, React, JavaScript, SQL, Python, Git. You will join a supportive team with opportunities to learn and grow. Tags: career, entry-level, junior, student. You will help maintain documentation, track metrics, and support regular check-ins with the team.","['student', 'junior', 'career', 'entry-level']"
4498,BI Analyst (student part-time),data,On-site - Jerusalem,student part-time,SMB,"['NumPy', 'Excel', 'Python', 'Pandas', 'ETL', 'A/B Testing', 'SQL']","BI Analyst (student part-time) role in the data domain (student part-time) at a SMB organization. Location: On-site - Jerusalem. You will work closely with cross-functional teams, analyze needs, and translate them into actionable steps. You should be reliable, collaborative, and able to manage multiple tasks in parallel. Key skills include: ETL, NumPy, SQL, A/B Testing, Pandas, Python. You will gain practical experience and build a strong foundation for your career. Tags: junior, entry-level, career, student. You will help maintain documentation, track metrics, and support regular check-ins with the team.","['student', 'junior', 'career', 'entry-level']"
8504,Software Engineer (internship),tech,Remote (EU time),internship,nonprofit,"['APIs', 'Docker', 'Git', 'React', 'Python', 'Linux', 'Testing']","Software Engineer (internship) role in the tech domain (internship) at a nonprofit organization. Location: Remote (EU time). You will work closely with cross-functional teams, analyze needs, and translate them into actionable steps. We are looking for a proactive, detail-oriented candidate with strong communication skills. Key skills include: APIs, Testing, Git, Python, Linux, React. You will join a supportive team with opportunities to learn and grow. Tags: career, student, junior, entry-level. You will help maintain documentation, track metrics, and support regular check-ins with the team.","['student', 'junior', 'career', 'entry-level']"
5103,Junior Data Scientist (student part-time),data,On-site - Tel Aviv,student part-time,startup,"['Machine Learning', 'A/B Testing', 'NumPy', 'Pandas', 'Excel', 'Python', 'SQL']","Junior Data Scientist (student part-time) role in the data domain (student part-time) at a startup organization. Location: On-site - Tel Aviv. You will support day-to-day execution, coordinate stakeholders, and contribute to process improvements. We value problem-solving, ownership, and the ability to work independently when needed. Key skills include: SQL, NumPy, A/B Testing, Excel, Pandas, Machine Learning. You will join a supportive team with opportunities to learn and grow. Tags: entry-level, career, student, junior. You will help maintain documentation, track metrics, and support regular check-ins with the team.","['student', 'junior', 'career', 'entry-level']"
6558,Backend Developer (junior full-time),tech,On-site - Tel Aviv,junior full-time,corporate,"['APIs', 'Python', 'Cloud', 'JavaScript', 'Git', 'Linux', 'React']","Backend Developer (junior full-time) role in the tech domain (junior full-time) at a corporate organization. Location: On-site - Tel Aviv. You will take ownership of tasks, communicate progress clearly, and help deliver high-quality outcomes on time. We value problem-solving, ownership, and the ability to work independently when needed. Key skills include: Git, React, Python, JavaScript, Cloud, APIs. You will gain practical experience and build a strong foundation for your career. Tags: entry-level, student, career, junior. You will help maintain documentation, track metrics, and support regular check-ins with the team.","['student', 'junior', 'career', 'entry-level']"
9683,Data Analyst (junior full-time),data,Hybrid - Tel Aviv,junior full-time,SMB,"['Data Visualization', 'Statistics', 'ETL', 'Excel', 'A/B Testing', 'SQL', 'Pandas']","Data Analyst (junior full-time) role in the data domain (junior full-time) at a SMB organization. Location: Hybrid - Tel Aviv. You will help run operations, document workflows, and drive continuous improvement initiatives. We value problem-solving, ownership, and the ability to work independently when needed. Key skills include: A/B Testing, Pandas, Excel, Data Visualization, Statistics, SQL. This role offers hands-on experience in a dynamic environment and exposure to real business challenges. Tags: career, student, entry-level, junior. You will help maintain documentation, track metrics, and support regular check-ins with the team.","['student', 'junior', 'career', 'entry-level']"
9529,Software Engineer (student part-time),tech,On-site - Tel Aviv,student part-time,nonprofit,"['Testing', 'SQL', 'Linux', 'JavaScript', 'APIs', 'Docker', 'Git']","Software Engineer (student part-time) role in the tech domain (student part-time) at a nonprofit organization. Location: On-site - Tel Aviv. You will support day-to-day execution, coordinate stakeholders, and contribute to process improvements. The ideal candidate is organized, curious, and comfortable learning new tools quickly. Key skills include: SQL, Docker, Linux, JavaScript, APIs, Git. This role offers hands-on experience in a dynamic environment and exposure to real business challenges. Tags: student, junior, entry-level, career. You will help maintain documentation, track metrics, and support regular check-ins with the team.","['student', 'junior', 'career', 'entry-level']"
5628,BI Analyst (student part-time),data,Remote,student part-time,agency,"['Python', 'Pandas', 'A/B Testing', 'Excel', 'SQL', 'Machine Learning', 'Data Visualization']","BI Analyst (student part-time) role in the data domain (student part-time) at a agency organization. Location: Remote. You will support day-to-day execution, coordinate stakeholders, and contribute to process improvements. The ideal candidate is organized, curious, and comfortable learning new tools quickly. Key skills include: Excel, A/B Testing, SQL, Data Visualization, Machine Learning, Python. You will gain practical experience and build a strong foundation for your career. Tags: junior, career, entry-level, student. You will help maintain documentation, track metrics, and support regular check-ins with the team.","['student', 'junior', 'career', 'entry-level']"
8007,Frontend Developer (junior full-time),tech,Remote,junior full-time,SMB,"['React', 'Docker', 'Cloud', 'Python', 'Git', 'APIs', 'JavaScript']","Frontend Developer (junior full-time) role in the tech domain (junior full-time) at a SMB organization. Location: Remote. You will support day-to-day execution, coordinate stakeholders, and contribute to process improvements. You should be reliable, collaborative, and able to manage multiple tasks in parallel. Key skills include: React, Git, Python, Docker, APIs, JavaScript. You will work in a fast-paced setting with room to take initiative and make an impact. Tags: student, career, junior, entry-level. You will help maintain documentation, track metrics, and support regular check-ins with the team.","['student', 'junior', 'career', 'entry-level']"
219,Backend Developer (contract),tech,On-site - Jerusalem,contract,agency,"['Python', 'Cloud', 'Docker', 'Testing', 'Linux', 'Git', 'React']","Backend Developer (contract) role in the tech domain (contract) at a agency organization. Location: On-site - Jerusalem. You will support day-to-day execution, coordinate stakeholders, and contribute to process improvements. The ideal candidate is organized, curious, and comfortable learning new tools quickly. Key skills include: Python, Docker, React, Linux, Cloud, Testing. You will gain practical experience and build a strong foundation for your career. Tags: entry-level, student, junior, career. You will help maintain documentation, track metrics, and support regular check-ins with the team.","['student', 'junior', 'career', 'entry-level']"
9567,Frontend Developer (student part-time),tech,Hybrid - Tel Aviv,student part-time,agency,"['Linux', 'Git', 'Docker', 'APIs', 'Testing', 'Python', 'JavaScript']","Frontend Developer (student part-time) role in the tech domain (student part-time) at a agency organization. Location: Hybrid - Tel Aviv. You will support day-to-day execution, coordinate stakeholders, and contribute to process improvements. We value problem-solving, ownership, and the ability to work independently when needed. Key skills include: APIs, Testing, Python, Docker, Linux, Git. You will work in a fast-paced setting with room to take initiative and make an impact. Tags: junior, career, entry-level, student. You will help maintain documentation, track metrics, and support regular check-ins with the team.","['student', 'junior', 'career', 'entry-level']"
6257,BI Analyst (contract),data,Hybrid - Herzliya,contract,SMB,"['A/B Testing', 'Python', 'Data Visualization', 'SQL', 'ETL', 'Machine Learning', 'NumPy']","BI Analyst (contract) role in the data domain (contract) at a SMB organization. Location: Hybrid - Herzliya. You will assist with planning and reporting, and ensure smooth collaboration across teams. We value problem-solving, ownership, and the ability to work independently when needed. Key skills include: NumPy, Machine Learning, A/B Testing, Python, ETL, Data Visualization. This role offers hands-on experience in a dynamic environment and exposure to real business challenges. Tags: entry-level, junior, career, student. You will help maintain documentation, track metrics, and support regular check-ins with the team.","['student', 'junior', 'career', 'entry-level']"
988,QA Engineer (junior full-time),tech,Remote,junior full-time,corporate,"['JavaScript', 'Testing', 'Cloud', 'React', 'Linux', 'Git', 'SQL']","QA Engineer (junior full-time) role in the tech domain (junior full-time) at a corporate organization. Location: Remote. You will take ownership of tasks, communicate progress clearly, and help deliver high-quality outcomes on time. We value problem-solving, ownership, and the ability to work independently when needed. Key skills include: SQL, Git, Linux, JavaScript, React, Cloud. This role offers hands-on experience in a dynamic environment and exposure to real business challenges. Tags: junior, entry-level, career, student. You will help maintain documentation, track metrics, and support regular check-ins with the team.","['student', 'junior', 'career', 'entry-level']"
2079,Frontend Developer (contract),tech,On-site - Tel Aviv,contract,nonprofit,"['Docker', 'Python', 'React', 'Testing', 'Git', 'Cloud', 'APIs']","Frontend Developer (contract) role in the tech domain (contract) at a nonprofit organization. Location: On-site - Tel Aviv. You will work closely with cross-functional teams, analyze needs, and translate them into actionable steps. You should be reliable, collaborative, and able to manage multiple tasks in parallel. Key skills include: APIs, Git, Docker, Testing, React, Python. This role offers hands-on experience in a dynamic environment and exposure to real business challenges. Tags: career, junior, entry-level, student. You will help maintain documentation, track metrics, and support regular check-ins with the team.","['student', 'junior', 'career', 'entry-level']"
8114,Data Analyst (internship),data,Remote,internship,agency,"['Machine Learning', 'SQL', 'Excel', 'Statistics', 'ETL', 'Data Visualization', 'Pandas']","Data Analyst (internship) role in the data domain (internship) at a agency organization. Location: Remote. You will help run operations, document workflows, and drive continuous improvement initiatives. You should be reliable, collaborative, and able to manage multiple tasks in parallel. Key skills include: Data Visualization, Statistics, Pandas, Machine Learning, SQL, ETL. You will work in a fast-paced setting with room to take initiative and make an impact. Tags: career, junior, student, entry-level. You will help maintain documentation, track metrics, and support regular check-ins with the team.","['student', 'junior', 'career', 'entry-level']"
6071,Backend Developer (contract),tech,Remote,contract,agency,"['Python', 'SQL', 'JavaScript', 'Testing', 'Linux', 'Docker', 'Cloud']","Backend Developer (contract) role in the tech domain (contract) at a agency organization. Location: Remote. You will assist with planning and reporting, and ensure smooth collaboration across teams. We are looking for a proactive, detail-oriented candidate with strong communication skills. Key skills include: JavaScript, Testing, Docker, Linux, Cloud, SQL. You will gain practical experience and build a strong foundation for your career. Tags: career, entry-level, junior, student. You will help maintain documentation, track metrics, and support regular check-ins with the team.","['student', 'junior', 'career', 'entry-level']"
2282,BI Analyst (contract),data,Remote,contract,startup,"['ETL', 'Python', 'Machine Learning', 'A/B Testing', 'SQL', 'Excel', 'Data Visualization']","BI Analyst (contract) role in the data domain (contract) at a startup organization. Location: Remote. You will work closely with cross-functional teams, analyze needs, and translate them into actionable steps. We are looking for a proactive, detail-oriented candidate with strong communication skills. Key skills include: A/B Testing, Excel, Data Visualization, Python, Machine Learning, ETL. You will gain practical experience and build a strong foundation for your career. Tags: junior, career, entry-level, student. You will help maintain documentation, track metrics, and support regular check-ins with the team.","['student', 'junior', 'career', 'entry-level']"
25,Junior Data Scientist (student part-time),data,Remote,student part-time,agency,"['SQL', 'NumPy', 'Python', 'Statistics', 'ETL', 'A/B Testing', 'Pandas']","Junior Data Scientist (student part-time) role in the data domain (student part-time) at a agency organization. Location: Remote. You will help run operations, document workflows, and drive continuous improvement initiatives. You should be reliable, collaborative, and able to manage multiple tasks in parallel. Key skills include: SQL, ETL, Statistics, Pandas, Python, A/B Testing. This role offers hands-on experience in a dynamic environment and exposure to real business challenges. Tags: student, entry-level, career, junior. You will help maintain documentation, track metrics, and support regular check-ins with the team.","['student', 'junior', 'career', 'entry-level']"
9979,Data Analyst (contract),data,Remote,contract,agency,"['NumPy', 'Statistics', 'Pandas', 'Data Visualization', 'Machine Learning', 'Python', 'ETL']","Data Analyst (contract) role in the data domain (contract) at a agency organization. Location: Remote. You will assist with planning and reporting, and ensure smooth collaboration across teams. You should be reliable, collaborative, and able to manage multiple tasks in parallel. Key skills include: ETL, Pandas, NumPy, Data Visualization, Statistics, Python. You will join a supportive team with opportunities to learn and grow. Tags: career, student, entry-level, junior. You will help maintain documentation, track metrics, and support regular check-ins with the team.","['student', 'junior', 'career', 'entry-level']"
7230,Software Engineer (student part-time),tech,On-site - Jerusalem,student part-time,corporate,"['JavaScript', 'Docker', 'Linux', 'React', 'Testing', 'Cloud', 'SQL']","Software Engineer (student part-time) role in the tech domain (student part-time) at a corporate organization. Location: On-site - Jerusalem. You will assist with planning and reporting, and ensure smooth collaboration across teams. We value problem-solving, ownership, and the ability to work independently when needed. Key skills include: Cloud, Testing, React, Linux, SQL, JavaScript. You will work in a fast-paced setting with room to take initiative and make an impact. Tags: junior, career, student, entry-level. You will help maintain documentation, track metrics, and support regular check-ins with the team.","['student', 'junior', 'career', 'entry-level']"
8623,Junior Data Scientist (student part-time),data,Remote,student part-time,agency,"['SQL', 'Machine Learning', 'A/B Testing', 'Statistics', 'NumPy', 'Python', 'Excel']","Junior Data Scientist (student part-time) role in the data domain (student part-time) at a agency organization. Location: Remote. You will support day-to-day execution, coordinate stakeholders, and contribute to process improvements. We are looking for a proactive, detail-oriented candidate with strong communication skills. Key skills include: Statistics, Machine Learning, NumPy, SQL, Python, Excel. You will join a supportive team with opportunities to learn and grow. Tags: entry-level, career, student, junior. You will help maintain documentation, track metrics, and support regular check-ins with the team.","['student', 'junior', 'career', 'entry-level']"
7447,BI Analyst (internship),data,On-site - Jerusalem,internship,corporate,"['ETL', 'SQL', 'A/B Testing', 'Excel', 'NumPy', 'Pandas', 'Data Visualization']","BI Analyst (internship) role in the data domain (internship) at a corporate organization. Location: On-site - Jerusalem. You will work closely with cross-functional teams, analyze needs, and translate them into actionable steps. We value problem-solving, ownership, and the ability to work independently when needed. Key skills include: ETL, SQL, Data Visualization, A/B Testing, Excel, Pandas. You will gain practical experience and build a strong foundation for your career. Tags: junior, career, entry-level, student. You will help maintain documentation, track metrics, and support regular check-ins with the team.","['student', 'junior', 'career', 'entry-level']"
2389,Data Analyst (student part-time),data,Remote,student part-time,corporate,"['NumPy', 'SQL', 'A/B Testing', 'Excel', 'Data Visualization', 'Statistics', 'Machine Learning']","Data Analyst (student part-time) role in the data domain (student part-time) at a corporate organization. Location: Remote. You will help run operations, document workflows, and drive continuous improvement initiatives. The ideal candidate is organized, curious, and comfortable learning new tools quickly. Key skills include: Machine Learning, A/B Testing, Statistics, NumPy, Data Visualization, Excel. This role offers hands-on experience in a dynamic environment and exposure to real business challenges. Tags: entry-level, student, career, junior. You will help maintain documentation, track metrics, and support regular check-ins with the team.","['student', 'junior', 'career', 'entry-level']"
7422,Frontend Developer (contract),tech,On-site - Tel Aviv,contract,corporate,"['Git', 'Docker', 'Testing', 'JavaScript', 'Cloud', 'Python', 'Linux']","Frontend Developer (contract) role in the tech domain (contract) at a corporate organization. Location: On-site - Tel Aviv. You will assist with planning and reporting, and ensure smooth collaboration across teams. You should be reliable, collaborative, and able to manage multiple tasks in parallel. Key skills include: Docker, Git, JavaScript, Python, Linux, Testing. You will work in a fast-paced setting with room to take initiative and make an impact. Tags: career, junior, student, entry-level. You will help maintain documentation, track metrics, and support regular check-ins with the team.","['student', 'junior', 'career', 'entry-level']"
5747,Data Analyst (student part-time),data,On-site - Jerusalem,student part-time,nonprofit,"['Statistics', 'A/B Testing', 'NumPy', 'Excel', 'Pandas', 'SQL', 'Machine Learning']","Data Analyst (student part-time) role in the data domain (student part-time) at a nonprofit organization. Location: On-site - Jerusalem. You will take ownership of tasks, communicate progress clearly, and help deliver high-quality outcomes on time. We are looking for a proactive, detail-oriented candidate with strong communication skills. Key skills include: Machine Learning, Pandas, Statistics, A/B Testing, SQL, Excel. You will work in a fast-paced setting with room to take initiative and make an impact. Tags: entry-level, career, junior, student. You will help maintain documentation, track metrics, and support regular check-ins with the team.","['student', 'junior', 'career', 'entry-level']"
1443,BI Analyst (junior full-time),data,Hybrid - Tel Aviv,junior full-time,startup,"['Data Visualization', 'Machine Learning', 'Pandas', 'A/B Testing', 'NumPy', 'Excel', 'ETL']","BI Analyst (junior full-time) role in the data domain (junior full-time) at a startup organization. Location: Hybrid - Tel Aviv. You will help run operations, document workflows, and drive continuous improvement initiatives. We are looking for a proactive, detail-oriented candidate with strong communication skills. Key skills include: Excel, A/B Testing, Machine Learning, Pandas, Data Visualization, ETL. This role offers hands-on experience in a dynamic environment and exposure to real business challenges. Tags: entry-level, junior, career, student. You will help maintain documentation, track metrics, and support regular check-ins with the team.","['student', 'junior', 'career', 'entry-level']"
8738,Software Engineer (internship),tech,Remote (EU time),internship,nonprofit,"['Git', 'Cloud', 'Testing', 'Linux', 'React', 'SQL', 'JavaScript']","Software Engineer (internship) role in the tech domain (internship) at a nonprofit organization. Location: Remote (EU time). You will assist with planning and reporting, and ensure smooth collaboration across teams. We are looking for a proactive, detail-oriented candidate with strong communication skills. Key skills include: React, Linux, Git, Testing, JavaScript, Cloud. This role offers hands-on experience in a dynamic environment and exposure to real business challenges. Tags: entry-level, student, junior, career. You will help maintain documentation, track metrics, and support regular check-ins with the team.","['student', 'junior', 'career', 'entry-level']"
9214,Junior Data Scientist (internship),data,Remote,internship,SMB,"['Data Visualization', 'Statistics', 'NumPy', 'Machine Learning', 'Excel', 'SQL', 'Pandas']","Junior Data Scientist (internship) role in the data domain (internship) at a SMB organization. Location: Remote. You will support day-to-day execution, coordinate stakeholders, and contribute to process improvements. We value problem-solving, ownership, and the ability to work independently when needed. Key skills include: NumPy, Machine Learning, Statistics, SQL, Pandas, Excel. You will join a supportive team with opportunities to learn and grow. Tags: career, junior, student, entry-level. You will help maintain documentation, track metrics, and support regular check-ins with the team.","['student', 'junior', 'career', 'entry-level']"
6239,Software Engineer (contract),tech,On-site - Tel Aviv,contract,nonprofit,"['Testing', 'Docker', 'React', 'Linux', 'APIs', 'Python', 'Cloud']","Software Engineer (contract) role in the tech domain (contract) at a nonprofit organization. Location: On-site - Tel Aviv. You will work closely with cross-functional teams, analyze needs, and translate them into actionable steps. We are looking for a proactive, detail-oriented candidate with strong communication skills. Key skills include: APIs, Testing, Cloud, Python, React, Docker. You will gain practical experience and build a strong foundation for your career. Tags: junior, student, career, entry-level. You will help maintain documentation, track metrics, and support regular check-ins with the team.","['student', 'junior', 'career', 'entry-level']"
942,Data Analyst (internship),data,Hybrid - Tel Aviv,internship,SMB,"['Excel', 'Pandas', 'Machine Learning', 'ETL', 'Data Visualization', 'A/B Testing', 'Python']","Data Analyst (internship) role in the data domain (internship) at a SMB organization. Location: Hybrid - Tel Aviv. You will assist with planning and reporting, and ensure smooth collaboration across teams. You should be reliable, collaborative, and able to manage multiple tasks in parallel. Key skills include: Machine Learning, Pandas, Python, Data Visualization, ETL, A/B Testing. You will gain practical experience and build a strong foundation for your career. Tags: career, student, entry-level, junior. You will help maintain documentation, track metrics, and support regular check-ins with the team.","['student', 'junior', 'career', 'entry-level']"
2286,BI Analyst (student part-time),data,On-site - Tel Aviv,student part-time,startup,"['A/B Testing', 'NumPy', 'Data Visualization', 'Excel', 'ETL', 'Machine Learning', 'Python']","BI Analyst (student part-time) role in the data domain (student part-time) at a startup organization. Location: On-site - Tel Aviv. You will help run operations, document workflows, and drive continuous improvement initiatives. The ideal candidate is organized, curious, and comfortable learning new tools quickly. Key skills include: A/B Testing, Python, Excel, Machine Learning, ETL, Data Visualization. You will work in a fast-paced setting with room to take initiative and make an impact. Tags: career, junior, entry-level, student. You will help maintain documentation, track metrics, and support regular check-ins with the team.","['student', 'junior', 'career', 'entry-level']"
5121,Frontend Developer (junior full-time),tech,On-site - Tel Aviv,junior full-time,corporate,"['Git', 'React', 'APIs', 'SQL', 'JavaScript', 'Linux', 'Testing']","Frontend Developer (junior full-time) role in the tech domain (junior full-time) at a corporate organization. Location: On-site - Tel Aviv. You will assist with planning and reporting, and ensure smooth collaboration across teams. We are looking for a proactive, detail-oriented candidate with strong communication skills. Key skills include: Testing, JavaScript, APIs, React, Linux, SQL. You will work in a fast-paced setting with room to take initiative and make an impact. Tags: career, student, entry-level, junior. You will help maintain documentation, track metrics, and support regular check-ins with the team.","['student', 'junior', 'career', 'entry-level']"
2225,Backend Developer (contract),tech,Hybrid - Tel Aviv,contract,corporate,"['Testing', 'APIs', 'Docker', 'Linux', 'React', 'SQL', 'Python']","Backend Developer (contract) role in the tech domain (contract) at a corporate organization. Location: Hybrid - Tel Aviv. You will assist with planning and reporting, and ensure smooth collaboration across teams. We are looking for a proactive, detail-oriented candidate with strong communication skills. Key skills include: React, Linux, Docker, Python, Testing, APIs. This role offers hands-on experience in a dynamic environment and exposure to real business challenges. Tags: career, junior, student, entry-level. You will help maintain documentation, track metrics, and support regular check-ins with the team.","['student', 'junior', 'career', 'entry-level']"
2988,Software Engineer (contract),tech,Hybrid - Herzliya,contract,startup,"['SQL', 'Docker', 'Cloud', 'Python', 'Linux', 'APIs', 'Git']","Software Engineer (contract) role in the tech domain (contract) at a startup organization. Location: Hybrid - Herzliya. You will support day-to-day execution, coordinate stakeholders, and contribute to process improvements. The ideal candidate is organized, curious, and comfortable learning new tools quickly. Key skills include: Docker, Python, SQL, Git, Cloud, Linux. You will gain practical experience and build a strong foundation for your career. Tags: career, student, entry-level, junior. You will help maintain documentation, track metrics, and support regular check-ins with the team.","['student', 'junior', 'career', 'entry-level']"
7298,Frontend Developer (student part-time),tech,Remote (EU time),student part-time,corporate,"['Git', 'Docker', 'React', 'SQL', 'Testing', 'Python', 'JavaScript']","Frontend Developer (student part-time) role in the tech domain (student part-time) at a corporate organization. Location: Remote (EU time). You will support day-to-day execution, coordinate stakeholders, and contribute to process improvements. We are looking for a proactive, detail-oriented candidate with strong communication skills. Key skills include: JavaScript, Git, Python, Testing, Docker, React. You will work in a fast-paced setting with room to take initiative and make an impact. Tags: entry-level, junior, career, student. You will help maintain documentation, track metrics, and support regular check-ins with the team.","['student', 'junior', 'career', 'entry-level']"
3264,Data Analyst (student part-time),data,Remote,student part-time,agency,"['ETL', 'SQL', 'A/B Testing', 'Statistics', 'NumPy', 'Data Visualization', 'Excel']","Data Analyst (student part-time) role in the data domain (student part-time) at a agency organization. Location: Remote. You will work closely with cross-functional teams, analyze needs, and translate them into actionable steps. We value problem-solving, ownership, and the ability to work independently when needed. Key skills include: ETL, SQL, A/B Testing, Statistics, NumPy, Excel. This role offers hands-on experience in a dynamic environment and exposure to real business challenges. Tags: career, entry-level, junior, student. You will help maintain documentation, track metrics, and support regular check-ins with the team.","['student', 'junior', 'career', 'entry-level']"
5597,QA Engineer (junior full-time),tech,On-site - Jerusalem,junior full-time,corporate,"['JavaScript', 'Git', 'Cloud', 'Python', 'React', 'Linux', 'SQL']","QA Engineer (junior full-time) role in the tech domain (junior full-time) at a corporate organization. Location: On-site - Jerusalem. You will support day-to-day execution, coordinate stakeholders, and contribute to process improvements. You should be reliable, collaborative, and able to manage multiple tasks in parallel. Key skills include: Linux, SQL, React, Git, Cloud, JavaScript. You will join a supportive team with opportunities to learn and grow. Tags: student, career, entry-level, junior. You will help maintain documentation, track metrics, and support regular check-ins with the team.","['student', 'junior', 'career', 'entry-level']"
4987,Data Analyst (contract),data,Hybrid - Herzliya,contract,SMB,"['Data Visualization', 'SQL', 'Python', 'Machine Learning', 'A/B Testing', 'ETL', 'Excel']","Data Analyst (contract) role in the data domain (contract) at a SMB organization. Location: Hybrid - Herzliya. You will assist with planning and reporting, and ensure smooth collaboration across teams. The ideal candidate is organized, curious, and comfortable learning new tools quickly. Key skills include: Python, Machine Learning, Data Visualization, A/B Testing, SQL, Excel. This role offers hands-on experience in a dynamic environment and exposure to real business challenges. Tags: student, career, entry-level, junior. You will help maintain documentation, track metrics, and support regular check-ins with the team.","['student', 'junior', 'career', 'entry-level']"
166,QA Engineer (internship),tech,Remote,internship,startup,"['Cloud', 'Git', 'SQL', 'Docker', 'Testing', 'Linux', 'Python']","QA Engineer (internship) role in the tech domain (internship) at a startup organization. Location: Remote. You will assist with planning and reporting, and ensure smooth collaboration across teams. We are looking for a proactive, detail-oriented candidate with strong communication skills. Key skills include: Linux, Testing, Python, SQL, Docker, Cloud. This role offers hands-on experience in a dynamic environment and exposure to real business challenges. Tags: career, entry-level, student, junior. You will help maintain documentation, track metrics, and support regular check-ins with the team.","['student', 'junior', 'career', 'entry-level']"
856,BI Analyst (student part-time),data,On-site - Jerusalem,student part-time,SMB,"['Machine Learning', 'Statistics', 'Pandas', 'Excel', 'A/B Testing', 'NumPy', 'Python']","BI Analyst (student part-time) role in the data domain (student part-time) at a SMB organization. Location: On-site - Jerusalem. You will help run operations, document workflows, and drive continuous improvement initiatives. The ideal candidate is organized, curious, and comfortable learning new tools quickly. Key skills include: Excel, Statistics, Pandas, Machine Learning, Python, NumPy. You will work in a fast-paced setting with room to take initiative and make an impact. Tags: junior, student, entry-level, career. You will help maintain documentation, track metrics, and support regular check-ins with the team.","['student', 'junior', 'career', 'entry-level']"
2206,Backend Developer (student part-time),tech,Hybrid - Herzliya,student part-time,corporate,"['Git', 'Cloud', 'JavaScript', 'Linux', 'Docker', 'Testing', 'React']","Backend Developer (student part-time) role in the tech domain (student part-time) at a corporate organization. Location: Hybrid - Herzliya. You will take ownership of tasks, communicate progress clearly, and help deliver high-quality outcomes on time. You should be reliable, collaborative, and able to manage multiple tasks in parallel. Key skills include: Cloud, Git, Testing, Docker, JavaScript, React. You will join a supportive team with opportunities to learn and grow. Tags: student, entry-level, junior, career. You will help maintain documentation, track metrics, and support regular check-ins with the team.","['student', 'junior', 'career', 'entry-level']"
7052,Data Analyst (internship),data,Remote,internship,corporate,"['A/B Testing', 'Machine Learning', 'Pandas', 'ETL', 'SQL', 'NumPy', 'Statistics']","Data Analyst (internship) role in the data domain (internship) at a corporate organization. Location: Remote. You will help run operations, document workflows, and drive continuous improvement initiatives. The ideal candidate is organized, curious, and comfortable learning new tools quickly. Key skills include: NumPy, ETL, Pandas, Statistics, Machine Learning, SQL. You will work in a fast-paced setting with room to take initiative and make an impact. Tags: junior, student, career, entry-level. You will help maintain documentation, track metrics, and support regular check-ins with the team.","['student', 'junior', 'career', 'entry-level']"
9684,Junior Data Scientist (junior full-time),data,Remote (EU time),junior full-time,agency,"['Pandas', 'SQL', 'Machine Learning', 'Excel', 'A/B Testing', 'NumPy', 'ETL']","Junior Data Scientist (junior full-time) role in the data domain (junior full-time) at a agency organization. Location: Remote (EU time). You will assist with planning and reporting, and ensure smooth collaboration across teams. We are looking for a proactive, detail-oriented candidate with strong communication skills. Key skills include: ETL, Excel, SQL, NumPy, A/B Testing, Machine Learning. This role offers hands-on experience in a dynamic environment and exposure to real business challenges. Tags: career, entry-level, junior, student. You will help maintain documentation, track metrics, and support regular check-ins with the team.","['student', 'junior', 'career', 'entry-level']"
8763,Backend Developer (junior full-time),tech,Remote (EU time),junior full-time,SMB,"['Linux', 'APIs', 'SQL', 'React', 'Testing', 'Docker', 'Git']","Backend Developer (junior full-time) role in the tech domain (junior full-time) at a SMB organization. Location: Remote (EU time). You will assist with planning and reporting, and ensure smooth collaboration across teams. We are looking for a proactive, detail-oriented candidate with strong communication skills. Key skills include: APIs, Linux, Docker, Testing, SQL, Git. You will join a supportive team with opportunities to learn and grow. Tags: junior, career, entry-level, student. You will help maintain documentation, track metrics, and support regular check-ins with the team.","['student', 'junior', 'career', 'entry-level']"
3876,QA Engineer (contract),tech,Hybrid - Herzliya,contract,corporate,"['Docker', 'Python', 'Linux', 'Testing', 'APIs', 'JavaScript', 'React']","QA Engineer (contract) role in the tech domain (contract) at a corporate organization. Location: Hybrid - Herzliya. You will help run operations, document workflows, and drive continuous improvement initiatives. The ideal candidate is organized, curious, and comfortable learning new tools quickly. Key skills include: Docker, React, APIs, JavaScript, Testing, Linux. You will gain practical experience and build a strong foundation for your career. Tags: entry-level, career, student, junior. You will help maintain documentation, track metrics, and support regular check-ins with the team.","['student', 'junior', 'career', 'entry-level']"
8364,Software Engineer (contract),tech,Remote (EU time),contract,agency,"['Cloud', 'SQL', 'Git', 'Testing', 'JavaScript', 'React', 'Linux']","Software Engineer (contract) role in the tech domain (contract) at a agency organization. Location: Remote (EU time). You will assist with planning and reporting, and ensure smooth collaboration across teams. You should be reliable, collaborative, and able to manage multiple tasks in parallel. Key skills include: Linux, React, Testing, JavaScript, SQL, Git. This role offers hands-on experience in a dynamic environment and exposure to real business challenges. Tags: entry-level, career, student, junior. You will help maintain documentation, track metrics, and support regular check-ins with the team.","['student', 'junior', 'career', 'entry-level']"
9339,Backend Developer (junior full-time),tech,Remote,junior full-time,corporate,"['APIs', 'Linux', 'Docker', 'React', 'SQL', 'Python', 'JavaScript']","Backend Developer (junior full-time) role in the tech domain (junior full-time) at a corporate organization. Location: Remote. You will help run operations, document workflows, and drive continuous improvement initiatives. The ideal candidate is organized, curious, and comfortable learning new tools quickly. Key skills include: Linux, Docker, SQL, React, JavaScript, Python. You will gain practical experience and build a strong foundation for your career. Tags: junior, entry-level, student, career. You will help maintain documentation, track metrics, and support regular check-ins with the team.","['student', 'junior', 'career', 'entry-level']"
2767,Junior Data Scientist (internship),data,Hybrid - Tel Aviv,internship,nonprofit,"['Data Visualization', 'SQL', 'Excel', 'A/B Testing', 'Statistics', 'Machine Learning', 'Python']","Junior Data Scientist (internship) role in the data domain (internship) at a nonprofit organization. Location: Hybrid - Tel Aviv. You will work closely with cross-functional teams, analyze needs, and translate them into actionable steps. We value problem-solving, ownership, and the ability to work independently when needed. Key skills include: Python, SQL, Data Visualization, Statistics, A/B Testing, Excel. You will join a supportive team with opportunities to learn and grow. Tags: entry-level, junior, career, student. You will help maintain documentation, track metrics, and support regular check-ins with the team.","['student', 'junior', 'career', 'entry-level']"
8930,Junior Data Scientist (internship),data,Hybrid - Herzliya,internship,startup,"['A/B Testing', 'NumPy', 'Pandas', 'Data Visualization', 'Excel', 'Statistics', 'Machine Learning']","Junior Data Scientist (internship) role in the data domain (internship) at a startup organization. Location: Hybrid - Herzliya. You will help run operations, document workflows, and drive continuous improvement initiatives. The ideal candidate is organized, curious, and comfortable learning new tools quickly. Key skills include: Excel, A/B Testing, NumPy, Statistics, Data Visualization, Machine Learning. You will gain practical experience and build a strong foundation for your career. Tags: entry-level, student, junior, career. You will help maintain documentation, track metrics, and support regular check-ins with the team.","['student', 'junior', 'career', 'entry-level']"
9884,Junior Data Scientist (junior full-time),data,Hybrid - Herzliya,junior full-time,nonprofit,"['Excel', 'Machine Learning', 'Data Visualization', 'A/B Testing', 'ETL', 'Statistics', 'NumPy']","Junior Data Scientist (junior full-time) role in the data domain (junior full-time) at a nonprofit organization. Location: Hybrid - Herzliya. You will help run operations, document workflows, and drive continuous improvement initiatives. We value problem-solving, ownership, and the ability to work independently when needed. Key skills include: Machine Learning, Data Visualization, A/B Testing, NumPy, Excel, ETL. You will gain practical experience and build a strong foundation for your career. Tags: junior, student, entry-level, career. You will help maintain documentation, track metrics, and support regular check-ins with the team.","['student', 'junior', 'career', 'entry-level']"
4104,Data Analyst (internship),data,Remote,internship,nonprofit,"['NumPy', 'Pandas', 'Excel', 'Python', 'Statistics', 'SQL', 'Machine Learning']","Data Analyst (internship) role in the data domain (internship) at a nonprofit organization. Location: Remote. You will take ownership of tasks, communicate progress clearly, and help deliver high-quality outcomes on time. You should be reliable, collaborative, and able to manage multiple tasks in parallel. Key skills include: NumPy, Statistics, Excel, Pandas, Python, Machine Learning. You will gain practical experience and build a strong foundation for your career. Tags: career, entry-level, junior, student. You will help maintain documentation, track metrics, and support regular check-ins with the team.","['student', 'junior', 'career', 'entry-level']"
4030,Junior Data Scientist (junior full-time),data,Hybrid - Tel Aviv,junior full-time,corporate,"['Statistics', 'A/B Testing', 'ETL', 'Pandas', 'Python', 'Machine Learning', 'NumPy']","Junior Data Scientist (junior full-time) role in the data domain (junior full-time) at a corporate organization. Location: Hybrid - Tel Aviv. You will support day-to-day execution, coordinate stakeholders, and contribute to process improvements. We value problem-solving, ownership, and the ability to work independently when needed. Key skills include: NumPy, A/B Testing, ETL, Python, Machine Learning, Statistics. You will join a supportive team with opportunities to learn and grow. Tags: career, student, junior, entry-level. You will help maintain documentation, track metrics, and support regular check-ins with the team.","['student', 'junior', 'career', 'entry-level']"
